date,demand (MW)
2022-01-01T01:00:00-05:00,22451.58
2022-01-01T12:00:00-05:00,25025.77
2022-01-01T14:00:00-05:00,24608.14
2022-01-01T17:00:00-05:00,25509.64
2022-01-01T19:00:00-05:00,25463.21
2022-01-01T23:00:00-05:00,23453.35
2022-01-02T00:00:00-05:00,22873.28
2022-01-02T02:00:00-05:00,22704.2
2022-01-02T03:00:00-05:00,22916.41
2022-01-02T07:00:00-05:00,25810.06
2022-01-02T08:00:00-05:00,26673.95
2022-01-02T11:00:00-05:00,28762.28
2022-01-02T14:00:00-05:00,28575.73
2022-01-02T15:00:00-05:00,28388.89
2022-01-02T17:00:00-05:00,30236.08
2022-01-02T22:00:00-05:00,29522.21
2022-01-03T00:00:00-05:00,28237.26
2022-01-03T01:00:00-05:00,28167.45
2022-01-03T03:00:00-05:00,28723.72
2022-01-03T04:00:00-05:00,29296.39
2022-01-03T05:00:00-05:00,29968.14
2022-01-03T06:00:00-05:00,31106.37
2022-01-03T09:00:00-05:00,33771.72
2022-01-03T14:00:00-05:00,30380.62
2022-01-03T17:00:00-05:00,33748.13
2022-01-04T00:00:00-05:00,31854.84
2022-01-04T01:00:00-05:00,31658.51
2022-01-04T02:00:00-05:00,31507.57
2022-01-04T04:00:00-05:00,31628.55
2022-01-04T07:00:00-05:00,33551.06
2022-01-04T09:00:00-05:00,34850.2
2022-01-04T10:00:00-05:00,34568.59
2022-01-04T13:00:00-05:00,33412.49
2022-01-04T14:00:00-05:00,32928.52
2022-01-04T16:00:00-05:00,32803.56
2022-01-04T18:00:00-05:00,33472.19
2022-01-04T19:00:00-05:00,32829.06
2022-01-04T21:00:00-05:00,30971.69
2022-01-05T03:00:00-05:00,26848.5
2022-01-05T05:00:00-05:00,27390.41
2022-01-05T07:00:00-05:00,29640.4
2022-01-05T09:00:00-05:00,31074.21
2022-01-05T10:00:00-05:00,30694.22
2022-01-05T13:00:00-05:00,28550.24
2022-01-05T16:00:00-05:00,29018.11
2022-01-05T17:00:00-05:00,30132.28
2022-01-05T19:00:00-05:00,30088.42
2022-01-06T05:00:00-05:00,25146.17
2022-01-06T09:00:00-05:00,29278.05
2022-01-06T12:00:00-05:00,29104.01
2022-01-06T13:00:00-05:00,28619.38
2022-01-06T14:00:00-05:00,28775.3
2022-01-06T19:00:00-05:00,30814.65
2022-01-06T20:00:00-05:00,30347.73
2022-01-06T22:00:00-05:00,29133.57
2022-01-07T00:00:00-05:00,27086.17
2022-01-07T01:00:00-05:00,26711.68
2022-01-07T02:00:00-05:00,26628.72
2022-01-07T06:00:00-05:00,28482.73
2022-01-07T07:00:00-05:00,30087.57
2022-01-07T10:00:00-05:00,31263.78
2022-01-07T11:00:00-05:00,30693.85
2022-01-07T13:00:00-05:00,29983.34
2022-01-07T14:00:00-05:00,29573.74
2022-01-07T17:00:00-05:00,31058.0
2022-01-07T19:00:00-05:00,31543.59
2022-01-07T22:00:00-05:00,30378.36
2022-01-08T05:00:00-05:00,30632.97
2022-01-08T07:00:00-05:00,33006.92
2022-01-08T08:00:00-05:00,34050.76
2022-01-08T09:00:00-05:00,33857.03
2022-01-08T11:00:00-05:00,32173.23
2022-01-08T17:00:00-05:00,33518.5
2022-01-08T23:00:00-05:00,30554.31
2022-01-09T01:00:00-05:00,29056.9
2022-01-09T04:00:00-05:00,28436.4
2022-01-09T08:00:00-05:00,29511.23
2022-01-09T11:00:00-05:00,30890.54
2022-01-09T13:00:00-05:00,30829.73
2022-01-09T15:00:00-05:00,29490.63
2022-01-09T18:00:00-05:00,30163.59
2022-01-09T20:00:00-05:00,28729.07
2022-01-09T21:00:00-05:00,28185.14
2022-01-10T01:00:00-05:00,26014.76
2022-01-10T03:00:00-05:00,27005.57
2022-01-10T05:00:00-05:00,28431.62
2022-01-10T07:00:00-05:00,31744.96
2022-01-10T12:00:00-05:00,31015.67
2022-01-10T15:00:00-05:00,30652.0
2022-01-10T19:00:00-05:00,35112.78
2022-01-10T20:00:00-05:00,34877.26
2022-01-10T22:00:00-05:00,33842.49
2022-01-11T03:00:00-05:00,33548.57
2022-01-11T05:00:00-05:00,34230.29
2022-01-11T07:00:00-05:00,37844.73
2022-01-11T12:00:00-05:00,35385.1
2022-01-11T13:00:00-05:00,35140.77
2022-01-11T14:00:00-05:00,34927.83
2022-01-11T17:00:00-05:00,38227.06
2022-01-11T20:00:00-05:00,38976.5
2022-01-11T22:00:00-05:00,36782.16
2022-01-12T02:00:00-05:00,34225.82
2022-01-12T04:00:00-05:00,33926.94
2022-01-12T05:00:00-05:00,33868.77
2022-01-12T08:00:00-05:00,37446.86
2022-01-12T11:00:00-05:00,35869.64
2022-01-12T12:00:00-05:00,35900.25
2022-01-12T13:00:00-05:00,35581.92
2022-01-12T17:00:00-05:00,35484.02
2022-01-12T19:00:00-05:00,35057.28
2022-01-13T05:00:00-05:00,30121.03
2022-01-13T11:00:00-05:00,32934.85
2022-01-13T14:00:00-05:00,32303.78
2022-01-13T16:00:00-05:00,32345.16
2022-01-13T20:00:00-05:00,32541.41
2022-01-13T22:00:00-05:00,30672.08
2022-01-13T23:00:00-05:00,29327.65
2022-01-14T01:00:00-05:00,27797.3
2022-01-14T02:00:00-05:00,27400.75
2022-01-14T07:00:00-05:00,30237.7
2022-01-14T09:00:00-05:00,32417.02
2022-01-14T13:00:00-05:00,29430.97
2022-01-14T19:00:00-05:00,34780.11
2022-01-14T20:00:00-05:00,35034.97
2022-01-15T00:00:00-05:00,33398.51
2022-01-15T05:00:00-05:00,34931.97
2022-01-15T13:00:00-05:00,34553.0
2022-01-15T16:00:00-05:00,34660.44
2022-01-15T18:00:00-05:00,37928.36
2022-01-15T19:00:00-05:00,37656.75
2022-01-15T21:00:00-05:00,36817.39
2022-01-15T22:00:00-05:00,36288.36
2022-01-16T07:00:00-05:00,37181.01
2022-01-16T08:00:00-05:00,37750.76
2022-01-16T12:00:00-05:00,34206.05
2022-01-16T14:00:00-05:00,32521.28
2022-01-16T20:00:00-05:00,35948.81
2022-01-16T21:00:00-05:00,35370.91
2022-01-16T22:00:00-05:00,34464.51
2022-01-17T01:00:00-05:00,32123.16
2022-01-17T02:00:00-05:00,32067.54
2022-01-17T10:00:00-05:00,34971.04
2022-01-17T11:00:00-05:00,34459.46
2022-01-17T14:00:00-05:00,32915.52
2022-01-17T16:00:00-05:00,32233.29
2022-01-17T17:00:00-05:00,33030.42
2022-01-17T21:00:00-05:00,30938.48
2022-01-17T23:00:00-05:00,28683.21
2022-01-18T00:00:00-05:00,27973.51
2022-01-18T12:00:00-05:00,30919.02
2022-01-18T15:00:00-05:00,30421.71
2022-01-18T18:00:00-05:00,35883.82
2022-01-18T21:00:00-05:00,34834.91
2022-01-19T00:00:00-05:00,32585.26
2022-01-19T02:00:00-05:00,32432.03
2022-01-19T06:00:00-05:00,34015.11
2022-01-19T17:00:00-05:00,36285.07
2022-01-19T19:00:00-05:00,36197.25
2022-01-19T21:00:00-05:00,34265.84
2022-01-19T23:00:00-05:00,31440.87
2022-01-20T00:00:00-05:00,30198.81
2022-01-20T03:00:00-05:00,29548.2
2022-01-20T06:00:00-05:00,32018.93
2022-01-20T08:00:00-05:00,35686.75
2022-01-20T09:00:00-05:00,35419.66
2022-01-20T10:00:00-05:00,33616.49
2022-01-20T13:00:00-05:00,30929.36
2022-01-20T15:00:00-05:00,30580.18
2022-01-20T17:00:00-05:00,34376.44
2022-01-20T18:00:00-05:00,36341.43
2022-01-20T20:00:00-05:00,36207.69
2022-01-20T22:00:00-05:00,35151.24
2022-01-21T02:00:00-05:00,33725.04
2022-01-21T06:00:00-05:00,36401.39
2022-01-21T11:00:00-05:00,36035.59
2022-01-21T15:00:00-05:00,33172.87
2022-01-21T16:00:00-05:00,33964.65
2022-01-21T18:00:00-05:00,38125.85
2022-01-21T20:00:00-05:00,37549.38
2022-01-21T21:00:00-05:00,37063.3
2022-01-21T22:00:00-05:00,36494.14
2022-01-22T00:00:00-05:00,35103.59
2022-01-22T02:00:00-05:00,35186.71
2022-01-22T04:00:00-05:00,35688.16
2022-01-22T11:00:00-05:00,36121.75
2022-01-22T13:00:00-05:00,34311.16
2022-01-22T19:00:00-05:00,36601.72
2022-01-23T02:00:00-05:00,31697.96
2022-01-23T06:00:00-05:00,32252.84
2022-01-23T10:00:00-05:00,33172.82
2022-01-23T13:00:00-05:00,30160.87
2022-01-23T17:00:00-05:00,32081.88
2022-01-23T20:00:00-05:00,34013.6
2022-01-23T23:00:00-05:00,32037.22
2022-01-24T01:00:00-05:00,31929.67
2022-01-24T02:00:00-05:00,32320.73
2022-01-24T08:00:00-05:00,39228.3
2022-01-24T11:00:00-05:00,35144.98
2022-01-24T12:00:00-05:00,34232.38
2022-01-24T13:00:00-05:00,33374.02
2022-01-24T15:00:00-05:00,33261.71
2022-01-24T17:00:00-05:00,35677.8
2022-01-24T20:00:00-05:00,35785.67
2022-01-24T22:00:00-05:00,33686.96
2022-01-25T00:00:00-05:00,31889.3
2022-01-25T01:00:00-05:00,31416.67
2022-01-25T04:00:00-05:00,31706.6
2022-01-25T05:00:00-05:00,32218.64
2022-01-25T06:00:00-05:00,33184.82
2022-01-25T07:00:00-05:00,34778.79
2022-01-25T09:00:00-05:00,35700.51
2022-01-25T11:00:00-05:00,32766.03
2022-01-25T13:00:00-05:00,31139.48
2022-01-25T14:00:00-05:00,30607.87
2022-01-25T16:00:00-05:00,31054.37
2022-01-25T19:00:00-05:00,34806.1
2022-01-26T04:00:00-05:00,32702.48
2022-01-26T06:00:00-05:00,34896.05
2022-01-26T07:00:00-05:00,36750.39
2022-01-26T11:00:00-05:00,34447.72
2022-01-26T15:00:00-05:00,32209.69
2022-01-26T18:00:00-05:00,37861.31
2022-01-26T22:00:00-05:00,36460.24
2022-01-27T00:00:00-05:00,35185.04
2022-01-27T04:00:00-05:00,35853.99
2022-01-27T06:00:00-05:00,37511.53
2022-01-27T10:00:00-05:00,37967.92
2022-01-27T12:00:00-05:00,35879.05
2022-01-27T16:00:00-05:00,34477.16
2022-01-27T17:00:00-05:00,35564.14
2022-01-27T18:00:00-05:00,36142.83
2022-01-27T22:00:00-05:00,32836.14
2022-01-28T00:00:00-05:00,30166.24
2022-01-28T04:00:00-05:00,29387.64
2022-01-28T05:00:00-05:00,29509.64
2022-01-28T06:00:00-05:00,30618.67
2022-01-28T08:00:00-05:00,34532.62
2022-01-28T11:00:00-05:00,31825.4
2022-01-28T13:00:00-05:00,30363.79
2022-01-28T15:00:00-05:00,29854.0
2022-01-28T17:00:00-05:00,32782.87
2022-01-28T19:00:00-05:00,35033.29
2022-01-28T20:00:00-05:00,34939.31
2022-01-29T02:00:00-05:00,33323.54
2022-01-29T11:00:00-05:00,36245.26
2022-01-29T13:00:00-05:00,34674.17
2022-01-29T14:00:00-05:00,34443.44
2022-01-29T16:00:00-05:00,34410.06
2022-01-29T21:00:00-05:00,34184.51
2022-01-30T00:00:00-05:00,32202.02
2022-01-30T09:00:00-05:00,34882.0
2022-01-30T10:00:00-05:00,33760.34
2022-01-30T16:00:00-05:00,30709.66
2022-01-30T17:00:00-05:00,32534.77
2022-01-30T20:00:00-05:00,33957.39
2022-01-30T23:00:00-05:00,31388.53
2022-01-31T02:00:00-05:00,30730.99
2022-01-31T03:00:00-05:00,31120.74
2022-01-31T05:00:00-05:00,32222.94
2022-01-31T06:00:00-05:00,33461.96
2022-01-31T08:00:00-05:00,36793.47
2022-01-31T09:00:00-05:00,36211.57
2022-01-31T11:00:00-05:00,32827.21
2022-01-31T14:00:00-05:00,29994.06
2022-01-31T17:00:00-05:00,32534.74
2022-01-31T19:00:00-05:00,34743.94
2022-02-01T00:00:00-05:00,31767.33
2022-02-01T03:00:00-05:00,32119.17
2022-02-01T08:00:00-05:00,37684.75
2022-02-01T12:00:00-05:00,31610.96
2022-02-01T15:00:00-05:00,29777.88
2022-02-01T17:00:00-05:00,32307.62
2022-02-01T18:00:00-05:00,33959.56
2022-02-01T20:00:00-05:00,32756.58
2022-02-02T09:00:00-05:00,30187.85
2022-02-02T11:00:00-05:00,28491.83
2022-02-02T13:00:00-05:00,26687.51
2022-02-02T14:00:00-05:00,25967.59
2022-02-02T16:00:00-05:00,26193.03
2022-02-02T19:00:00-05:00,28455.45
2022-02-02T20:00:00-05:00,27804.53
2022-02-02T21:00:00-05:00,27085.05
2022-02-02T23:00:00-05:00,24975.76
2022-02-03T02:00:00-05:00,23536.54
2022-02-03T05:00:00-05:00,23953.27
2022-02-03T10:00:00-05:00,28724.73
2022-02-03T12:00:00-05:00,28094.86
2022-02-03T14:00:00-05:00,28012.62
2022-02-03T15:00:00-05:00,28477.85
2022-02-03T19:00:00-05:00,31667.98
2022-02-03T21:00:00-05:00,31093.64
2022-02-03T22:00:00-05:00,30652.65
2022-02-03T23:00:00-05:00,29751.45
2022-02-04T03:00:00-05:00,29187.12
2022-02-04T07:00:00-05:00,33342.17
2022-02-04T10:00:00-05:00,34714.5
2022-02-04T11:00:00-05:00,33975.88
2022-02-04T13:00:00-05:00,33062.95
2022-02-04T16:00:00-05:00,33157.82
2022-02-04T18:00:00-05:00,34900.79
2022-02-04T19:00:00-05:00,34412.58
2022-02-04T22:00:00-05:00,32314.97
2022-02-04T23:00:00-05:00,31205.74
2022-02-05T00:00:00-05:00,30332.06
2022-02-05T01:00:00-05:00,30019.3
2022-02-05T02:00:00-05:00,29754.16
2022-02-05T11:00:00-05:00,31005.89
2022-02-05T16:00:00-05:00,29326.04
2022-02-06T03:00:00-05:00,32247.54
2022-02-06T05:00:00-05:00,32936.44
2022-02-06T14:00:00-05:00,32484.41
2022-02-07T00:00:00-05:00,29425.52
2022-02-07T12:00:00-05:00,29237.36
2022-02-07T14:00:00-05:00,28400.32
2022-02-07T21:00:00-05:00,29944.54
2022-02-08T01:00:00-05:00,26602.82
2022-02-08T02:00:00-05:00,26535.6
2022-02-08T07:00:00-05:00,30395.23
2022-02-08T08:00:00-05:00,31658.14
2022-02-08T14:00:00-05:00,27901.61
2022-02-08T16:00:00-05:00,28258.84
2022-02-08T18:00:00-05:00,30475.36
2022-02-08T22:00:00-05:00,28099.06
2022-02-08T23:00:00-05:00,26765.48
2022-02-09T00:00:00-05:00,25835.7
2022-02-09T01:00:00-05:00,25520.48
2022-02-09T09:00:00-05:00,29359.25
2022-02-09T12:00:00-05:00,25665.01
2022-02-09T19:00:00-05:00,28590.85
2022-02-09T20:00:00-05:00,28073.62
2022-02-09T23:00:00-05:00,25302.91
2022-02-10T00:00:00-05:00,24201.63
2022-02-10T01:00:00-05:00,23630.29
2022-02-10T10:00:00-05:00,26950.96
2022-02-10T11:00:00-05:00,26559.56
2022-02-10T14:00:00-05:00,25477.67
2022-02-10T15:00:00-05:00,25266.88
2022-02-10T16:00:00-05:00,25416.5
2022-02-10T22:00:00-05:00,25737.14
2022-02-11T00:00:00-05:00,23669.82
2022-02-11T01:00:00-05:00,23126.35
2022-02-11T02:00:00-05:00,22898.51
2022-02-11T07:00:00-05:00,26282.59
2022-02-11T09:00:00-05:00,27822.27
2022-02-11T10:00:00-05:00,27295.47
2022-02-11T11:00:00-05:00,26263.11
2022-02-11T15:00:00-05:00,25455.65
2022-02-11T17:00:00-05:00,26320.93
2022-02-11T18:00:00-05:00,27221.37
2022-02-11T21:00:00-05:00,25652.48
2022-02-11T22:00:00-05:00,24822.56
2022-02-12T00:00:00-05:00,23046.5
2022-02-12T03:00:00-05:00,22188.86
2022-02-12T13:00:00-05:00,25921.91
2022-02-12T20:00:00-05:00,29767.66
2022-02-13T01:00:00-05:00,28791.14
2022-02-13T09:00:00-05:00,33526.08
2022-02-13T10:00:00-05:00,32666.22
2022-02-13T12:00:00-05:00,31696.04
2022-02-13T15:00:00-05:00,29767.67
2022-02-13T16:00:00-05:00,30113.34
2022-02-13T20:00:00-05:00,34071.27
2022-02-13T21:00:00-05:00,33648.48
2022-02-14T00:00:00-05:00,31591.01
2022-02-14T01:00:00-05:00,31473.12
2022-02-14T02:00:00-05:00,31621.69
2022-02-14T03:00:00-05:00,31874.8
2022-02-14T05:00:00-05:00,32640.88
2022-02-14T09:00:00-05:00,36728.44
2022-02-14T11:00:00-05:00,33384.38
2022-02-14T12:00:00-05:00,32040.39
2022-02-14T13:00:00-05:00,31493.25
2022-02-14T16:00:00-05:00,31083.8
2022-02-14T18:00:00-05:00,35370.53
2022-02-14T19:00:00-05:00,35593.32
2022-02-14T20:00:00-05:00,35487.92
2022-02-14T23:00:00-05:00,33210.0
2022-02-15T00:00:00-05:00,32249.28
2022-02-15T02:00:00-05:00,32395.39
2022-02-15T04:00:00-05:00,32579.66
2022-02-15T05:00:00-05:00,33381.34
2022-02-15T09:00:00-05:00,36411.02
2022-02-15T10:00:00-05:00,34239.86
2022-02-15T13:00:00-05:00,30761.96
2022-02-15T17:00:00-05:00,31701.41
2022-02-16T00:00:00-05:00,31685.89
2022-02-16T02:00:00-05:00,31837.96
2022-02-16T06:00:00-05:00,33309.87
2022-02-16T07:00:00-05:00,35223.5
2022-02-16T08:00:00-05:00,36085.79
2022-02-16T09:00:00-05:00,35686.2
2022-02-16T10:00:00-05:00,34701.84
2022-02-16T16:00:00-05:00,29856.47
2022-02-16T18:00:00-05:00,31806.53
2022-02-16T22:00:00-05:00,28191.5
2022-02-16T23:00:00-05:00,26708.24
2022-02-17T03:00:00-05:00,23601.07
2022-02-17T06:00:00-05:00,24570.11
2022-02-17T07:00:00-05:00,26263.85
2022-02-17T11:00:00-05:00,27253.49
2022-02-17T14:00:00-05:00,26625.8
2022-02-17T17:00:00-05:00,27088.71
2022-02-17T23:00:00-05:00,25877.59
2022-02-18T00:00:00-05:00,25305.22
2022-02-18T01:00:00-05:00,25126.62
2022-02-18T02:00:00-05:00,25178.48
2022-02-18T03:00:00-05:00,25561.99
2022-02-18T04:00:00-05:00,25830.95
2022-02-18T06:00:00-05:00,27947.19
2022-02-18T13:00:00-05:00,27846.91
2022-02-18T14:00:00-05:00,27531.78
2022-02-18T15:00:00-05:00,27406.1
2022-02-18T17:00:00-05:00,29677.0
2022-02-18T19:00:00-05:00,32543.12
2022-02-18T20:00:00-05:00,32400.66
2022-02-19T01:00:00-05:00,29829.48
2022-02-19T09:00:00-05:00,33146.42
2022-02-19T10:00:00-05:00,33080.14
2022-02-19T15:00:00-05:00,29297.74
2022-02-19T17:00:00-05:00,30628.19
2022-02-19T21:00:00-05:00,31698.32
2022-02-19T22:00:00-05:00,31183.57
2022-02-20T02:00:00-05:00,29917.45
2022-02-20T09:00:00-05:00,31880.29
2022-02-20T15:00:00-05:00,30756.94
2022-02-20T19:00:00-05:00,32432.58
2022-02-20T23:00:00-05:00,28000.64
2022-02-21T05:00:00-05:00,25491.98
2022-02-21T10:00:00-05:00,27833.06
2022-02-21T13:00:00-05:00,26775.72
2022-02-21T16:00:00-05:00,27663.16
2022-02-21T18:00:00-05:00,30709.66
2022-02-21T19:00:00-05:00,31055.31
2022-02-22T01:00:00-05:00,27834.1
2022-02-22T02:00:00-05:00,27841.88
2022-02-22T08:00:00-05:00,33651.24
2022-02-22T12:00:00-05:00,31493.12
2022-02-22T14:00:00-05:00,31077.43
2022-02-22T15:00:00-05:00,31103.77
2022-02-22T17:00:00-05:00,32785.8
2022-02-22T18:00:00-05:00,33750.23
2022-02-22T19:00:00-05:00,33212.25
2022-02-22T23:00:00-05:00,28344.02
2022-02-23T02:00:00-05:00,26102.06
2022-02-23T03:00:00-05:00,25743.29
2022-02-23T06:00:00-05:00,26792.85
2022-02-23T07:00:00-05:00,28543.71
2022-02-23T14:00:00-05:00,28434.74
2022-02-23T17:00:00-05:00,30697.48
2022-02-23T22:00:00-05:00,31970.77
2022-02-24T00:00:00-05:00,30260.18
2022-02-24T02:00:00-05:00,29871.4
2022-02-24T03:00:00-05:00,30126.29
2022-02-24T04:00:00-05:00,30661.34
2022-02-24T11:00:00-05:00,31261.21
2022-02-24T13:00:00-05:00,29524.1
2022-02-24T14:00:00-05:00,28823.04
2022-02-24T15:00:00-05:00,28354.05
2022-02-24T22:00:00-05:00,32480.55
2022-02-25T02:00:00-05:00,30480.12
2022-02-25T08:00:00-05:00,36169.27
2022-02-25T13:00:00-05:00,35214.76
2022-02-25T17:00:00-05:00,34584.53
2022-02-25T22:00:00-05:00,33773.28
2022-02-25T23:00:00-05:00,32754.08
2022-02-26T08:00:00-05:00,34917.08
2022-02-26T14:00:00-05:00,28053.3
2022-02-26T15:00:00-05:00,27423.98
2022-02-26T17:00:00-05:00,28938.28
2022-02-26T22:00:00-05:00,29284.53
2022-02-26T23:00:00-05:00,28543.89
2022-02-27T08:00:00-05:00,28717.81
2022-02-27T10:00:00-05:00,29000.76
2022-02-27T13:00:00-05:00,27507.45
2022-02-27T15:00:00-05:00,26467.48
2022-02-27T17:00:00-05:00,27752.55
2022-02-27T18:00:00-05:00,29921.78
2022-02-27T19:00:00-05:00,31027.89
2022-02-27T20:00:00-05:00,30783.31
2022-02-27T21:00:00-05:00,30242.88
2022-02-27T23:00:00-05:00,29336.64
2022-02-28T00:00:00-05:00,28921.18
2022-02-28T04:00:00-05:00,30390.33
2022-02-28T05:00:00-05:00,31374.07
2022-02-28T08:00:00-05:00,34880.58
2022-02-28T11:00:00-05:00,31710.89
2022-02-28T15:00:00-05:00,28975.44
2022-02-28T19:00:00-05:00,34448.3
2022-02-28T20:00:00-05:00,34201.64
2022-03-01T03:00:00-05:00,31518.85
2022-03-01T04:00:00-05:00,32005.31
2022-03-01T07:00:00-05:00,35160.8
2022-03-01T09:00:00-05:00,35147.08
2022-03-01T12:00:00-05:00,32933.67
2022-03-01T16:00:00-05:00,32858.54
2022-03-01T17:00:00-05:00,33534.02
2022-03-01T19:00:00-05:00,34290.55
2022-03-01T22:00:00-05:00,31511.95
2022-03-02T01:00:00-05:00,28941.82
2022-03-02T03:00:00-05:00,28838.11
2022-03-02T04:00:00-05:00,29298.58
2022-03-02T07:00:00-05:00,32975.59
2022-03-02T09:00:00-05:00,32221.96
2022-03-02T11:00:00-05:00,28636.92
2022-03-02T12:00:00-05:00,27785.88
2022-03-02T13:00:00-05:00,27030.43
2022-03-02T14:00:00-05:00,26545.68
2022-03-03T05:00:00-05:00,28307.95
2022-03-03T09:00:00-05:00,30895.15
2022-03-03T10:00:00-05:00,29493.1
2022-03-03T15:00:00-05:00,27612.47
2022-03-03T17:00:00-05:00,29658.41
2022-03-03T19:00:00-05:00,33197.83
2022-03-03T23:00:00-05:00,31839.05
2022-03-04T01:00:00-05:00,31009.49
2022-03-04T05:00:00-05:00,32547.76
2022-03-04T07:00:00-05:00,35320.15
2022-03-04T08:00:00-05:00,35273.41
2022-03-04T09:00:00-05:00,33785.51
2022-03-04T15:00:00-05:00,27963.26
2022-03-04T19:00:00-05:00,31516.74
2022-03-05T02:00:00-05:00,28044.28
2022-03-05T09:00:00-05:00,29461.05
2022-03-05T11:00:00-05:00,27472.28
2022-03-05T12:00:00-05:00,26731.66
2022-03-05T19:00:00-05:00,28431.8
2022-03-05T20:00:00-05:00,27915.38
2022-03-06T17:00:00-05:00,25937.17
2022-03-06T21:00:00-05:00,25594.55
2022-03-07T00:00:00-05:00,23119.01
2022-03-07T01:00:00-05:00,22697.36
2022-03-07T03:00:00-05:00,22286.81
2022-03-07T04:00:00-05:00,22370.62
2022-03-07T05:00:00-05:00,22903.73
2022-03-07T09:00:00-05:00,27348.76
2022-03-07T16:00:00-05:00,27085.72
2022-03-07T17:00:00-05:00,28147.87
2022-03-07T19:00:00-05:00,29123.78
2022-03-07T20:00:00-05:00,28651.32
2022-03-07T21:00:00-05:00,27936.06
2022-03-07T22:00:00-05:00,26950.03
2022-03-08T03:00:00-05:00,24464.55
2022-03-08T08:00:00-05:00,29138.39
2022-03-08T16:00:00-05:00,24734.38
2022-03-08T17:00:00-05:00,25883.28
2022-03-09T01:00:00-05:00,25840.28
2022-03-09T05:00:00-05:00,26450.93
2022-03-09T06:00:00-05:00,27463.93
2022-03-09T07:00:00-05:00,29202.96
2022-03-09T10:00:00-05:00,27099.92
2022-03-09T12:00:00-05:00,25217.27
2022-03-09T14:00:00-05:00,24097.77
2022-03-09T15:00:00-05:00,23863.75
2022-03-09T19:00:00-05:00,27730.63
2022-03-10T01:00:00-05:00,23504.48
2022-03-10T02:00:00-05:00,23406.64
2022-03-10T04:00:00-05:00,23706.49
2022-03-10T06:00:00-05:00,25288.43
2022-03-10T07:00:00-05:00,27105.84
2022-03-10T08:00:00-05:00,27262.5
2022-03-10T11:00:00-05:00,24661.59
2022-03-10T14:00:00-05:00,23220.51
2022-03-10T16:00:00-05:00,23088.06
2022-03-10T19:00:00-05:00,26998.07
2022-03-11T01:00:00-05:00,24195.42
2022-03-11T03:00:00-05:00,24034.26
2022-03-11T04:00:00-05:00,24239.81
2022-03-11T05:00:00-05:00,24748.48
2022-03-11T07:00:00-05:00,27664.31
2022-03-11T09:00:00-05:00,28222.54
2022-03-11T11:00:00-05:00,26217.84
2022-03-11T14:00:00-05:00,25073.78
2022-03-11T15:00:00-05:00,25195.91
2022-03-11T17:00:00-05:00,26832.35
2022-03-11T18:00:00-05:00,27974.34
2022-03-12T01:00:00-05:00,24178.89
2022-03-12T05:00:00-05:00,24377.88
2022-03-12T08:00:00-05:00,26512.4
2022-03-12T09:00:00-05:00,26896.08
2022-03-12T15:00:00-05:00,26999.64
2022-03-12T19:00:00-05:00,28819.84
2022-03-12T21:00:00-05:00,27885.48
2022-03-13T01:00:00-05:00,26028.99
2022-03-13T04:00:00-04:00,26248.22
2022-03-13T05:00:00-04:00,26640.54
2022-03-13T11:00:00-04:00,28044.03
2022-03-13T19:00:00-04:00,28916.25
2022-03-13T22:00:00-04:00,28464.7
2022-03-13T23:00:00-04:00,27581.04
2022-03-14T03:00:00-04:00,25932.07
2022-03-14T04:00:00-04:00,26150.65
2022-03-14T12:00:00-04:00,26531.17
2022-03-14T13:00:00-04:00,25640.62
2022-03-14T15:00:00-04:00,24464.19
2022-03-14T19:00:00-04:00,26849.51
2022-03-14T21:00:00-04:00,26554.72
2022-03-14T23:00:00-04:00,24791.82
2022-03-15T01:00:00-04:00,23167.23
2022-03-15T02:00:00-04:00,22944.68
2022-03-15T04:00:00-04:00,23078.5
2022-03-15T08:00:00-04:00,28272.47
2022-03-15T09:00:00-04:00,27392.93
2022-03-15T10:00:00-04:00,25681.76
2022-03-15T12:00:00-04:00,24226.82
2022-03-15T13:00:00-04:00,23761.68
2022-03-15T14:00:00-04:00,23311.9
2022-03-15T16:00:00-04:00,22924.08
2022-03-15T17:00:00-04:00,24059.94
2022-03-15T18:00:00-04:00,25312.69
2022-03-15T19:00:00-04:00,26011.41
2022-03-16T00:00:00-04:00,24081.5
2022-03-16T12:00:00-04:00,24220.95
2022-03-16T14:00:00-04:00,22831.16
2022-03-16T15:00:00-04:00,22181.05
2022-03-16T17:00:00-04:00,22998.69
2022-03-16T19:00:00-04:00,24833.5
2022-03-16T22:00:00-04:00,24044.81
2022-03-16T23:00:00-04:00,23113.6
2022-03-17T00:00:00-04:00,22210.24
2022-03-17T04:00:00-04:00,21665.91
2022-03-17T06:00:00-04:00,23043.76
2022-03-17T10:00:00-04:00,24783.28
2022-03-17T13:00:00-04:00,22345.69
2022-03-17T14:00:00-04:00,21657.62
2022-03-17T17:00:00-04:00,21407.14
2022-03-17T21:00:00-04:00,22709.25
2022-03-17T22:00:00-04:00,21982.52
2022-03-18T01:00:00-04:00,19447.8
2022-03-18T05:00:00-04:00,19781.76
2022-03-18T07:00:00-04:00,22829.45
2022-03-18T12:00:00-04:00,22632.32
2022-03-18T13:00:00-04:00,22162.3
2022-03-18T14:00:00-04:00,21897.75
2022-03-18T17:00:00-04:00,21728.9
2022-03-18T21:00:00-04:00,22804.58
2022-03-19T01:00:00-04:00,20335.11
2022-03-19T02:00:00-04:00,20135.41
2022-03-19T03:00:00-04:00,20118.13
2022-03-19T04:00:00-04:00,20401.93
2022-03-19T12:00:00-04:00,25808.06
2022-03-19T17:00:00-04:00,24870.69
2022-03-19T19:00:00-04:00,25348.28
2022-03-19T21:00:00-04:00,24698.72
2022-03-20T02:00:00-04:00,21873.16
2022-03-20T03:00:00-04:00,22004.03
2022-03-20T05:00:00-04:00,22214.27
2022-03-20T06:00:00-04:00,22815.59
2022-03-20T09:00:00-04:00,24937.23
2022-03-20T11:00:00-04:00,25358.0
2022-03-20T17:00:00-04:00,24535.83
2022-03-20T19:00:00-04:00,25419.2
2022-03-20T20:00:00-04:00,25688.04
2022-03-21T01:00:00-04:00,22004.1
2022-03-21T04:00:00-04:00,22143.99
2022-03-21T05:00:00-04:00,22615.89
2022-03-21T06:00:00-04:00,23753.06
2022-03-21T09:00:00-04:00,26309.73
2022-03-21T12:00:00-04:00,24012.9
2022-03-21T14:00:00-04:00,23483.52
2022-03-21T16:00:00-04:00,23483.48
2022-03-21T17:00:00-04:00,24027.09
2022-03-21T23:00:00-04:00,24403.53
2022-03-22T04:00:00-04:00,23592.97
2022-03-22T07:00:00-04:00,27725.88
2022-03-22T20:00:00-04:00,25887.82
2022-03-22T23:00:00-04:00,24271.58
2022-03-23T07:00:00-04:00,27491.82
2022-03-23T09:00:00-04:00,27087.98
2022-03-23T10:00:00-04:00,25662.73
2022-03-23T14:00:00-04:00,23663.53
2022-03-23T19:00:00-04:00,24660.54
2022-03-23T20:00:00-04:00,25503.58
2022-03-23T22:00:00-04:00,24741.94
2022-03-24T02:00:00-04:00,22056.93
2022-03-24T05:00:00-04:00,22788.67
2022-03-24T06:00:00-04:00,24003.49
2022-03-24T08:00:00-04:00,27316.26
2022-03-24T09:00:00-04:00,27520.59
2022-03-24T10:00:00-04:00,27182.12
2022-03-24T11:00:00-04:00,26852.95
2022-03-24T17:00:00-04:00,25945.01
2022-03-24T18:00:00-04:00,26458.41
2022-03-24T20:00:00-04:00,26541.55
2022-03-24T22:00:00-04:00,25079.06
2022-03-25T03:00:00-04:00,21680.77
2022-03-25T04:00:00-04:00,21787.12
2022-03-25T07:00:00-04:00,24868.5
2022-03-25T08:00:00-04:00,26427.47
2022-03-25T12:00:00-04:00,26014.05
2022-03-25T13:00:00-04:00,25355.54
2022-03-25T14:00:00-04:00,24516.55
2022-03-25T15:00:00-04:00,23881.23
2022-03-25T21:00:00-04:00,24691.74
2022-03-26T02:00:00-04:00,21892.99
2022-03-26T05:00:00-04:00,21971.76
2022-03-26T08:00:00-04:00,24670.08
2022-03-26T10:00:00-04:00,24445.19
2022-03-26T16:00:00-04:00,22465.71
2022-03-26T23:00:00-04:00,23112.58
2022-03-27T00:00:00-04:00,22318.63
2022-03-27T01:00:00-04:00,21895.2
2022-03-27T02:00:00-04:00,21886.05
2022-03-27T06:00:00-04:00,22742.76
2022-03-27T07:00:00-04:00,23555.76
2022-03-27T08:00:00-04:00,24256.75
2022-03-27T13:00:00-04:00,24636.89
2022-03-27T18:00:00-04:00,26219.81
2022-03-27T20:00:00-04:00,27817.26
2022-03-27T21:00:00-04:00,27745.39
2022-03-28T01:00:00-04:00,25560.18
2022-03-28T04:00:00-04:00,26528.13
2022-03-28T07:00:00-04:00,30860.13
2022-03-28T08:00:00-04:00,32448.62
2022-03-28T10:00:00-04:00,30960.46
2022-03-28T11:00:00-04:00,30110.89
2022-03-28T12:00:00-04:00,29288.75
2022-03-28T13:00:00-04:00,28875.4
2022-03-28T19:00:00-04:00,30927.5
2022-03-28T20:00:00-04:00,31289.9
2022-03-28T21:00:00-04:00,30889.34
2022-03-29T02:00:00-04:00,27106.28
2022-03-29T03:00:00-04:00,27159.56
2022-03-29T05:00:00-04:00,27850.75
2022-03-29T09:00:00-04:00,31743.52
2022-03-29T11:00:00-04:00,29942.86
2022-03-29T13:00:00-04:00,28090.81
2022-03-29T15:00:00-04:00,26549.42
2022-03-29T17:00:00-04:00,26896.73
2022-03-29T19:00:00-04:00,28379.64
2022-03-29T20:00:00-04:00,29021.0
2022-03-29T21:00:00-04:00,28821.87
2022-03-30T03:00:00-04:00,25679.59
2022-03-30T07:00:00-04:00,29815.04
2022-03-30T08:00:00-04:00,30158.88
2022-03-30T10:00:00-04:00,27258.99
2022-03-30T11:00:00-04:00,26186.8
2022-03-30T13:00:00-04:00,24678.02
2022-03-30T14:00:00-04:00,24247.91
2022-03-30T15:00:00-04:00,23683.04
2022-03-30T21:00:00-04:00,26226.6
2022-03-30T22:00:00-04:00,25659.21
2022-03-31T00:00:00-04:00,23647.23
2022-03-31T01:00:00-04:00,23186.15
2022-03-31T14:00:00-04:00,24940.77
2022-03-31T16:00:00-04:00,24690.6
2022-03-31T17:00:00-04:00,24917.56
2022-04-01T05:00:00-04:00,21237.84
2022-04-01T07:00:00-04:00,23925.49
2022-04-01T09:00:00-04:00,24951.02
2022-04-01T10:00:00-04:00,24585.58
2022-04-01T13:00:00-04:00,24266.5
2022-04-01T14:00:00-04:00,23754.34
2022-04-01T15:00:00-04:00,23383.07
2022-04-01T18:00:00-04:00,24990.56
2022-04-01T21:00:00-04:00,25155.12
2022-04-02T01:00:00-04:00,22771.38
2022-04-02T04:00:00-04:00,22983.25
2022-04-02T05:00:00-04:00,23220.94
2022-04-02T06:00:00-04:00,24029.97
2022-04-02T07:00:00-04:00,25080.92
2022-04-02T10:00:00-04:00,24881.17
2022-04-02T11:00:00-04:00,24461.12
2022-04-02T14:00:00-04:00,22541.12
2022-04-02T15:00:00-04:00,21947.48
2022-04-02T20:00:00-04:00,22900.69
2022-04-02T22:00:00-04:00,22647.02
2022-04-03T00:00:00-04:00,21630.0
2022-04-03T01:00:00-04:00,21231.23
2022-04-03T02:00:00-04:00,21086.38
2022-04-03T09:00:00-04:00,23946.22
2022-04-03T11:00:00-04:00,23863.55
2022-04-03T16:00:00-04:00,22619.2
2022-04-03T20:00:00-04:00,24534.76
2022-04-03T21:00:00-04:00,24145.25
2022-04-03T22:00:00-04:00,23351.3
2022-04-04T03:00:00-04:00,21284.91
2022-04-04T04:00:00-04:00,21426.4
2022-04-04T06:00:00-04:00,23410.26
2022-04-04T07:00:00-04:00,25612.58
2022-04-04T08:00:00-04:00,26158.72
2022-04-04T10:00:00-04:00,23896.58
2022-04-04T11:00:00-04:00,23251.85
2022-04-04T14:00:00-04:00,21764.28
2022-04-04T16:00:00-04:00,21195.64
2022-04-04T17:00:00-04:00,21708.77
2022-04-04T21:00:00-04:00,23195.05
2022-04-05T00:00:00-04:00,20625.61
2022-04-05T02:00:00-04:00,20609.38
2022-04-05T04:00:00-04:00,21022.72
2022-04-05T05:00:00-04:00,21677.15
2022-04-05T06:00:00-04:00,23018.62
2022-04-05T08:00:00-04:00,25444.41
2022-04-05T09:00:00-04:00,24235.06
2022-04-05T10:00:00-04:00,23269.59
2022-04-05T16:00:00-04:00,20291.52
2022-04-05T17:00:00-04:00,20692.72
2022-04-05T18:00:00-04:00,21309.42
2022-04-05T19:00:00-04:00,21609.88
2022-04-05T20:00:00-04:00,22131.18
2022-04-05T22:00:00-04:00,21589.93
2022-04-06T02:00:00-04:00,19632.89
2022-04-06T07:00:00-04:00,24211.21
2022-04-06T13:00:00-04:00,21371.69
2022-04-06T16:00:00-04:00,20143.05
2022-04-06T18:00:00-04:00,21240.69
2022-04-06T19:00:00-04:00,21646.21
2022-04-06T20:00:00-04:00,22321.21
2022-04-06T21:00:00-04:00,22080.71
2022-04-06T23:00:00-04:00,20501.83
2022-04-07T01:00:00-04:00,18969.16
2022-04-07T10:00:00-04:00,23902.85
2022-04-07T13:00:00-04:00,23207.27
2022-04-07T17:00:00-04:00,23578.08
2022-04-08T00:00:00-04:00,21893.82
2022-04-08T03:00:00-04:00,21501.09
2022-04-08T04:00:00-04:00,21778.88
2022-04-08T05:00:00-04:00,22199.96
2022-04-08T09:00:00-04:00,26383.7
2022-04-08T12:00:00-04:00,25082.39
2022-04-08T14:00:00-04:00,23381.47
2022-04-08T15:00:00-04:00,23540.27
2022-04-08T16:00:00-04:00,23284.79
2022-04-08T19:00:00-04:00,24144.84
2022-04-08T20:00:00-04:00,24178.53
2022-04-08T23:00:00-04:00,22451.06
2022-04-09T04:00:00-04:00,20736.01
2022-04-09T07:00:00-04:00,22328.65
2022-04-09T12:00:00-04:00,23251.89
2022-04-09T13:00:00-04:00,22763.05
2022-04-09T17:00:00-04:00,22240.83
2022-04-09T20:00:00-04:00,22829.75
2022-04-09T21:00:00-04:00,22571.91
2022-04-10T03:00:00-04:00,20295.07
2022-04-10T04:00:00-04:00,20218.68
2022-04-10T12:00:00-04:00,22670.12
2022-04-10T15:00:00-04:00,21177.43
2022-04-10T19:00:00-04:00,22658.87
2022-04-11T00:00:00-04:00,20549.38
2022-04-11T02:00:00-04:00,20295.76
2022-04-11T03:00:00-04:00,20383.31
2022-04-11T06:00:00-04:00,22418.89
2022-04-11T07:00:00-04:00,24444.86
2022-04-11T08:00:00-04:00,24810.03
2022-04-11T09:00:00-04:00,23853.05
2022-04-11T10:00:00-04:00,23066.43
2022-04-11T13:00:00-04:00,21956.6
2022-04-11T15:00:00-04:00,20664.6
2022-04-11T19:00:00-04:00,21566.58
2022-04-11T22:00:00-04:00,21207.15
2022-04-11T23:00:00-04:00,20225.37
2022-04-12T02:00:00-04:00,18206.82
2022-04-12T05:00:00-04:00,18934.97
2022-04-12T06:00:00-04:00,19815.19
2022-04-12T08:00:00-04:00,22945.78
2022-04-12T16:00:00-04:00,19649.55
2022-04-12T22:00:00-04:00,20475.25
2022-04-13T00:00:00-04:00,18672.54
2022-04-13T02:00:00-04:00,18141.17
2022-04-13T03:00:00-04:00,18177.28
2022-04-13T11:00:00-04:00,21658.85
2022-04-13T16:00:00-04:00,21497.42
2022-04-13T17:00:00-04:00,22078.86
2022-04-13T18:00:00-04:00,22963.61
2022-04-13T19:00:00-04:00,23201.72
2022-04-13T20:00:00-04:00,23161.07
2022-04-13T21:00:00-04:00,22608.54
2022-04-13T22:00:00-04:00,21785.51
2022-04-13T23:00:00-04:00,20734.52
2022-04-14T00:00:00-04:00,19848.41
2022-04-14T03:00:00-04:00,18917.83
2022-04-14T06:00:00-04:00,20214.66
2022-04-14T10:00:00-04:00,22948.95
2022-04-14T12:00:00-04:00,22962.87
2022-04-14T15:00:00-04:00,21936.61
2022-04-14T18:00:00-04:00,22897.44
2022-04-14T23:00:00-04:00,20844.1
2022-04-15T01:00:00-04:00,19505.36
2022-04-15T02:00:00-04:00,19292.88
2022-04-15T04:00:00-04:00,19406.1
2022-04-15T07:00:00-04:00,21616.22
2022-04-15T09:00:00-04:00,21978.57
2022-04-15T11:00:00-04:00,21478.2
2022-04-15T12:00:00-04:00,21432.05
2022-04-15T13:00:00-04:00,21010.05
2022-04-15T15:00:00-04:00,20013.38
2022-04-15T16:00:00-04:00,19856.04
2022-04-16T07:00:00-04:00,20528.88
2022-04-16T08:00:00-04:00,21348.95
2022-04-16T09:00:00-04:00,21828.77
2022-04-16T10:00:00-04:00,21854.68
2022-04-16T16:00:00-04:00,20074.92
2022-04-16T18:00:00-04:00,20738.74
2022-04-16T19:00:00-04:00,21069.64
2022-04-17T01:00:00-04:00,19886.12
2022-04-17T09:00:00-04:00,22225.03
2022-04-17T15:00:00-04:00,21068.11
2022-04-17T20:00:00-04:00,21609.01
2022-04-18T02:00:00-04:00,20275.0
2022-04-18T09:00:00-04:00,22765.49
2022-04-18T10:00:00-04:00,22770.77
2022-04-18T15:00:00-04:00,20338.23
2022-04-18T21:00:00-04:00,22081.74
2022-04-18T23:00:00-04:00,20214.07
2022-04-19T00:00:00-04:00,19290.86
2022-04-19T02:00:00-04:00,18895.03
2022-04-19T06:00:00-04:00,21284.21
2022-04-19T08:00:00-04:00,25159.94
2022-04-19T12:00:00-04:00,25060.96
2022-04-19T13:00:00-04:00,24622.3
2022-04-19T14:00:00-04:00,24318.32
2022-04-19T22:00:00-04:00,24219.04
2022-04-20T03:00:00-04:00,21691.41
2022-04-20T04:00:00-04:00,21557.89
2022-04-20T05:00:00-04:00,21881.44
2022-04-20T08:00:00-04:00,25990.68
2022-04-20T09:00:00-04:00,25669.42
2022-04-20T20:00:00-04:00,23319.11
2022-04-20T23:00:00-04:00,22367.7
2022-04-21T00:00:00-04:00,21580.29
2022-04-21T02:00:00-04:00,21143.86
2022-04-21T03:00:00-04:00,21324.31
2022-04-21T04:00:00-04:00,21576.54
2022-04-21T11:00:00-04:00,23534.69
2022-04-21T14:00:00-04:00,22800.17
2022-04-21T20:00:00-04:00,23845.99
2022-04-21T22:00:00-04:00,22391.38
2022-04-22T04:00:00-04:00,19354.9
2022-04-22T07:00:00-04:00,22085.48
2022-04-22T09:00:00-04:00,22882.64
2022-04-22T22:00:00-04:00,21002.94
2022-04-22T23:00:00-04:00,20436.75
2022-04-23T03:00:00-04:00,19793.75
2022-04-23T04:00:00-04:00,20121.83
2022-04-23T09:00:00-04:00,21831.9
2022-04-23T11:00:00-04:00,21553.99
2022-04-23T12:00:00-04:00,21339.16
2022-04-23T14:00:00-04:00,20271.88
2022-04-23T16:00:00-04:00,19326.46
2022-04-23T20:00:00-04:00,20423.18
2022-04-23T22:00:00-04:00,20295.41
2022-04-24T01:00:00-04:00,19017.03
2022-04-24T04:00:00-04:00,19234.97
2022-04-24T11:00:00-04:00,21763.65
2022-04-24T13:00:00-04:00,20978.09
2022-04-24T19:00:00-04:00,20809.93
2022-04-24T21:00:00-04:00,21061.18
2022-04-24T22:00:00-04:00,20548.23
2022-04-25T06:00:00-04:00,20048.99
2022-04-25T09:00:00-04:00,22507.6
2022-04-25T10:00:00-04:00,21709.21
2022-04-25T16:00:00-04:00,19733.87
2022-04-25T17:00:00-04:00,20214.79
2022-04-26T01:00:00-04:00,17166.18
2022-04-26T05:00:00-04:00,17329.67
2022-04-26T07:00:00-04:00,19804.88
2022-04-26T10:00:00-04:00,20840.07
2022-04-26T11:00:00-04:00,20437.68
2022-04-26T12:00:00-04:00,20297.36
2022-04-26T19:00:00-04:00,21020.04
2022-04-26T23:00:00-04:00,19068.35
2022-04-27T02:00:00-04:00,17356.68
2022-04-27T07:00:00-04:00,20388.93
2022-04-27T16:00:00-04:00,21886.79
2022-04-27T19:00:00-04:00,23241.04
2022-04-27T23:00:00-04:00,21645.55
2022-04-28T01:00:00-04:00,20232.94
2022-04-28T03:00:00-04:00,19952.0
2022-04-28T09:00:00-04:00,23609.23
2022-04-28T18:00:00-04:00,21187.11
2022-04-28T19:00:00-04:00,21371.25
2022-04-28T23:00:00-04:00,21157.91
2022-04-29T02:00:00-04:00,19780.81
2022-04-29T04:00:00-04:00,20186.71
2022-04-29T05:00:00-04:00,20632.49
2022-04-29T09:00:00-04:00,23557.16
2022-04-29T12:00:00-04:00,21817.45
2022-04-29T14:00:00-04:00,20722.47
2022-04-29T15:00:00-04:00,20382.16
2022-04-29T17:00:00-04:00,20380.22
2022-04-29T19:00:00-04:00,20745.39
2022-04-29T20:00:00-04:00,20873.76
2022-04-29T21:00:00-04:00,21139.06
2022-04-29T22:00:00-04:00,20673.38
2022-04-29T23:00:00-04:00,20026.49
2022-04-30T01:00:00-04:00,18723.2
2022-04-30T07:00:00-04:00,20108.84
2022-04-30T08:00:00-04:00,20399.01
2022-04-30T14:00:00-04:00,19177.69
2022-04-30T18:00:00-04:00,18562.76
2022-04-30T19:00:00-04:00,18634.28
2022-04-30T22:00:00-04:00,18723.85
2022-05-01T02:00:00-04:00,17225.66
2022-05-01T05:00:00-04:00,17915.98
2022-05-01T09:00:00-04:00,19103.99
2022-05-01T11:00:00-04:00,19425.11
2022-05-01T13:00:00-04:00,18997.03
2022-05-01T15:00:00-04:00,17913.45
2022-05-01T16:00:00-04:00,17733.85
2022-05-01T20:00:00-04:00,19209.42
2022-05-01T21:00:00-04:00,19238.69
2022-05-01T23:00:00-04:00,17566.26
2022-05-02T10:00:00-04:00,19871.62
2022-05-02T14:00:00-04:00,19164.42
2022-05-02T21:00:00-04:00,19934.12
2022-05-02T23:00:00-04:00,18108.47
2022-05-03T00:00:00-04:00,17050.83
2022-05-03T02:00:00-04:00,16107.25
2022-05-03T03:00:00-04:00,16036.44
2022-05-03T04:00:00-04:00,16127.31
2022-05-03T06:00:00-04:00,17148.69
2022-05-03T08:00:00-04:00,20158.58
2022-05-03T10:00:00-04:00,19931.1
2022-05-03T17:00:00-04:00,18974.64
2022-05-03T20:00:00-04:00,20087.32
2022-05-03T21:00:00-04:00,19859.96
2022-05-03T23:00:00-04:00,17934.48
2022-05-04T01:00:00-04:00,16543.67
2022-05-04T06:00:00-04:00,16892.54
2022-05-04T07:00:00-04:00,18395.67
2022-05-04T09:00:00-04:00,20068.25
2022-05-04T18:00:00-04:00,19692.64
2022-05-04T23:00:00-04:00,18199.73
2022-05-05T00:00:00-04:00,17324.85
2022-05-05T02:00:00-04:00,16752.75
2022-05-05T04:00:00-04:00,17023.15
2022-05-05T05:00:00-04:00,17502.92
2022-05-05T06:00:00-04:00,18451.47
2022-05-05T07:00:00-04:00,19988.23
2022-05-05T08:00:00-04:00,20849.61
2022-05-05T09:00:00-04:00,20684.2
2022-05-05T16:00:00-04:00,18551.74
2022-05-05T17:00:00-04:00,18839.19
2022-05-06T07:00:00-04:00,19854.21
2022-05-06T08:00:00-04:00,20978.76
2022-05-06T12:00:00-04:00,20030.55
2022-05-06T14:00:00-04:00,19393.21
2022-05-06T16:00:00-04:00,18898.92
2022-05-06T21:00:00-04:00,19615.75
2022-05-06T23:00:00-04:00,18604.66
2022-05-07T02:00:00-04:00,17251.35
2022-05-07T04:00:00-04:00,17431.95
2022-05-07T08:00:00-04:00,19035.5
2022-05-07T15:00:00-04:00,18277.99
2022-05-07T20:00:00-04:00,18318.04
2022-05-07T22:00:00-04:00,18587.86
2022-05-08T06:00:00-04:00,18044.75
2022-05-08T08:00:00-04:00,18596.45
2022-05-08T11:00:00-04:00,19206.23
2022-05-08T13:00:00-04:00,18578.82
2022-05-08T16:00:00-04:00,18055.38
2022-05-08T17:00:00-04:00,18228.97
2022-05-08T22:00:00-04:00,19029.32
2022-05-08T23:00:00-04:00,18032.08
2022-05-09T07:00:00-04:00,19306.85
2022-05-09T11:00:00-04:00,19451.56
2022-05-09T12:00:00-04:00,19329.13
2022-05-09T13:00:00-04:00,19111.92
2022-05-09T17:00:00-04:00,18635.56
2022-05-09T18:00:00-04:00,19289.18
2022-05-09T22:00:00-04:00,18683.8
2022-05-10T01:00:00-04:00,15871.7
2022-05-10T03:00:00-04:00,15431.33
2022-05-10T17:00:00-04:00,18620.93
2022-05-10T21:00:00-04:00,19170.82
2022-05-11T01:00:00-04:00,15536.76
2022-05-11T13:00:00-04:00,18812.9
2022-05-11T16:00:00-04:00,18745.42
2022-05-11T23:00:00-04:00,17815.48
2022-05-12T00:00:00-04:00,16461.15
2022-05-12T03:00:00-04:00,14959.76
2022-05-12T04:00:00-04:00,14866.93
2022-05-12T06:00:00-04:00,15554.23
2022-05-12T07:00:00-04:00,16923.57
2022-05-12T08:00:00-04:00,18220.82
2022-05-12T09:00:00-04:00,18603.37
2022-05-12T18:00:00-04:00,20142.45
2022-05-12T20:00:00-04:00,19935.34
2022-05-12T21:00:00-04:00,19988.6
2022-05-13T00:00:00-04:00,16748.28
2022-05-13T01:00:00-04:00,15847.17
2022-05-13T04:00:00-04:00,15033.74
2022-05-13T07:00:00-04:00,16904.45
2022-05-13T08:00:00-04:00,18455.6
2022-05-13T11:00:00-04:00,19690.92
2022-05-13T13:00:00-04:00,19875.03
2022-05-13T16:00:00-04:00,19731.12
2022-05-13T19:00:00-04:00,20284.65
2022-05-13T21:00:00-04:00,19420.82
2022-05-13T23:00:00-04:00,18097.53
2022-05-14T00:00:00-04:00,18016.81
2022-05-14T02:00:00-04:00,17202.24
2022-05-14T03:00:00-04:00,16881.16
2022-05-14T05:00:00-04:00,16708.07
2022-05-14T06:00:00-04:00,16782.63
2022-05-14T07:00:00-04:00,17272.93
2022-05-14T09:00:00-04:00,18558.43
2022-05-14T10:00:00-04:00,18459.19
2022-05-14T13:00:00-04:00,19446.5
2022-05-14T14:00:00-04:00,19294.68
2022-05-14T17:00:00-04:00,19444.54
2022-05-15T02:00:00-04:00,15350.44
2022-05-15T06:00:00-04:00,14747.13
2022-05-15T10:00:00-04:00,17909.75
2022-05-15T11:00:00-04:00,18317.1
2022-05-15T13:00:00-04:00,18632.03
2022-05-15T16:00:00-04:00,18186.17
2022-05-15T20:00:00-04:00,19181.16
2022-05-15T21:00:00-04:00,19099.47
2022-05-16T07:00:00-04:00,17072.83
2022-05-16T10:00:00-04:00,19196.99
2022-05-16T15:00:00-04:00,19019.08
2022-05-16T16:00:00-04:00,19183.29
2022-05-16T17:00:00-04:00,19504.63
2022-05-16T18:00:00-04:00,20307.15
2022-05-16T20:00:00-04:00,19681.27
2022-05-17T00:00:00-04:00,16302.87
2022-05-17T04:00:00-04:00,15190.34
2022-05-17T05:00:00-04:00,15078.86
2022-05-17T06:00:00-04:00,15768.87
2022-05-17T09:00:00-04:00,18958.96
2022-05-17T10:00:00-04:00,18973.48
2022-05-17T14:00:00-04:00,18986.07
2022-05-17T16:00:00-04:00,18718.08
2022-05-17T18:00:00-04:00,19797.84
2022-05-17T20:00:00-04:00,19978.11
2022-05-17T21:00:00-04:00,19721.31
2022-05-18T02:00:00-04:00,16226.17
2022-05-18T07:00:00-04:00,18443.48
2022-05-18T09:00:00-04:00,19577.37
2022-05-18T11:00:00-04:00,18946.86
2022-05-18T13:00:00-04:00,18868.65
2022-05-18T14:00:00-04:00,18688.79
2022-05-19T00:00:00-04:00,16675.2
2022-05-19T10:00:00-04:00,19109.81
2022-05-19T12:00:00-04:00,19076.94
2022-05-19T14:00:00-04:00,19001.08
2022-05-19T16:00:00-04:00,18882.84
2022-05-19T18:00:00-04:00,19919.57
2022-05-19T21:00:00-04:00,19401.72
2022-05-19T22:00:00-04:00,18875.91
2022-05-19T23:00:00-04:00,17944.74
2022-05-20T02:00:00-04:00,15946.36
2022-05-20T07:00:00-04:00,17739.94
2022-05-20T13:00:00-04:00,18852.34
2022-05-20T14:00:00-04:00,18591.29
2022-05-20T22:00:00-04:00,18224.65
2022-05-20T23:00:00-04:00,17427.07
2022-05-21T00:00:00-04:00,16534.0
2022-05-21T05:00:00-04:00,14796.54
2022-05-21T07:00:00-04:00,15483.41
2022-05-21T09:00:00-04:00,17243.72
2022-05-21T16:00:00-04:00,18992.12
2022-05-21T21:00:00-04:00,16738.91
2022-05-22T04:00:00-04:00,13954.18
2022-05-22T05:00:00-04:00,13980.7
2022-05-22T06:00:00-04:00,14077.0
2022-05-22T07:00:00-04:00,14387.89
2022-05-22T11:00:00-04:00,17526.47
2022-05-22T17:00:00-04:00,17780.03
2022-05-22T21:00:00-04:00,17262.63
2022-05-23T02:00:00-04:00,14602.06
2022-05-23T05:00:00-04:00,14703.97
2022-05-23T06:00:00-04:00,15046.55
2022-05-23T07:00:00-04:00,15622.7
2022-05-23T08:00:00-04:00,16220.84
2022-05-23T18:00:00-04:00,18322.42
2022-05-23T20:00:00-04:00,18482.37
2022-05-23T21:00:00-04:00,18411.47
2022-05-24T02:00:00-04:00,15400.44
2022-05-24T04:00:00-04:00,15422.36
2022-05-24T05:00:00-04:00,15762.07
2022-05-24T10:00:00-04:00,18942.07
2022-05-24T12:00:00-04:00,18976.72
2022-05-24T15:00:00-04:00,18305.17
2022-05-24T21:00:00-04:00,18861.61
2022-05-24T22:00:00-04:00,18521.17
2022-05-25T00:00:00-04:00,16513.09
2022-05-25T02:00:00-04:00,15547.83
2022-05-25T03:00:00-04:00,15366.63
2022-05-25T04:00:00-04:00,15460.6
2022-05-25T07:00:00-04:00,17582.91
2022-05-25T11:00:00-04:00,18749.31
2022-05-25T15:00:00-04:00,18231.71
2022-05-25T18:00:00-04:00,19180.06
2022-05-25T19:00:00-04:00,19185.16
2022-05-26T00:00:00-04:00,16379.41
2022-05-26T01:00:00-04:00,15562.55
2022-05-26T02:00:00-04:00,15254.5
2022-05-26T03:00:00-04:00,14995.59
2022-05-26T07:00:00-04:00,17089.96
2022-05-26T13:00:00-04:00,19246.06
2022-05-26T19:00:00-04:00,19829.47
2022-05-26T21:00:00-04:00,19453.17
2022-05-27T02:00:00-04:00,15638.79
2022-05-27T03:00:00-04:00,15511.94
2022-05-27T04:00:00-04:00,15442.45
2022-05-27T05:00:00-04:00,15551.33
2022-05-27T08:00:00-04:00,18903.47
2022-05-27T09:00:00-04:00,19282.32
2022-05-27T10:00:00-04:00,19487.99
2022-05-27T21:00:00-04:00,19062.26
2022-05-27T23:00:00-04:00,17809.04
2022-05-28T00:00:00-04:00,16881.41
2022-05-28T01:00:00-04:00,16323.02
2022-05-28T04:00:00-04:00,15405.28
2022-05-28T06:00:00-04:00,15480.74
2022-05-28T12:00:00-04:00,18664.17
2022-05-28T15:00:00-04:00,17737.42
2022-05-29T02:00:00-04:00,15233.37
2022-05-29T05:00:00-04:00,15039.49
2022-05-29T13:00:00-04:00,18156.0
2022-05-29T18:00:00-04:00,18478.08
2022-05-29T20:00:00-04:00,18748.8
2022-05-29T23:00:00-04:00,17118.56
2022-05-30T00:00:00-04:00,16057.68
2022-05-30T01:00:00-04:00,15315.66
2022-05-30T03:00:00-04:00,14801.16
2022-05-30T05:00:00-04:00,14838.75
2022-05-30T07:00:00-04:00,16928.6
2022-05-30T08:00:00-04:00,18268.19
2022-05-30T10:00:00-04:00,18616.83
2022-05-30T20:00:00-04:00,19972.69
2022-05-31T08:00:00-04:00,18238.72
2022-05-31T09:00:00-04:00,18583.6
2022-05-31T10:00:00-04:00,18680.92
2022-05-31T11:00:00-04:00,18698.19
2022-05-31T12:00:00-04:00,18675.92
2022-05-31T17:00:00-04:00,18552.76
2022-05-31T19:00:00-04:00,19153.65
2022-05-31T20:00:00-04:00,18925.23
2022-05-31T22:00:00-04:00,18464.65
2022-05-31T23:00:00-04:00,17532.14
2022-06-01T00:00:00-04:00,16413.2
2022-06-01T03:00:00-04:00,15135.06
2022-06-01T04:00:00-04:00,15005.34
2022-06-01T05:00:00-04:00,15118.52
2022-06-01T07:00:00-04:00,16951.39
2022-06-01T14:00:00-04:00,18288.06
2022-06-01T15:00:00-04:00,18176.76
2022-06-01T22:00:00-04:00,18361.63
2022-06-02T00:00:00-04:00,16358.28
2022-06-02T04:00:00-04:00,14999.53
2022-06-02T06:00:00-04:00,15670.76
2022-06-02T07:00:00-04:00,17151.24
2022-06-02T08:00:00-04:00,18364.86
2022-06-02T11:00:00-04:00,18558.74
2022-06-02T12:00:00-04:00,18670.21
2022-06-02T14:00:00-04:00,18533.95
2022-06-02T15:00:00-04:00,18385.3
2022-06-02T16:00:00-04:00,18425.29
2022-06-02T17:00:00-04:00,18625.59
2022-06-02T21:00:00-04:00,18913.16
2022-06-03T10:00:00-04:00,19375.28
2022-06-03T14:00:00-04:00,19185.49
2022-06-03T18:00:00-04:00,19293.3
2022-06-03T19:00:00-04:00,19165.15
2022-06-04T01:00:00-04:00,15762.9
2022-06-04T02:00:00-04:00,15354.67
2022-06-04T07:00:00-04:00,15654.01
2022-06-04T08:00:00-04:00,16512.31
2022-06-04T10:00:00-04:00,17996.81
2022-06-04T11:00:00-04:00,18373.25
2022-06-04T13:00:00-04:00,18430.57
2022-06-04T14:00:00-04:00,18233.51
2022-06-04T16:00:00-04:00,17707.93
2022-06-04T20:00:00-04:00,17663.4
2022-06-04T23:00:00-04:00,16636.88
2022-06-05T02:00:00-04:00,15028.83
2022-06-05T04:00:00-04:00,14765.43
2022-06-05T09:00:00-04:00,16913.11
2022-06-05T12:00:00-04:00,18056.86
2022-06-05T13:00:00-04:00,18052.68
2022-06-05T15:00:00-04:00,17455.28
2022-06-05T16:00:00-04:00,17523.08
2022-06-05T18:00:00-04:00,18531.85
2022-06-05T19:00:00-04:00,18729.14
2022-06-05T23:00:00-04:00,17064.65
2022-06-06T00:00:00-04:00,16090.26
2022-06-06T02:00:00-04:00,15204.41
2022-06-06T04:00:00-04:00,15135.22
2022-06-06T07:00:00-04:00,17170.08
2022-06-06T08:00:00-04:00,18567.02
2022-06-06T10:00:00-04:00,19011.57
2022-06-06T12:00:00-04:00,19111.58
2022-06-06T16:00:00-04:00,18577.55
2022-06-06T17:00:00-04:00,18846.34
2022-06-06T20:00:00-04:00,19474.97
2022-06-07T02:00:00-04:00,15307.64
2022-06-07T03:00:00-04:00,15156.66
2022-06-07T04:00:00-04:00,15110.94
2022-06-07T07:00:00-04:00,16916.29
2022-06-07T08:00:00-04:00,18320.18
2022-06-07T12:00:00-04:00,19139.06
2022-06-07T13:00:00-04:00,19070.8
2022-06-07T16:00:00-04:00,19099.47
2022-06-07T19:00:00-04:00,19994.36
2022-06-07T21:00:00-04:00,19602.18
2022-06-07T22:00:00-04:00,18941.48
2022-06-07T23:00:00-04:00,17959.21
2022-06-08T01:00:00-04:00,15982.02
2022-06-08T02:00:00-04:00,15498.85
2022-06-08T04:00:00-04:00,15305.26
2022-06-08T05:00:00-04:00,15288.92
2022-06-08T08:00:00-04:00,18617.35
2022-06-08T09:00:00-04:00,19018.89
2022-06-08T12:00:00-04:00,18980.77
2022-06-08T13:00:00-04:00,18892.63
2022-06-08T14:00:00-04:00,18862.62
2022-06-08T21:00:00-04:00,19042.13
2022-06-09T06:00:00-04:00,15656.77
2022-06-09T12:00:00-04:00,19195.71
2022-06-09T13:00:00-04:00,19158.25
2022-06-09T16:00:00-04:00,18730.62
2022-06-09T21:00:00-04:00,18938.65
2022-06-09T22:00:00-04:00,18446.75
2022-06-10T06:00:00-04:00,15823.25
2022-06-10T11:00:00-04:00,18914.33
2022-06-10T15:00:00-04:00,18249.44
2022-06-10T16:00:00-04:00,18183.01
2022-06-10T17:00:00-04:00,18300.56
2022-06-10T19:00:00-04:00,18571.55
2022-06-11T01:00:00-04:00,15207.53
2022-06-11T02:00:00-04:00,14919.27
2022-06-11T03:00:00-04:00,14694.55
2022-06-11T04:00:00-04:00,14569.38
2022-06-11T05:00:00-04:00,14511.51
2022-06-11T09:00:00-04:00,17067.89
2022-06-11T12:00:00-04:00,17993.56
2022-06-11T19:00:00-04:00,17780.38
2022-06-11T21:00:00-04:00,17145.82
2022-06-12T00:00:00-04:00,15767.54
2022-06-12T09:00:00-04:00,16740.3
2022-06-12T11:00:00-04:00,17936.42
2022-06-12T14:00:00-04:00,18025.16
2022-06-12T15:00:00-04:00,17877.36
2022-06-12T16:00:00-04:00,17869.22
2022-06-12T20:00:00-04:00,18602.12
2022-06-12T21:00:00-04:00,18314.53
2022-06-13T07:00:00-04:00,16695.69
2022-06-13T11:00:00-04:00,19065.25
2022-06-13T12:00:00-04:00,19234.48
2022-06-13T14:00:00-04:00,19024.02
2022-06-13T20:00:00-04:00,19305.99
2022-06-13T23:00:00-04:00,17483.78
2022-06-14T02:00:00-04:00,15181.85
2022-06-14T12:00:00-04:00,18969.59
2022-06-14T14:00:00-04:00,18857.69
2022-06-14T15:00:00-04:00,18729.47
2022-06-14T17:00:00-04:00,19379.3
2022-06-14T18:00:00-04:00,19876.56
2022-06-14T19:00:00-04:00,19711.76
2022-06-14T23:00:00-04:00,17698.13
2022-06-15T01:00:00-04:00,15763.16
2022-06-15T02:00:00-04:00,15169.13
2022-06-15T04:00:00-04:00,14845.73
2022-06-15T07:00:00-04:00,16894.85
2022-06-15T08:00:00-04:00,18248.21
2022-06-15T12:00:00-04:00,18909.0
2022-06-15T14:00:00-04:00,19001.07
2022-06-16T00:00:00-04:00,16622.59
2022-06-16T03:00:00-04:00,15102.34
2022-06-16T05:00:00-04:00,15110.0
2022-06-16T07:00:00-04:00,16966.96
2022-06-16T09:00:00-04:00,18958.75
2022-06-16T10:00:00-04:00,19130.25
2022-06-16T11:00:00-04:00,19243.5
2022-06-16T12:00:00-04:00,19446.28
2022-06-16T16:00:00-04:00,19461.2
2022-06-16T17:00:00-04:00,19678.12
2022-06-16T22:00:00-04:00,18909.36
2022-06-17T00:00:00-04:00,16785.22
2022-06-17T07:00:00-04:00,16973.13
2022-06-17T11:00:00-04:00,19356.38
2022-06-17T13:00:00-04:00,19329.22
2022-06-17T17:00:00-04:00,19227.43
2022-06-17T20:00:00-04:00,18771.14
2022-06-17T21:00:00-04:00,18582.68
2022-06-18T00:00:00-04:00,16145.64
2022-06-18T03:00:00-04:00,14970.72
2022-06-18T05:00:00-04:00,14852.57
2022-06-18T10:00:00-04:00,18009.23
2022-06-18T11:00:00-04:00,18305.43
2022-06-18T13:00:00-04:00,18303.42
2022-06-18T21:00:00-04:00,17264.92
2022-06-19T00:00:00-04:00,16000.02
2022-06-19T02:00:00-04:00,15100.06
2022-06-19T07:00:00-04:00,15715.96
2022-06-19T11:00:00-04:00,17866.49
2022-06-19T14:00:00-04:00,17466.59
2022-06-19T18:00:00-04:00,17820.84
2022-06-19T20:00:00-04:00,18060.08
2022-06-19T23:00:00-04:00,16820.28
2022-06-20T01:00:00-04:00,15450.61
2022-06-20T03:00:00-04:00,15048.15
2022-06-20T04:00:00-04:00,15095.24
2022-06-20T09:00:00-04:00,19024.05
2022-06-20T10:00:00-04:00,19229.34
2022-06-20T12:00:00-04:00,19209.13
2022-06-20T13:00:00-04:00,19124.38
2022-06-20T17:00:00-04:00,19363.19
2022-06-20T21:00:00-04:00,19203.75
2022-06-20T23:00:00-04:00,17823.39
2022-06-21T00:00:00-04:00,16687.47
2022-06-21T07:00:00-04:00,17151.6
2022-06-21T13:00:00-04:00,19090.91
2022-06-21T17:00:00-04:00,19137.34
2022-06-21T19:00:00-04:00,19634.11
2022-06-21T21:00:00-04:00,19002.34
2022-06-21T22:00:00-04:00,18518.19
2022-06-21T23:00:00-04:00,17630.25
2022-06-22T00:00:00-04:00,16513.25
2022-06-22T05:00:00-04:00,15222.32
2022-06-22T07:00:00-04:00,16888.86
2022-06-22T08:00:00-04:00,18315.31
2022-06-22T11:00:00-04:00,19034.12
2022-06-22T16:00:00-04:00,19072.52
2022-06-22T18:00:00-04:00,19614.88
2022-06-22T20:00:00-04:00,19285.77
2022-06-22T21:00:00-04:00,18985.79
2022-06-22T23:00:00-04:00,17741.91
2022-06-23T00:00:00-04:00,16590.37
2022-06-23T03:00:00-04:00,15201.07
2022-06-23T04:00:00-04:00,15062.49
2022-06-23T08:00:00-04:00,18404.95
2022-06-23T12:00:00-04:00,19335.4
2022-06-23T14:00:00-04:00,19097.16
2022-06-23T21:00:00-04:00,18461.13
2022-06-23T22:00:00-04:00,18046.79
2022-06-24T00:00:00-04:00,16247.11
2022-06-24T06:00:00-04:00,14703.27
2022-06-24T08:00:00-04:00,15914.21
2022-06-24T09:00:00-04:00,16764.5
2022-06-24T12:00:00-04:00,18345.38
2022-06-24T14:00:00-04:00,18359.87
2022-06-24T16:00:00-04:00,18152.63
2022-06-24T17:00:00-04:00,18442.25
2022-06-24T19:00:00-04:00,18623.8
2022-06-24T22:00:00-04:00,17702.91
2022-06-25T01:00:00-04:00,15472.22
2022-06-25T02:00:00-04:00,15062.69
2022-06-25T03:00:00-04:00,14857.48
2022-06-25T04:00:00-04:00,14733.04
2022-06-25T14:00:00-04:00,19019.3
2022-06-25T18:00:00-04:00,19537.42
2022-06-26T09:00:00-04:00,17544.81
2022-06-26T11:00:00-04:00,18987.44
2022-06-26T14:00:00-04:00,19719.86
2022-06-26T17:00:00-04:00,20007.07
2022-06-26T18:00:00-04:00,20276.71
2022-06-26T22:00:00-04:00,18972.12
2022-06-27T01:00:00-04:00,16316.63
2022-06-27T05:00:00-04:00,15624.83
2022-06-27T06:00:00-04:00,16164.35
2022-06-27T09:00:00-04:00,19490.76
2022-06-27T14:00:00-04:00,19737.56
2022-06-27T15:00:00-04:00,19680.36
2022-06-27T21:00:00-04:00,19051.5
2022-06-28T01:00:00-04:00,15809.89
2022-06-28T10:00:00-04:00,18858.24
2022-06-28T11:00:00-04:00,18882.6
2022-06-28T12:00:00-04:00,18998.61
2022-06-28T16:00:00-04:00,18893.25
2022-06-28T20:00:00-04:00,19421.28
2022-06-28T21:00:00-04:00,19067.76
2022-06-28T23:00:00-04:00,17875.46
2022-06-29T00:00:00-04:00,16750.38
2022-06-29T05:00:00-04:00,15264.36
2022-06-29T10:00:00-04:00,19173.59
2022-06-29T16:00:00-04:00,19404.42
2022-06-29T17:00:00-04:00,19517.25
2022-06-29T19:00:00-04:00,19813.88
2022-06-30T02:00:00-04:00,15726.1
2022-06-30T04:00:00-04:00,15234.51
2022-06-30T05:00:00-04:00,15164.9
2022-06-30T14:00:00-04:00,19059.12
2022-06-30T15:00:00-04:00,19052.9
2022-06-30T21:00:00-04:00,18653.18
2022-06-30T22:00:00-04:00,18491.0
2022-07-01T10:00:00-04:00,17752.61
2022-07-01T11:00:00-04:00,18226.51
2022-07-01T12:00:00-04:00,18546.8
2022-07-01T13:00:00-04:00,18800.87
2022-07-01T15:00:00-04:00,18474.32
2022-07-01T16:00:00-04:00,18445.85
2022-07-01T18:00:00-04:00,19090.99
2022-07-01T19:00:00-04:00,19072.32
2022-07-01T23:00:00-04:00,17448.19
2022-07-02T01:00:00-04:00,16041.36
2022-07-02T02:00:00-04:00,15701.51
2022-07-02T04:00:00-04:00,15095.25
2022-07-02T06:00:00-04:00,15024.82
2022-07-02T07:00:00-04:00,15526.55
2022-07-02T11:00:00-04:00,18372.14
2022-07-02T15:00:00-04:00,18068.92
2022-07-02T16:00:00-04:00,17939.16
2022-07-02T17:00:00-04:00,18276.72
2022-07-02T18:00:00-04:00,18413.49
2022-07-02T19:00:00-04:00,18267.11
2022-07-02T20:00:00-04:00,17859.24
2022-07-02T23:00:00-04:00,16940.9
2022-07-03T03:00:00-04:00,14855.97
2022-07-03T08:00:00-04:00,15696.7
2022-07-03T11:00:00-04:00,17721.26
2022-07-03T13:00:00-04:00,17967.0
2022-07-03T15:00:00-04:00,17661.95
2022-07-03T18:00:00-04:00,18539.69
2022-07-03T22:00:00-04:00,17843.39
2022-07-03T23:00:00-04:00,17024.09
2022-07-04T00:00:00-04:00,16094.18
2022-07-04T02:00:00-04:00,15114.29
2022-07-04T05:00:00-04:00,15207.26
2022-07-04T06:00:00-04:00,15628.84
2022-07-04T09:00:00-04:00,18810.06
2022-07-04T12:00:00-04:00,19329.98
2022-07-04T19:00:00-04:00,19859.6
2022-07-04T22:00:00-04:00,18831.15
2022-07-05T02:00:00-04:00,15643.0
2022-07-05T12:00:00-04:00,18991.44
2022-07-05T15:00:00-04:00,18855.74
2022-07-05T20:00:00-04:00,19500.71
2022-07-05T22:00:00-04:00,18855.94
2022-07-06T01:00:00-04:00,16163.45
2022-07-06T02:00:00-04:00,15626.15
2022-07-06T04:00:00-04:00,15375.71
2022-07-06T13:00:00-04:00,19121.33
2022-07-06T15:00:00-04:00,18756.15
2022-07-06T17:00:00-04:00,19211.18
2022-07-06T20:00:00-04:00,19073.27
2022-07-06T22:00:00-04:00,18701.4
2022-07-07T00:00:00-04:00,16604.77
2022-07-07T01:00:00-04:00,16028.89
2022-07-07T04:00:00-04:00,15304.87
2022-07-07T06:00:00-04:00,15919.84
2022-07-07T08:00:00-04:00,18323.74
2022-07-07T09:00:00-04:00,19085.22
2022-07-07T11:00:00-04:00,19278.82
2022-07-07T16:00:00-04:00,19221.04
2022-07-07T21:00:00-04:00,19279.91
2022-07-08T05:00:00-04:00,15405.71
2022-07-08T10:00:00-04:00,19492.66
2022-07-08T13:00:00-04:00,19559.64
2022-07-08T17:00:00-04:00,19102.21
2022-07-08T20:00:00-04:00,18869.27
2022-07-08T22:00:00-04:00,17950.45
2022-07-09T01:00:00-04:00,15838.19
2022-07-09T09:00:00-04:00,17244.52
2022-07-09T11:00:00-04:00,18063.22
2022-07-09T12:00:00-04:00,18109.72
2022-07-09T19:00:00-04:00,17695.89
2022-07-10T00:00:00-04:00,15892.06
2022-07-10T02:00:00-04:00,15097.63
2022-07-10T09:00:00-04:00,16777.11
2022-07-10T12:00:00-04:00,18081.74
2022-07-10T15:00:00-04:00,17872.83
2022-07-10T21:00:00-04:00,18400.58
2022-07-11T01:00:00-04:00,15909.41
2022-07-11T08:00:00-04:00,18081.28
2022-07-11T10:00:00-04:00,19255.79
2022-07-11T11:00:00-04:00,19566.25
2022-07-11T16:00:00-04:00,20059.74
2022-07-11T17:00:00-04:00,20419.02
2022-07-11T19:00:00-04:00,20744.67
2022-07-11T20:00:00-04:00,20228.66
2022-07-11T21:00:00-04:00,19810.5
2022-07-11T23:00:00-04:00,18512.18
2022-07-12T04:00:00-04:00,15621.99
2022-07-12T06:00:00-04:00,16083.85
2022-07-12T09:00:00-04:00,19096.5
2022-07-12T14:00:00-04:00,20152.03
2022-07-12T15:00:00-04:00,19776.81
2022-07-12T16:00:00-04:00,19525.0
2022-07-12T23:00:00-04:00,17803.05
2022-07-13T01:00:00-04:00,16054.31
2022-07-13T06:00:00-04:00,15623.96
2022-07-13T08:00:00-04:00,18056.32
2022-07-13T09:00:00-04:00,18867.42
2022-07-13T11:00:00-04:00,19313.74
2022-07-13T12:00:00-04:00,19547.45
2022-07-13T14:00:00-04:00,19450.81
2022-07-13T15:00:00-04:00,19360.32
2022-07-13T18:00:00-04:00,19939.77
2022-07-13T19:00:00-04:00,19748.94
2022-07-13T20:00:00-04:00,19377.83
2022-07-13T21:00:00-04:00,19049.89
2022-07-14T03:00:00-04:00,15383.64
2022-07-14T06:00:00-04:00,15850.8
2022-07-14T07:00:00-04:00,16889.59
2022-07-14T12:00:00-04:00,19517.36
2022-07-14T13:00:00-04:00,19614.05
2022-07-14T17:00:00-04:00,19337.98
2022-07-14T19:00:00-04:00,19819.74
2022-07-14T21:00:00-04:00,19125.48
2022-07-14T23:00:00-04:00,17986.15
2022-07-15T03:00:00-04:00,15472.14
2022-07-15T10:00:00-04:00,18992.44
2022-07-15T16:00:00-04:00,19137.83
2022-07-15T18:00:00-04:00,19729.44
2022-07-15T20:00:00-04:00,19070.92
2022-07-16T04:00:00-04:00,14902.31
2022-07-16T07:00:00-04:00,15349.11
2022-07-16T12:00:00-04:00,18804.78
2022-07-16T13:00:00-04:00,18924.94
2022-07-16T15:00:00-04:00,18327.64
2022-07-16T16:00:00-04:00,18619.14
2022-07-16T17:00:00-04:00,18707.55
2022-07-16T21:00:00-04:00,18118.94
2022-07-17T00:00:00-04:00,16589.42
2022-07-17T05:00:00-04:00,15141.31
2022-07-17T09:00:00-04:00,17489.82
2022-07-17T10:00:00-04:00,18252.2
2022-07-17T11:00:00-04:00,18807.79
2022-07-17T12:00:00-04:00,19209.89
2022-07-17T13:00:00-04:00,19491.92
2022-07-17T16:00:00-04:00,19454.96
2022-07-17T19:00:00-04:00,20055.83
2022-07-17T21:00:00-04:00,19489.27
2022-07-17T22:00:00-04:00,19079.32
2022-07-17T23:00:00-04:00,18099.76
2022-07-18T03:00:00-04:00,15559.14
2022-07-18T06:00:00-04:00,15750.54
2022-07-18T07:00:00-04:00,16973.4
2022-07-18T10:00:00-04:00,19659.18
2022-07-18T14:00:00-04:00,20496.13
2022-07-18T15:00:00-04:00,20324.83
2022-07-18T19:00:00-04:00,20612.03
2022-07-18T20:00:00-04:00,20207.14
2022-07-19T07:00:00-04:00,17243.31
2022-07-19T08:00:00-04:00,18450.89
2022-07-19T16:00:00-04:00,20501.56
2022-07-19T18:00:00-04:00,21167.61
2022-07-20T01:00:00-04:00,16565.01
2022-07-20T02:00:00-04:00,16216.69
2022-07-20T03:00:00-04:00,15818.56
2022-07-20T04:00:00-04:00,15589.77
2022-07-20T15:00:00-04:00,20535.2
2022-07-20T17:00:00-04:00,21340.81
2022-07-21T02:00:00-04:00,16773.33
2022-07-21T05:00:00-04:00,16407.61
2022-07-21T07:00:00-04:00,17868.11
2022-07-21T10:00:00-04:00,20454.47
2022-07-21T14:00:00-04:00,21282.25
2022-07-21T20:00:00-04:00,20593.18
2022-07-21T22:00:00-04:00,19946.64
2022-07-21T23:00:00-04:00,19019.0
2022-07-22T04:00:00-04:00,15973.85
2022-07-22T08:00:00-04:00,18734.86
2022-07-22T09:00:00-04:00,19671.51
2022-07-22T10:00:00-04:00,20167.14
2022-07-22T11:00:00-04:00,20421.28
2022-07-22T14:00:00-04:00,20587.04
2022-07-22T16:00:00-04:00,20405.77
2022-07-22T17:00:00-04:00,20658.64
2022-07-22T19:00:00-04:00,20630.19
2022-07-22T21:00:00-04:00,19543.57
2022-07-22T22:00:00-04:00,19101.58
2022-07-23T04:00:00-04:00,15480.86
2022-07-23T09:00:00-04:00,17892.6
2022-07-23T10:00:00-04:00,18742.39
2022-07-23T19:00:00-04:00,19661.81
2022-07-24T02:00:00-04:00,16192.32
2022-07-24T04:00:00-04:00,15489.11
2022-07-24T05:00:00-04:00,15492.57
2022-07-24T13:00:00-04:00,19799.78
2022-07-24T21:00:00-04:00,19065.58
2022-07-24T22:00:00-04:00,18696.15
2022-07-25T02:00:00-04:00,16041.2
2022-07-25T03:00:00-04:00,15811.6
2022-07-25T07:00:00-04:00,16925.07
2022-07-25T08:00:00-04:00,17937.12
2022-07-25T11:00:00-04:00,19725.35
2022-07-25T14:00:00-04:00,19829.73
2022-07-25T16:00:00-04:00,19407.93
2022-07-25T17:00:00-04:00,19518.64
2022-07-26T02:00:00-04:00,15577.38
2022-07-26T05:00:00-04:00,15261.9
2022-07-26T06:00:00-04:00,15594.32
2022-07-26T07:00:00-04:00,16508.35
2022-07-26T09:00:00-04:00,18403.64
2022-07-26T10:00:00-04:00,18757.92
2022-07-26T14:00:00-04:00,19074.31
2022-07-26T16:00:00-04:00,18763.66
2022-07-26T18:00:00-04:00,19417.77
2022-07-27T03:00:00-04:00,15221.21
2022-07-27T04:00:00-04:00,15125.58
2022-07-27T13:00:00-04:00,19380.54
2022-07-27T16:00:00-04:00,19411.45
2022-07-27T19:00:00-04:00,19712.76
2022-07-27T22:00:00-04:00,18898.03
2022-07-28T00:00:00-04:00,16920.95
2022-07-28T05:00:00-04:00,15325.18
2022-07-28T06:00:00-04:00,15662.14
2022-07-28T08:00:00-04:00,17856.57
2022-07-28T12:00:00-04:00,20026.17
2022-07-28T13:00:00-04:00,20267.96
2022-07-28T17:00:00-04:00,19812.33
2022-07-28T20:00:00-04:00,19623.95
2022-07-28T22:00:00-04:00,18958.26
2022-07-29T01:00:00-04:00,16345.72
2022-07-29T03:00:00-04:00,15741.0
2022-07-29T06:00:00-04:00,15768.03
2022-07-29T13:00:00-04:00,19384.09
2022-07-29T14:00:00-04:00,19157.44
2022-07-29T15:00:00-04:00,19041.65
2022-07-29T16:00:00-04:00,18937.17
2022-07-29T17:00:00-04:00,19091.29
2022-07-29T18:00:00-04:00,19287.07
2022-07-29T21:00:00-04:00,18422.06
2022-07-29T23:00:00-04:00,17340.61
2022-07-30T02:00:00-04:00,15498.67
2022-07-30T07:00:00-04:00,15229.39
2022-07-30T09:00:00-04:00,16867.18
2022-07-30T13:00:00-04:00,17908.11
2022-07-30T23:00:00-04:00,16682.58
2022-07-31T00:00:00-04:00,16110.29
2022-07-31T01:00:00-04:00,15589.85
2022-07-31T03:00:00-04:00,14891.37
2022-07-31T06:00:00-04:00,14506.87
2022-07-31T07:00:00-04:00,14827.82
2022-07-31T14:00:00-04:00,18194.14
2022-07-31T16:00:00-04:00,18071.79
2022-07-31T17:00:00-04:00,18411.68
2022-07-31T20:00:00-04:00,18493.27
2022-08-01T02:00:00-04:00,15267.58
2022-08-01T03:00:00-04:00,15085.4
2022-08-01T04:00:00-04:00,14879.62
2022-08-01T06:00:00-04:00,15377.99
2022-08-01T08:00:00-04:00,17713.53
2022-08-01T09:00:00-04:00,18698.72
2022-08-01T11:00:00-04:00,19784.86
2022-08-01T15:00:00-04:00,20194.31
2022-08-01T20:00:00-04:00,20183.19
2022-08-01T21:00:00-04:00,19971.12
2022-08-01T23:00:00-04:00,18362.79
2022-08-02T06:00:00-04:00,15868.32
2022-08-02T14:00:00-04:00,19673.97
2022-08-02T17:00:00-04:00,19841.58
2022-08-03T01:00:00-04:00,15917.41
2022-08-03T06:00:00-04:00,15409.41
2022-08-03T18:00:00-04:00,19975.6
2022-08-03T20:00:00-04:00,19374.68
2022-08-03T23:00:00-04:00,17942.26
2022-08-04T05:00:00-04:00,15635.14
2022-08-04T06:00:00-04:00,16017.93
2022-08-04T07:00:00-04:00,16736.93
2022-08-04T08:00:00-04:00,17759.46
2022-08-04T09:00:00-04:00,18531.39
2022-08-04T11:00:00-04:00,19161.86
2022-08-04T12:00:00-04:00,19522.07
2022-08-04T15:00:00-04:00,19537.45
2022-08-04T23:00:00-04:00,18485.33
2022-08-05T02:00:00-04:00,16395.54
2022-08-05T10:00:00-04:00,19024.89
2022-08-05T13:00:00-04:00,19906.28
2022-08-05T16:00:00-04:00,19849.47
2022-08-05T18:00:00-04:00,20206.8
2022-08-05T19:00:00-04:00,20077.12
2022-08-05T20:00:00-04:00,19511.59
2022-08-06T09:00:00-04:00,17749.69
2022-08-06T19:00:00-04:00,20030.63
2022-08-06T20:00:00-04:00,19586.69
2022-08-06T21:00:00-04:00,19331.04
2022-08-06T22:00:00-04:00,18907.37
2022-08-06T23:00:00-04:00,18273.65
2022-08-07T01:00:00-04:00,16864.35
2022-08-07T02:00:00-04:00,16394.13
2022-08-07T04:00:00-04:00,15796.94
2022-08-07T05:00:00-04:00,15774.93
2022-08-07T10:00:00-04:00,18950.75
2022-08-07T13:00:00-04:00,20460.49
2022-08-07T14:00:00-04:00,20576.96
2022-08-07T15:00:00-04:00,19934.63
2022-08-07T20:00:00-04:00,19697.98
2022-08-07T22:00:00-04:00,18723.65
2022-08-08T01:00:00-04:00,16152.87
2022-08-08T02:00:00-04:00,15706.22
2022-08-08T05:00:00-04:00,15557.18
2022-08-08T18:00:00-04:00,19704.16
2022-08-08T22:00:00-04:00,18429.96
2022-08-09T07:00:00-04:00,16524.45
2022-08-09T09:00:00-04:00,18058.04
2022-08-09T10:00:00-04:00,18307.45
2022-08-09T17:00:00-04:00,18606.81
2022-08-09T19:00:00-04:00,18863.75
2022-08-09T22:00:00-04:00,18194.29
2022-08-10T02:00:00-04:00,15245.84
2022-08-10T03:00:00-04:00,14989.24
2022-08-10T08:00:00-04:00,17374.01
2022-08-10T11:00:00-04:00,18592.58
2022-08-10T20:00:00-04:00,19239.99
2022-08-11T06:00:00-04:00,15633.6
2022-08-11T09:00:00-04:00,18535.43
2022-08-11T15:00:00-04:00,19353.76
2022-08-11T16:00:00-04:00,19310.01
2022-08-11T17:00:00-04:00,19631.91
2022-08-11T18:00:00-04:00,19883.61
2022-08-11T19:00:00-04:00,19566.34
2022-08-11T23:00:00-04:00,17501.1
2022-08-12T08:00:00-04:00,17667.74
2022-08-12T10:00:00-04:00,18677.73
2022-08-12T14:00:00-04:00,18605.87
2022-08-12T15:00:00-04:00,18356.93
2022-08-12T16:00:00-04:00,18323.91
2022-08-12T18:00:00-04:00,18746.09
2022-08-13T03:00:00-04:00,15023.18
2022-08-13T11:00:00-04:00,17906.07
2022-08-13T14:00:00-04:00,17915.26
2022-08-13T15:00:00-04:00,17797.06
2022-08-13T17:00:00-04:00,18038.13
2022-08-13T20:00:00-04:00,17734.76
2022-08-13T23:00:00-04:00,16540.62
2022-08-14T00:00:00-04:00,15918.88
2022-08-14T05:00:00-04:00,14609.03
2022-08-14T07:00:00-04:00,14858.6
2022-08-14T10:00:00-04:00,17469.78
2022-08-14T11:00:00-04:00,17816.61
2022-08-14T12:00:00-04:00,18176.59
2022-08-14T15:00:00-04:00,18031.01
2022-08-14T16:00:00-04:00,17986.99
2022-08-14T19:00:00-04:00,18853.51
2022-08-14T21:00:00-04:00,18449.87
2022-08-14T22:00:00-04:00,17927.99
2022-08-15T00:00:00-04:00,16065.44
2022-08-15T01:00:00-04:00,15442.01
2022-08-15T02:00:00-04:00,14990.16
2022-08-15T04:00:00-04:00,14752.79
2022-08-15T09:00:00-04:00,18647.8
2022-08-15T19:00:00-04:00,20233.43
2022-08-15T20:00:00-04:00,19814.43
2022-08-16T00:00:00-04:00,16821.7
2022-08-16T02:00:00-04:00,15693.76
2022-08-16T06:00:00-04:00,15694.66
2022-08-16T08:00:00-04:00,18197.05
2022-08-16T09:00:00-04:00,18954.93
2022-08-16T10:00:00-04:00,19263.67
2022-08-16T12:00:00-04:00,19962.93
2022-08-16T14:00:00-04:00,20169.4
2022-08-16T15:00:00-04:00,19978.01
2022-08-16T16:00:00-04:00,20006.3
2022-08-16T17:00:00-04:00,20079.94
2022-08-16T19:00:00-04:00,19985.32
2022-08-16T21:00:00-04:00,19644.25
2022-08-17T00:00:00-04:00,16883.57
2022-08-17T02:00:00-04:00,15691.26
2022-08-17T04:00:00-04:00,15214.72
2022-08-17T08:00:00-04:00,17876.5
2022-08-17T16:00:00-04:00,19746.89
2022-08-17T17:00:00-04:00,19918.77
2022-08-17T18:00:00-04:00,20214.23
2022-08-17T21:00:00-04:00,19320.81
2022-08-17T23:00:00-04:00,17491.72
2022-08-18T05:00:00-04:00,15191.49
2022-08-18T09:00:00-04:00,18607.41
2022-08-18T14:00:00-04:00,19482.98
2022-08-19T01:00:00-04:00,16169.02
2022-08-19T03:00:00-04:00,15391.87
2022-08-19T04:00:00-04:00,15295.12
2022-08-19T05:00:00-04:00,15262.3
2022-08-19T08:00:00-04:00,17797.56
2022-08-19T09:00:00-04:00,18670.21
2022-08-19T11:00:00-04:00,19499.75
2022-08-19T12:00:00-04:00,19806.17
2022-08-19T17:00:00-04:00,20146.23
2022-08-19T18:00:00-04:00,20289.26
2022-08-19T20:00:00-04:00,19512.63
2022-08-19T23:00:00-04:00,17630.34
2022-08-20T01:00:00-04:00,16014.38
2022-08-20T02:00:00-04:00,15586.27
2022-08-20T03:00:00-04:00,15314.71
2022-08-20T06:00:00-04:00,15118.59
2022-08-20T07:00:00-04:00,15428.61
2022-08-20T08:00:00-04:00,16349.19
2022-08-20T13:00:00-04:00,19486.02
2022-08-20T14:00:00-04:00,19403.72
2022-08-20T15:00:00-04:00,19273.2
2022-08-20T18:00:00-04:00,19537.1
2022-08-20T20:00:00-04:00,19022.14
2022-08-20T22:00:00-04:00,18264.8
2022-08-20T23:00:00-04:00,17661.42
2022-08-21T01:00:00-04:00,16177.14
2022-08-21T02:00:00-04:00,15657.36
2022-08-21T04:00:00-04:00,15085.39
2022-08-21T06:00:00-04:00,15081.62
2022-08-21T07:00:00-04:00,15440.32
2022-08-21T09:00:00-04:00,17284.42
2022-08-21T12:00:00-04:00,19610.5
2022-08-21T16:00:00-04:00,19139.42
2022-08-21T17:00:00-04:00,19015.76
2022-08-22T04:00:00-04:00,15226.24
2022-08-22T06:00:00-04:00,15803.34
2022-08-22T07:00:00-04:00,16946.75
2022-08-22T08:00:00-04:00,18223.27
2022-08-22T12:00:00-04:00,20393.48
2022-08-22T13:00:00-04:00,20663.56
2022-08-22T15:00:00-04:00,20530.41
2022-08-22T17:00:00-04:00,20439.9
2022-08-22T20:00:00-04:00,20315.89
2022-08-23T00:00:00-04:00,17316.53
2022-08-23T01:00:00-04:00,16626.8
2022-08-23T04:00:00-04:00,15723.09
2022-08-23T06:00:00-04:00,16119.51
2022-08-23T09:00:00-04:00,18947.29
2022-08-23T11:00:00-04:00,19451.25
2022-08-23T13:00:00-04:00,19912.35
2022-08-23T19:00:00-04:00,20344.7
2022-08-23T23:00:00-04:00,18073.62
2022-08-24T00:00:00-04:00,17116.16
2022-08-24T04:00:00-04:00,15645.94
2022-08-24T05:00:00-04:00,15706.43
2022-08-24T08:00:00-04:00,18375.0
2022-08-24T15:00:00-04:00,20393.18
2022-08-24T16:00:00-04:00,20538.1
2022-08-24T18:00:00-04:00,21021.31
2022-08-25T01:00:00-04:00,16465.0
2022-08-25T02:00:00-04:00,15956.72
2022-08-25T03:00:00-04:00,15515.01
2022-08-25T09:00:00-04:00,18978.76
2022-08-25T15:00:00-04:00,19356.45
2022-08-25T17:00:00-04:00,19497.95
2022-08-25T20:00:00-04:00,19430.67
2022-08-26T04:00:00-04:00,15023.96
2022-08-26T06:00:00-04:00,15928.01
2022-08-26T07:00:00-04:00,16993.03
2022-08-26T09:00:00-04:00,18832.06
2022-08-26T10:00:00-04:00,19121.96
2022-08-26T13:00:00-04:00,19483.53
2022-08-26T15:00:00-04:00,18943.17
2022-08-26T16:00:00-04:00,18656.93
2022-08-26T17:00:00-04:00,18843.09
2022-08-27T00:00:00-04:00,16255.75
2022-08-27T05:00:00-04:00,14848.59
2022-08-27T08:00:00-04:00,16248.9
2022-08-27T11:00:00-04:00,17903.14
2022-08-27T12:00:00-04:00,18076.34
2022-08-27T14:00:00-04:00,17747.31
2022-08-27T18:00:00-04:00,17922.84
2022-08-27T21:00:00-04:00,17741.17
2022-08-28T00:00:00-04:00,16069.23
2022-08-28T01:00:00-04:00,15708.06
2022-08-28T02:00:00-04:00,15356.68
2022-08-28T04:00:00-04:00,15019.73
2022-08-28T07:00:00-04:00,15345.53
2022-08-28T15:00:00-04:00,18237.87
2022-08-28T19:00:00-04:00,19300.25
2022-08-28T20:00:00-04:00,19127.06
2022-08-28T21:00:00-04:00,19012.03
2022-08-28T22:00:00-04:00,18156.47
2022-08-28T23:00:00-04:00,17154.0
2022-08-29T00:00:00-04:00,16344.67
2022-08-29T03:00:00-04:00,15211.59
2022-08-29T05:00:00-04:00,15341.46
2022-08-29T07:00:00-04:00,17273.66
2022-08-29T12:00:00-04:00,20769.94
2022-08-29T19:00:00-04:00,22239.35
2022-08-29T20:00:00-04:00,21861.89
2022-08-30T03:00:00-04:00,16218.75
2022-08-30T04:00:00-04:00,15961.85
2022-08-30T06:00:00-04:00,16568.75
2022-08-30T12:00:00-04:00,20801.21
2022-08-30T13:00:00-04:00,21008.09
2022-08-30T15:00:00-04:00,21144.81
2022-08-30T17:00:00-04:00,20954.36
2022-08-30T19:00:00-04:00,21353.95
2022-08-30T21:00:00-04:00,20388.27
2022-08-30T22:00:00-04:00,19341.07
2022-08-30T23:00:00-04:00,18439.68
2022-08-31T00:00:00-04:00,17404.56
2022-08-31T07:00:00-04:00,17279.36
2022-08-31T10:00:00-04:00,19059.82
2022-08-31T12:00:00-04:00,19209.17
2022-08-31T13:00:00-04:00,19311.14
2022-08-31T17:00:00-04:00,19187.69
2022-08-31T20:00:00-04:00,19600.16
2022-09-01T05:00:00-04:00,15114.71
2022-09-01T11:00:00-04:00,18600.4
2022-09-01T13:00:00-04:00,18659.76
2022-09-01T21:00:00-04:00,18953.88
2022-09-01T22:00:00-04:00,18189.49
2022-09-02T09:00:00-04:00,18742.43
2022-09-02T10:00:00-04:00,18880.35
2022-09-02T12:00:00-04:00,18966.29
2022-09-02T13:00:00-04:00,18875.7
2022-09-02T16:00:00-04:00,18537.9
2022-09-02T18:00:00-04:00,19253.57
2022-09-03T02:00:00-04:00,15304.33
2022-09-03T08:00:00-04:00,16288.45
2022-09-03T09:00:00-04:00,17256.2
2022-09-03T13:00:00-04:00,18643.14
2022-09-03T15:00:00-04:00,18432.73
2022-09-03T16:00:00-04:00,18437.35
2022-09-03T17:00:00-04:00,18717.28
2022-09-03T18:00:00-04:00,18919.19
2022-09-04T03:00:00-04:00,14956.48
2022-09-04T08:00:00-04:00,15644.3
2022-09-04T09:00:00-04:00,16410.94
2022-09-04T19:00:00-04:00,17638.25
2022-09-04T20:00:00-04:00,17611.15
2022-09-04T21:00:00-04:00,17448.68
2022-09-04T22:00:00-04:00,16766.3
2022-09-05T05:00:00-04:00,14441.79
2022-09-05T08:00:00-04:00,15826.14
2022-09-05T09:00:00-04:00,16617.93
2022-09-05T14:00:00-04:00,17701.36
2022-09-05T15:00:00-04:00,17453.12
2022-09-05T17:00:00-04:00,18020.04
2022-09-05T20:00:00-04:00,18684.6
2022-09-06T02:00:00-04:00,14769.38
2022-09-06T04:00:00-04:00,14647.7
2022-09-06T06:00:00-04:00,15604.54
2022-09-06T14:00:00-04:00,18638.0
2022-09-06T15:00:00-04:00,18526.74
2022-09-06T19:00:00-04:00,19510.65
2022-09-06T23:00:00-04:00,17055.24
2022-09-07T01:00:00-04:00,15562.78
2022-09-07T04:00:00-04:00,15055.54
2022-09-07T05:00:00-04:00,15179.33
2022-09-07T06:00:00-04:00,15764.66
2022-09-07T13:00:00-04:00,19028.02
2022-09-07T19:00:00-04:00,19900.45
2022-09-08T03:00:00-04:00,15140.38
2022-09-08T05:00:00-04:00,15029.86
2022-09-08T10:00:00-04:00,18920.18
2022-09-08T12:00:00-04:00,19321.82
2022-09-08T13:00:00-04:00,19458.69
2022-09-08T17:00:00-04:00,20028.65
2022-09-08T21:00:00-04:00,20639.75
2022-09-08T23:00:00-04:00,17873.2
2022-09-09T01:00:00-04:00,16003.95
2022-09-09T03:00:00-04:00,15406.22
2022-09-09T12:00:00-04:00,19534.02
2022-09-09T18:00:00-04:00,19988.64
2022-09-09T21:00:00-04:00,19124.82
2022-09-09T23:00:00-04:00,17604.44
2022-09-10T05:00:00-04:00,15064.29
2022-09-10T07:00:00-04:00,15642.7
2022-09-10T08:00:00-04:00,16465.45
2022-09-10T10:00:00-04:00,18330.02
2022-09-10T11:00:00-04:00,18740.86
2022-09-10T14:00:00-04:00,19290.98
2022-09-10T15:00:00-04:00,19182.99
2022-09-10T18:00:00-04:00,19538.53
2022-09-10T23:00:00-04:00,17173.33
2022-09-11T03:00:00-04:00,15164.21
2022-09-11T07:00:00-04:00,15309.64
2022-09-11T11:00:00-04:00,18545.09
2022-09-11T14:00:00-04:00,19364.83
2022-09-11T22:00:00-04:00,18211.63
2022-09-11T23:00:00-04:00,17267.69
2022-09-12T06:00:00-04:00,15666.11
2022-09-12T09:00:00-04:00,19121.87
2022-09-12T11:00:00-04:00,19653.99
2022-09-12T14:00:00-04:00,20314.28
2022-09-12T15:00:00-04:00,20269.18
2022-09-12T16:00:00-04:00,20174.49
2022-09-12T23:00:00-04:00,17953.48
2022-09-13T00:00:00-04:00,16816.26
2022-09-13T06:00:00-04:00,15912.4
2022-09-13T08:00:00-04:00,18208.36
2022-09-13T12:00:00-04:00,19109.53
2022-09-13T14:00:00-04:00,19202.61
2022-09-13T17:00:00-04:00,19599.67
2022-09-13T21:00:00-04:00,19112.15
2022-09-13T23:00:00-04:00,17312.14
2022-09-14T01:00:00-04:00,15768.91
2022-09-14T06:00:00-04:00,15730.06
2022-09-14T07:00:00-04:00,17198.53
2022-09-14T10:00:00-04:00,18895.79
2022-09-14T12:00:00-04:00,19048.17
2022-09-15T00:00:00-04:00,15975.61
2022-09-15T08:00:00-04:00,17857.57
2022-09-15T12:00:00-04:00,18501.31
2022-09-15T16:00:00-04:00,17868.15
2022-09-15T18:00:00-04:00,18874.22
2022-09-15T22:00:00-04:00,17943.42
2022-09-16T01:00:00-04:00,15402.59
2022-09-16T02:00:00-04:00,15169.74
2022-09-16T06:00:00-04:00,15573.28
2022-09-16T08:00:00-04:00,18124.24
2022-09-16T12:00:00-04:00,18622.06
2022-09-16T13:00:00-04:00,18370.64
2022-09-16T15:00:00-04:00,17859.6
2022-09-16T19:00:00-04:00,18439.24
2022-09-16T21:00:00-04:00,18062.22
2022-09-16T22:00:00-04:00,17370.35
2022-09-17T00:00:00-04:00,15955.23
2022-09-17T09:00:00-04:00,17218.34
2022-09-17T11:00:00-04:00,17708.39
2022-09-17T12:00:00-04:00,17781.38
2022-09-17T13:00:00-04:00,17651.7
2022-09-17T14:00:00-04:00,17453.61
2022-09-17T16:00:00-04:00,16949.29
2022-09-17T17:00:00-04:00,17272.98
2022-09-17T19:00:00-04:00,17704.88
2022-09-17T20:00:00-04:00,17649.42
2022-09-17T23:00:00-04:00,15986.2
2022-09-18T04:00:00-04:00,14245.05
2022-09-18T05:00:00-04:00,14335.18
2022-09-18T12:00:00-04:00,18031.65
2022-09-18T17:00:00-04:00,18273.3
2022-09-18T20:00:00-04:00,18819.54
2022-09-18T21:00:00-04:00,17978.59
2022-09-18T22:00:00-04:00,17237.48
2022-09-19T02:00:00-04:00,14762.91
2022-09-19T03:00:00-04:00,14679.59
2022-09-19T04:00:00-04:00,14676.43
2022-09-19T07:00:00-04:00,17452.31
2022-09-19T09:00:00-04:00,19140.66
2022-09-19T11:00:00-04:00,19530.52
2022-09-19T12:00:00-04:00,19559.37
2022-09-19T13:00:00-04:00,19418.96
2022-09-19T15:00:00-04:00,19112.47
2022-09-19T17:00:00-04:00,19661.19
2022-09-19T21:00:00-04:00,19298.41
2022-09-20T01:00:00-04:00,15640.22
2022-09-20T02:00:00-04:00,15386.55
2022-09-20T05:00:00-04:00,15247.89
2022-09-20T10:00:00-04:00,18838.9
2022-09-20T11:00:00-04:00,18840.78
2022-09-20T12:00:00-04:00,18797.12
2022-09-20T13:00:00-04:00,18604.22
2022-09-20T19:00:00-04:00,19808.7
2022-09-20T22:00:00-04:00,18125.92
2022-09-21T01:00:00-04:00,15450.13
2022-09-21T05:00:00-04:00,15244.82
2022-09-21T07:00:00-04:00,17529.62
2022-09-21T09:00:00-04:00,18813.38
2022-09-21T10:00:00-04:00,18752.69
2022-09-21T11:00:00-04:00,18772.77
2022-09-21T15:00:00-04:00,18397.74
2022-09-21T17:00:00-04:00,18933.0
2022-09-21T19:00:00-04:00,19564.48
2022-09-21T21:00:00-04:00,19069.82
2022-09-21T22:00:00-04:00,18124.65
2022-09-22T04:00:00-04:00,14794.81
2022-09-22T09:00:00-04:00,18601.49
2022-09-22T12:00:00-04:00,18707.17
2022-09-22T13:00:00-04:00,18567.83
2022-09-22T16:00:00-04:00,18163.58
2022-09-22T18:00:00-04:00,19127.25
2022-09-22T19:00:00-04:00,19326.61
2022-09-22T20:00:00-04:00,19356.17
2022-09-22T23:00:00-04:00,17318.53
2022-09-23T03:00:00-04:00,15434.26
2022-09-23T04:00:00-04:00,15513.48
2022-09-23T07:00:00-04:00,18051.62
2022-09-23T08:00:00-04:00,19484.64
2022-09-23T11:00:00-04:00,19410.4
2022-09-23T12:00:00-04:00,19355.86
2022-09-23T13:00:00-04:00,18948.1
2022-09-23T15:00:00-04:00,18281.44
2022-09-23T16:00:00-04:00,18244.58
2022-09-23T18:00:00-04:00,18781.74
2022-09-23T20:00:00-04:00,19103.9
2022-09-23T23:00:00-04:00,17539.66
2022-09-24T01:00:00-04:00,16219.6
2022-09-24T02:00:00-04:00,16031.14
2022-09-24T03:00:00-04:00,15942.79
2022-09-24T04:00:00-04:00,15905.89
2022-09-24T05:00:00-04:00,16039.89
2022-09-24T07:00:00-04:00,17119.68
2022-09-24T09:00:00-04:00,18384.14
2022-09-24T13:00:00-04:00,17951.28
2022-09-24T16:00:00-04:00,16964.99
2022-09-24T18:00:00-04:00,17516.32
2022-09-25T01:00:00-04:00,15347.62
2022-09-25T02:00:00-04:00,15046.24
2022-09-25T04:00:00-04:00,14950.57
2022-09-25T07:00:00-04:00,15840.23
2022-09-25T12:00:00-04:00,17951.58
2022-09-25T14:00:00-04:00,17583.41
2022-09-25T17:00:00-04:00,17894.8
2022-09-25T20:00:00-04:00,18805.35
2022-09-25T22:00:00-04:00,17172.14
2022-09-26T01:00:00-04:00,15028.29
2022-09-26T03:00:00-04:00,14753.56
2022-09-26T10:00:00-04:00,19023.58
2022-09-26T15:00:00-04:00,18546.68
2022-09-26T16:00:00-04:00,18430.12
2022-09-26T19:00:00-04:00,20045.51
2022-09-26T20:00:00-04:00,19893.63
2022-09-26T23:00:00-04:00,17037.77
2022-09-27T01:00:00-04:00,15469.66
2022-09-27T02:00:00-04:00,15185.57
2022-09-27T03:00:00-04:00,15012.08
2022-09-27T04:00:00-04:00,14998.0
2022-09-27T06:00:00-04:00,15875.24
2022-09-27T09:00:00-04:00,18799.88
2022-09-27T14:00:00-04:00,18424.91
2022-09-28T00:00:00-04:00,15671.03
2022-09-28T01:00:00-04:00,15083.61
2022-09-28T03:00:00-04:00,14657.3
2022-09-28T04:00:00-04:00,14602.84
2022-09-28T05:00:00-04:00,14850.55
2022-09-28T06:00:00-04:00,15598.42
2022-09-28T13:00:00-04:00,18227.32
2022-09-28T14:00:00-04:00,18134.85
2022-09-28T18:00:00-04:00,19026.4
2022-09-28T23:00:00-04:00,16942.04
2022-09-29T06:00:00-04:00,16484.93
2022-09-29T07:00:00-04:00,18242.9
2022-09-29T12:00:00-04:00,18684.04
2022-09-29T13:00:00-04:00,18433.32
2022-09-29T17:00:00-04:00,18390.05
2022-09-29T22:00:00-04:00,18475.9
2022-09-29T23:00:00-04:00,17567.69
2022-09-30T03:00:00-04:00,16166.08
2022-09-30T04:00:00-04:00,16258.19
2022-09-30T05:00:00-04:00,16581.87
2022-09-30T11:00:00-04:00,19220.11
2022-09-30T13:00:00-04:00,18563.63
2022-09-30T14:00:00-04:00,18242.8
2022-09-30T19:00:00-04:00,18731.13
2022-10-01T01:00:00-04:00,15541.45
2022-10-01T04:00:00-04:00,15221.9
2022-10-01T06:00:00-04:00,15827.36
2022-10-01T08:00:00-04:00,17377.74
2022-10-01T11:00:00-04:00,18258.45
2022-10-01T14:00:00-04:00,17285.73
2022-10-01T15:00:00-04:00,17002.28
2022-10-01T18:00:00-04:00,17919.56
2022-10-02T04:00:00-04:00,15970.26
2022-10-02T05:00:00-04:00,16271.88
2022-10-02T07:00:00-04:00,17531.96
2022-10-02T16:00:00-04:00,17555.42
2022-10-03T01:00:00-04:00,16809.99
2022-10-03T02:00:00-04:00,16765.54
2022-10-03T07:00:00-04:00,20550.6
2022-10-03T09:00:00-04:00,21544.03
2022-10-03T14:00:00-04:00,19287.9
2022-10-03T19:00:00-04:00,20138.33
2022-10-03T22:00:00-04:00,18914.98
2022-10-03T23:00:00-04:00,18089.16
2022-10-04T06:00:00-04:00,18418.85
2022-10-04T07:00:00-04:00,20451.38
2022-10-04T08:00:00-04:00,21573.17
2022-10-04T09:00:00-04:00,21047.29
2022-10-04T14:00:00-04:00,18804.64
2022-10-04T19:00:00-04:00,19840.98
2022-10-04T21:00:00-04:00,19196.77
2022-10-05T05:00:00-04:00,16577.56
2022-10-05T06:00:00-04:00,17653.68
2022-10-05T08:00:00-04:00,20802.32
2022-10-05T12:00:00-04:00,19273.22
2022-10-05T14:00:00-04:00,18700.11
2022-10-05T15:00:00-04:00,18318.42
2022-10-05T17:00:00-04:00,18609.38
2022-10-05T20:00:00-04:00,19667.63
2022-10-06T01:00:00-04:00,15713.82
2022-10-06T03:00:00-04:00,15175.77
2022-10-06T07:00:00-04:00,18136.45
2022-10-06T17:00:00-04:00,18614.75
2022-10-06T22:00:00-04:00,18107.73
2022-10-07T00:00:00-04:00,16215.37
2022-10-07T01:00:00-04:00,15509.4
2022-10-07T04:00:00-04:00,15027.0
2022-10-07T06:00:00-04:00,15778.54
2022-10-07T11:00:00-04:00,19125.35
2022-10-07T12:00:00-04:00,19364.34
2022-10-07T13:00:00-04:00,19364.53
2022-10-07T16:00:00-04:00,18775.06
2022-10-07T19:00:00-04:00,19854.58
2022-10-08T01:00:00-04:00,16728.61
2022-10-08T02:00:00-04:00,16649.81
2022-10-08T04:00:00-04:00,16877.18
2022-10-08T05:00:00-04:00,17072.65
2022-10-08T08:00:00-04:00,19522.55
2022-10-08T09:00:00-04:00,20324.04
2022-10-08T10:00:00-04:00,20760.22
2022-10-08T12:00:00-04:00,20489.54
2022-10-08T15:00:00-04:00,19272.89
2022-10-08T16:00:00-04:00,19029.24
2022-10-08T19:00:00-04:00,20503.98
2022-10-08T23:00:00-04:00,18586.4
2022-10-09T00:00:00-04:00,18015.1
2022-10-09T05:00:00-04:00,17295.2
2022-10-09T06:00:00-04:00,17497.98
2022-10-09T10:00:00-04:00,20246.3
2022-10-09T12:00:00-04:00,20005.4
2022-10-09T13:00:00-04:00,19402.35
2022-10-09T14:00:00-04:00,18941.26
2022-10-09T23:00:00-04:00,18765.87
2022-10-10T06:00:00-04:00,18902.58
2022-10-10T07:00:00-04:00,19793.28
2022-10-10T11:00:00-04:00,20453.73
2022-10-10T12:00:00-04:00,20223.86
2022-10-10T16:00:00-04:00,18763.74
2022-10-10T19:00:00-04:00,20911.81
2022-10-10T23:00:00-04:00,18934.36
2022-10-11T00:00:00-04:00,18300.52
2022-10-11T03:00:00-04:00,17973.22
2022-10-11T04:00:00-04:00,18274.33
2022-10-11T05:00:00-04:00,18703.51
2022-10-11T07:00:00-04:00,21940.61
2022-10-11T09:00:00-04:00,22476.7
2022-10-11T13:00:00-04:00,19853.16
2022-10-11T17:00:00-04:00,19372.69
2022-10-11T18:00:00-04:00,20188.64
2022-10-11T21:00:00-04:00,19891.85
2022-10-12T00:00:00-04:00,17457.76
2022-10-12T04:00:00-04:00,16859.54
2022-10-12T05:00:00-04:00,17194.49
2022-10-12T07:00:00-04:00,20230.02
2022-10-12T08:00:00-04:00,21218.01
2022-10-12T14:00:00-04:00,18871.45
2022-10-12T15:00:00-04:00,18581.59
2022-10-12T20:00:00-04:00,19805.72
2022-10-13T01:00:00-04:00,15887.54
2022-10-13T07:00:00-04:00,18022.67
2022-10-13T10:00:00-04:00,19120.51
2022-10-13T11:00:00-04:00,19038.55
2022-10-13T12:00:00-04:00,19117.91
2022-10-13T14:00:00-04:00,19070.78
2022-10-13T18:00:00-04:00,20085.62
2022-10-13T21:00:00-04:00,19020.73
2022-10-14T04:00:00-04:00,15559.88
2022-10-14T05:00:00-04:00,15865.87
2022-10-14T06:00:00-04:00,16651.03
2022-10-14T07:00:00-04:00,18092.71
2022-10-14T10:00:00-04:00,19655.98
2022-10-14T12:00:00-04:00,19360.81
2022-10-14T19:00:00-04:00,19411.45
2022-10-14T20:00:00-04:00,19125.16
2022-10-14T21:00:00-04:00,18657.17
2022-10-15T01:00:00-04:00,16223.66
2022-10-15T04:00:00-04:00,16031.72
2022-10-15T06:00:00-04:00,16720.79
2022-10-15T11:00:00-04:00,19301.26
2022-10-15T13:00:00-04:00,18561.52
2022-10-15T14:00:00-04:00,17890.66
2022-10-15T15:00:00-04:00,17629.44
2022-10-15T16:00:00-04:00,17625.25
2022-10-15T17:00:00-04:00,17865.93
2022-10-15T23:00:00-04:00,16685.51
2022-10-16T07:00:00-04:00,17323.23
2022-10-16T09:00:00-04:00,18616.94
2022-10-16T18:00:00-04:00,19183.79
2022-10-16T19:00:00-04:00,19691.11
2022-10-17T00:00:00-04:00,16402.87
2022-10-17T03:00:00-04:00,15848.26
2022-10-17T04:00:00-04:00,15946.37
2022-10-17T05:00:00-04:00,16223.41
2022-10-17T08:00:00-04:00,20492.33
2022-10-17T12:00:00-04:00,19623.31
2022-10-17T23:00:00-04:00,17725.75
2022-10-18T00:00:00-04:00,16816.44
2022-10-18T02:00:00-04:00,16044.14
2022-10-18T04:00:00-04:00,15993.36
2022-10-18T05:00:00-04:00,16190.79
2022-10-18T06:00:00-04:00,17036.12
2022-10-18T09:00:00-04:00,20285.81
2022-10-18T11:00:00-04:00,19946.22
2022-10-18T15:00:00-04:00,19244.52
2022-10-18T21:00:00-04:00,20086.33
2022-10-18T23:00:00-04:00,18504.68
2022-10-19T02:00:00-04:00,17171.67
2022-10-19T07:00:00-04:00,20268.84
2022-10-19T10:00:00-04:00,20689.67
2022-10-19T11:00:00-04:00,20306.21
2022-10-19T13:00:00-04:00,19667.73
2022-10-19T16:00:00-04:00,19388.53
2022-10-19T17:00:00-04:00,20322.36
2022-10-19T18:00:00-04:00,21272.38
2022-10-19T19:00:00-04:00,21606.74
2022-10-19T22:00:00-04:00,19944.83
2022-10-20T00:00:00-04:00,18215.63
2022-10-20T03:00:00-04:00,17451.95
2022-10-20T05:00:00-04:00,17903.14
2022-10-20T06:00:00-04:00,18913.92
2022-10-20T09:00:00-04:00,21771.04
2022-10-20T14:00:00-04:00,20960.78
2022-10-20T18:00:00-04:00,22512.9
2022-10-20T22:00:00-04:00,20700.37
2022-10-20T23:00:00-04:00,19852.19
2022-10-21T04:00:00-04:00,18107.81
2022-10-21T06:00:00-04:00,19361.9
2022-10-21T09:00:00-04:00,21923.24
2022-10-21T12:00:00-04:00,20174.39
2022-10-21T16:00:00-04:00,18913.05
2022-10-21T19:00:00-04:00,20573.04
2022-10-21T20:00:00-04:00,20194.06
2022-10-22T01:00:00-04:00,17107.05
2022-10-22T02:00:00-04:00,16910.61
2022-10-22T03:00:00-04:00,16865.13
2022-10-22T07:00:00-04:00,18302.52
2022-10-22T08:00:00-04:00,19171.32
2022-10-22T10:00:00-04:00,19282.23
2022-10-22T18:00:00-04:00,18163.26
2022-10-22T20:00:00-04:00,18163.94
2022-10-23T00:00:00-04:00,16095.7
2022-10-23T01:00:00-04:00,15797.47
2022-10-23T03:00:00-04:00,15480.05
2022-10-23T06:00:00-04:00,16313.79
2022-10-23T07:00:00-04:00,17161.06
2022-10-23T08:00:00-04:00,17993.87
2022-10-23T15:00:00-04:00,17177.98
2022-10-23T17:00:00-04:00,17719.35
2022-10-24T03:00:00-04:00,15261.19
2022-10-24T05:00:00-04:00,15681.75
2022-10-24T11:00:00-04:00,19282.31
2022-10-24T21:00:00-04:00,18852.16
2022-10-25T03:00:00-04:00,14967.2
2022-10-25T05:00:00-04:00,15146.06
2022-10-25T07:00:00-04:00,17490.51
2022-10-25T11:00:00-04:00,18857.17
2022-10-25T20:00:00-04:00,19492.28
2022-10-26T05:00:00-04:00,14856.8
2022-10-26T06:00:00-04:00,15614.5
2022-10-26T08:00:00-04:00,18272.28
2022-10-26T14:00:00-04:00,18387.23
2022-10-26T16:00:00-04:00,18135.32
2022-10-26T17:00:00-04:00,18547.87
2022-10-26T18:00:00-04:00,19264.66
2022-10-26T22:00:00-04:00,17768.99
2022-10-27T02:00:00-04:00,15126.16
2022-10-27T03:00:00-04:00,15032.41
2022-10-27T05:00:00-04:00,15188.48
2022-10-27T08:00:00-04:00,18705.11
2022-10-27T13:00:00-04:00,18617.71
2022-10-27T19:00:00-04:00,20664.47
2022-10-28T02:00:00-04:00,17704.91
2022-10-28T05:00:00-04:00,18564.26
2022-10-28T07:00:00-04:00,21672.74
2022-10-28T09:00:00-04:00,23069.38
2022-10-28T10:00:00-04:00,22154.85
2022-10-28T11:00:00-04:00,21351.31
2022-10-28T13:00:00-04:00,20230.35
2022-10-28T14:00:00-04:00,19787.88
2022-10-28T18:00:00-04:00,20851.95
2022-10-28T20:00:00-04:00,21089.91
2022-10-28T21:00:00-04:00,20738.44
2022-10-28T23:00:00-04:00,19637.51
2022-10-29T00:00:00-04:00,18943.13
2022-10-29T02:00:00-04:00,18465.93
2022-10-29T03:00:00-04:00,18547.56
2022-10-29T09:00:00-04:00,21741.92
2022-10-29T10:00:00-04:00,21297.94
2022-10-29T16:00:00-04:00,18168.79
2022-10-29T20:00:00-04:00,19460.42
2022-10-29T21:00:00-04:00,18912.0
2022-10-29T22:00:00-04:00,18536.43
2022-10-29T23:00:00-04:00,18010.12
2022-10-30T01:00:00-04:00,17268.19
2022-10-30T06:00:00-04:00,18060.51
2022-10-30T07:00:00-04:00,18922.52
2022-10-30T08:00:00-04:00,19705.05
2022-10-30T11:00:00-04:00,19490.93
2022-10-30T12:00:00-04:00,19191.88
2022-10-30T23:00:00-04:00,17741.15
2022-10-31T03:00:00-04:00,16897.15
2022-10-31T04:00:00-04:00,16986.52
2022-10-31T09:00:00-04:00,21790.75
2022-10-31T12:00:00-04:00,20057.05
2022-10-31T16:00:00-04:00,19414.97
2022-10-31T20:00:00-04:00,20157.49
2022-10-31T21:00:00-04:00,19902.15
2022-11-01T01:00:00-04:00,16745.79
2022-11-01T05:00:00-04:00,16631.4
2022-11-01T09:00:00-04:00,20545.25
2022-11-01T11:00:00-04:00,20134.08
2022-11-01T14:00:00-04:00,19328.8
2022-11-01T17:00:00-04:00,19423.92
2022-11-01T18:00:00-04:00,20440.48
2022-11-02T01:00:00-04:00,16430.87
2022-11-02T05:00:00-04:00,16896.74
2022-11-02T08:00:00-04:00,21079.99
2022-11-02T09:00:00-04:00,20925.18
2022-11-02T11:00:00-04:00,19598.3
2022-11-02T21:00:00-04:00,20150.54
2022-11-02T23:00:00-04:00,18550.22
2022-11-03T00:00:00-04:00,17939.34
2022-11-03T03:00:00-04:00,17613.15
2022-11-03T04:00:00-04:00,17948.34
2022-11-03T09:00:00-04:00,22692.88
2022-11-03T13:00:00-04:00,19595.43
2022-11-03T14:00:00-04:00,19171.44
2022-11-03T17:00:00-04:00,18918.68
2022-11-03T18:00:00-04:00,19994.69
2022-11-03T21:00:00-04:00,19734.15
2022-11-03T22:00:00-04:00,18910.59
2022-11-03T23:00:00-04:00,18097.69
2022-11-04T05:00:00-04:00,16830.19
2022-11-04T08:00:00-04:00,20677.11
2022-11-04T09:00:00-04:00,20660.08
2022-11-04T10:00:00-04:00,20124.02
2022-11-04T12:00:00-04:00,18908.98
2022-11-04T15:00:00-04:00,17949.42
2022-11-04T18:00:00-04:00,19079.64
2022-11-04T23:00:00-04:00,16906.12
2022-11-05T01:00:00-04:00,15721.08
2022-11-05T13:00:00-04:00,17829.51
2022-11-05T22:00:00-04:00,16516.4
2022-11-06T00:00:00-04:00,15321.69
2022-11-06T01:00:00-05:00,14788.72
2022-11-06T01:00:00-05:00,14447.54
2022-11-06T02:00:00-05:00,14327.93
2022-11-06T04:00:00-05:00,14099.99
2022-11-06T06:00:00-05:00,14509.73
2022-11-06T10:00:00-05:00,17425.2
2022-11-06T11:00:00-05:00,17705.98
2022-11-06T13:00:00-05:00,17843.9
2022-11-06T16:00:00-05:00,17387.6
2022-11-06T17:00:00-05:00,18300.36
2022-11-06T20:00:00-05:00,18026.51
2022-11-06T23:00:00-05:00,15595.71
2022-11-07T00:00:00-05:00,14965.13
2022-11-07T01:00:00-05:00,14640.25
2022-11-07T06:00:00-05:00,15691.44
2022-11-07T09:00:00-05:00,18743.47
2022-11-07T10:00:00-05:00,18703.88
2022-11-07T13:00:00-05:00,18497.78
2022-11-07T15:00:00-05:00,18459.66
2022-11-07T16:00:00-05:00,18784.37
2022-11-08T00:00:00-05:00,17548.8
2022-11-08T06:00:00-05:00,19235.33
2022-11-08T09:00:00-05:00,21716.75
2022-11-08T10:00:00-05:00,21107.89
2022-11-08T11:00:00-05:00,20686.35
2022-11-08T12:00:00-05:00,20427.22
2022-11-08T14:00:00-05:00,19727.08
2022-11-08T18:00:00-05:00,23149.69
2022-11-08T19:00:00-05:00,23188.89
2022-11-08T22:00:00-05:00,21526.07
2022-11-09T00:00:00-05:00,19954.1
2022-11-09T02:00:00-05:00,19605.59
2022-11-09T05:00:00-05:00,20762.13
2022-11-09T09:00:00-05:00,23458.36
2022-11-09T10:00:00-05:00,22439.56
2022-11-09T11:00:00-05:00,21921.72
2022-11-09T12:00:00-05:00,21527.19
2022-11-09T17:00:00-05:00,22674.09
2022-11-10T02:00:00-05:00,18223.46
2022-11-10T03:00:00-05:00,18099.27
2022-11-10T04:00:00-05:00,18061.67
2022-11-10T06:00:00-05:00,19104.07
2022-11-10T07:00:00-05:00,20833.17
2022-11-10T09:00:00-05:00,21726.63
2022-11-10T10:00:00-05:00,21422.29
2022-11-10T11:00:00-05:00,21129.01
2022-11-10T14:00:00-05:00,20398.17
2022-11-10T15:00:00-05:00,20220.95
2022-11-10T20:00:00-05:00,20866.44
2022-11-11T00:00:00-05:00,17414.97
2022-11-11T01:00:00-05:00,16996.84
2022-11-11T02:00:00-05:00,16743.22
2022-11-11T03:00:00-05:00,16692.08
2022-11-11T05:00:00-05:00,17224.91
2022-11-11T06:00:00-05:00,18125.27
2022-11-11T08:00:00-05:00,20707.36
2022-11-11T10:00:00-05:00,20797.18
2022-11-11T12:00:00-05:00,20316.21
2022-11-11T14:00:00-05:00,19803.32
2022-11-11T17:00:00-05:00,20846.13
2022-11-11T19:00:00-05:00,20956.22
2022-11-11T20:00:00-05:00,20401.47
2022-11-12T05:00:00-05:00,16769.28
2022-11-12T07:00:00-05:00,17796.66
2022-11-12T12:00:00-05:00,20522.8
2022-11-12T13:00:00-05:00,20267.28
2022-11-12T17:00:00-05:00,21017.69
2022-11-13T06:00:00-05:00,19043.18
2022-11-13T08:00:00-05:00,20544.27
2022-11-13T09:00:00-05:00,21390.3
2022-11-13T12:00:00-05:00,22300.66
2022-11-13T15:00:00-05:00,22292.28
2022-11-13T16:00:00-05:00,22898.62
2022-11-13T21:00:00-05:00,23697.72
2022-11-13T22:00:00-05:00,23074.81
2022-11-14T05:00:00-05:00,22175.47
2022-11-14T06:00:00-05:00,23299.49
2022-11-14T07:00:00-05:00,25389.54
2022-11-14T09:00:00-05:00,26109.57
2022-11-14T11:00:00-05:00,25126.05
2022-11-14T18:00:00-05:00,27152.55
2022-11-14T19:00:00-05:00,26815.46
2022-11-14T20:00:00-05:00,26193.25
2022-11-14T22:00:00-05:00,24299.67
2022-11-15T01:00:00-05:00,22112.83
2022-11-15T02:00:00-05:00,21945.05
2022-11-15T08:00:00-05:00,26953.33
2022-11-15T16:00:00-05:00,24876.79
2022-11-15T17:00:00-05:00,26134.0
2022-11-15T21:00:00-05:00,25728.27
2022-11-16T00:00:00-05:00,22785.83
2022-11-16T01:00:00-05:00,22357.26
2022-11-16T05:00:00-05:00,22895.68
2022-11-16T08:00:00-05:00,27156.9
2022-11-16T11:00:00-05:00,26814.3
2022-11-16T15:00:00-05:00,26145.21
2022-11-16T16:00:00-05:00,26469.48
2022-11-16T17:00:00-05:00,27638.01
2022-11-16T18:00:00-05:00,28320.58
2022-11-16T23:00:00-05:00,24531.49
2022-11-17T03:00:00-05:00,23244.11
2022-11-17T04:00:00-05:00,23272.92
2022-11-17T05:00:00-05:00,23788.75
2022-11-17T06:00:00-05:00,24758.55
2022-11-17T09:00:00-05:00,27157.05
2022-11-17T11:00:00-05:00,25423.72
2022-11-17T12:00:00-05:00,25133.08
2022-11-17T13:00:00-05:00,25150.8
2022-11-17T19:00:00-05:00,28390.9
2022-11-17T20:00:00-05:00,28000.28
2022-11-18T03:00:00-05:00,24541.07
2022-11-18T05:00:00-05:00,25506.01
2022-11-18T06:00:00-05:00,26559.48
2022-11-18T07:00:00-05:00,28369.84
2022-11-18T10:00:00-05:00,28443.73
2022-11-18T17:00:00-05:00,28414.75
2022-11-19T05:00:00-05:00,24812.34
2022-11-19T06:00:00-05:00,25271.96
2022-11-19T08:00:00-05:00,26831.75
2022-11-19T09:00:00-05:00,26987.92
2022-11-19T13:00:00-05:00,25107.68
2022-11-19T20:00:00-05:00,26030.55
2022-11-20T00:00:00-05:00,23569.58
2022-11-20T01:00:00-05:00,23422.19
2022-11-20T03:00:00-05:00,23073.12
2022-11-20T05:00:00-05:00,23389.94
2022-11-20T06:00:00-05:00,23953.64
2022-11-20T07:00:00-05:00,24824.62
2022-11-20T10:00:00-05:00,26292.09
2022-11-20T12:00:00-05:00,25612.74
2022-11-20T14:00:00-05:00,25068.25
2022-11-20T17:00:00-05:00,28497.81
2022-11-20T19:00:00-05:00,29160.9
2022-11-20T20:00:00-05:00,28896.39
2022-11-20T22:00:00-05:00,27754.21
2022-11-21T00:00:00-05:00,26105.31
2022-11-21T01:00:00-05:00,26080.79
2022-11-21T02:00:00-05:00,26261.12
2022-11-21T10:00:00-05:00,30127.97
2022-11-21T11:00:00-05:00,29704.78
2022-11-21T12:00:00-05:00,29547.69
2022-11-21T15:00:00-05:00,28693.06
2022-11-21T16:00:00-05:00,29019.9
2022-11-21T18:00:00-05:00,30523.9
2022-11-21T19:00:00-05:00,29704.82
2022-11-21T22:00:00-05:00,26761.82
2022-11-22T00:00:00-05:00,24542.12
2022-11-22T02:00:00-05:00,23984.19
2022-11-22T03:00:00-05:00,24075.63
2022-11-22T05:00:00-05:00,24954.66
2022-11-22T07:00:00-05:00,28343.94
2022-11-22T08:00:00-05:00,29232.18
2022-11-22T11:00:00-05:00,25518.7
2022-11-22T19:00:00-05:00,28283.78
2022-11-23T03:00:00-05:00,23329.11
2022-11-23T04:00:00-05:00,23616.02
2022-11-23T07:00:00-05:00,26783.3
2022-11-23T08:00:00-05:00,28004.16
2022-11-23T09:00:00-05:00,27496.77
2022-11-23T22:00:00-05:00,26041.93
2022-11-24T01:00:00-05:00,24123.7
2022-11-24T03:00:00-05:00,24221.63
2022-11-24T05:00:00-05:00,25013.86
2022-11-24T06:00:00-05:00,26218.77
2022-11-24T07:00:00-05:00,28245.35
2022-11-24T08:00:00-05:00,29297.85
2022-11-24T10:00:00-05:00,27430.81
2022-11-24T13:00:00-05:00,25680.11
2022-11-24T14:00:00-05:00,25292.5
2022-11-24T15:00:00-05:00,25190.81
2022-11-24T16:00:00-05:00,26118.41
2022-11-24T18:00:00-05:00,28256.28
2022-11-24T19:00:00-05:00,27966.21
2022-11-24T21:00:00-05:00,26864.6
2022-11-25T01:00:00-05:00,23749.29
2022-11-25T06:00:00-05:00,24768.21
2022-11-25T10:00:00-05:00,27173.33
2022-11-25T11:00:00-05:00,27140.21
2022-11-25T14:00:00-05:00,26173.92
2022-11-25T15:00:00-05:00,25996.53
2022-11-25T17:00:00-05:00,26732.82
2022-11-25T19:00:00-05:00,26690.16
2022-11-25T20:00:00-05:00,25973.35
2022-11-25T21:00:00-05:00,25101.19
2022-11-25T23:00:00-05:00,23514.98
2022-11-26T03:00:00-05:00,21571.48
2022-11-26T04:00:00-05:00,21695.86
2022-11-26T08:00:00-05:00,23962.85
2022-11-26T09:00:00-05:00,24432.86
2022-11-26T11:00:00-05:00,23663.32
2022-11-26T12:00:00-05:00,23114.15
2022-11-26T15:00:00-05:00,21815.55
2022-11-26T18:00:00-05:00,24236.75
2022-11-26T19:00:00-05:00,23899.49
2022-11-26T20:00:00-05:00,23406.41
2022-11-26T21:00:00-05:00,22906.97
2022-11-27T01:00:00-05:00,20870.47
2022-11-27T02:00:00-05:00,20704.68
2022-11-27T08:00:00-05:00,22749.57
2022-11-27T12:00:00-05:00,22353.28
2022-11-27T13:00:00-05:00,22242.61
2022-11-27T15:00:00-05:00,21916.42
2022-11-27T16:00:00-05:00,22532.43
2022-11-27T18:00:00-05:00,24375.0
2022-11-28T03:00:00-05:00,20438.34
2022-11-28T12:00:00-05:00,23842.31
2022-11-28T14:00:00-05:00,23675.01
2022-11-28T15:00:00-05:00,23965.85
2022-11-28T20:00:00-05:00,26332.89
2022-11-28T21:00:00-05:00,25745.09
2022-11-28T23:00:00-05:00,24024.91
2022-11-29T01:00:00-05:00,22892.14
2022-11-29T07:00:00-05:00,26695.09
2022-11-29T15:00:00-05:00,26282.62
2022-11-30T02:00:00-05:00,23234.94
2022-11-30T08:00:00-05:00,27545.39
2022-11-30T17:00:00-05:00,27093.99
2022-11-30T22:00:00-05:00,24326.6
2022-11-30T23:00:00-05:00,23312.13
2022-12-01T00:00:00-05:00,22555.69
2022-12-01T04:00:00-05:00,22489.8
2022-12-01T09:00:00-05:00,27354.78
2022-12-01T13:00:00-05:00,25469.42
2022-12-01T17:00:00-05:00,27758.47
2022-12-02T01:00:00-05:00,24107.91
2022-12-02T03:00:00-05:00,24058.24
2022-12-02T04:00:00-05:00,24386.7
2022-12-02T06:00:00-05:00,25933.25
2022-12-02T10:00:00-05:00,27222.0
2022-12-02T12:00:00-05:00,25711.76
2022-12-02T23:00:00-05:00,23443.86
2022-12-03T02:00:00-05:00,21907.52
2022-12-03T04:00:00-05:00,21686.52
2022-12-03T06:00:00-05:00,22246.4
2022-12-03T09:00:00-05:00,24538.59
2022-12-03T12:00:00-05:00,25847.1
2022-12-03T16:00:00-05:00,24763.91
2022-12-03T17:00:00-05:00,25091.51
2022-12-03T19:00:00-05:00,24532.38
2022-12-04T00:00:00-05:00,22291.35
2022-12-04T02:00:00-05:00,22141.55
2022-12-04T04:00:00-05:00,22591.15
2022-12-04T05:00:00-05:00,23164.15
2022-12-04T10:00:00-05:00,25720.72
2022-12-04T12:00:00-05:00,24984.23
2022-12-04T16:00:00-05:00,26046.51
2022-12-04T18:00:00-05:00,28451.57
2022-12-04T22:00:00-05:00,25797.06
2022-12-05T02:00:00-05:00,23303.62
2022-12-05T12:00:00-05:00,24673.61
2022-12-05T13:00:00-05:00,24042.03
2022-12-05T14:00:00-05:00,24124.24
2022-12-05T15:00:00-05:00,24359.02
2022-12-05T16:00:00-05:00,24897.99
2022-12-06T03:00:00-05:00,21512.38
2022-12-06T04:00:00-05:00,21541.24
2022-12-06T09:00:00-05:00,25676.34
2022-12-06T10:00:00-05:00,24975.73
2022-12-06T11:00:00-05:00,24339.75
2022-12-06T12:00:00-05:00,24247.17
2022-12-06T13:00:00-05:00,24282.01
2022-12-06T15:00:00-05:00,24462.9
2022-12-06T17:00:00-05:00,25956.91
2022-12-06T18:00:00-05:00,26546.99
2022-12-07T02:00:00-05:00,20612.3
2022-12-07T05:00:00-05:00,20289.19
2022-12-07T13:00:00-05:00,23429.97
2022-12-07T15:00:00-05:00,23333.63
2022-12-07T16:00:00-05:00,23455.81
2022-12-07T22:00:00-05:00,22734.98
2022-12-08T00:00:00-05:00,20871.88
2022-12-08T03:00:00-05:00,20272.11
2022-12-08T05:00:00-05:00,20863.3
2022-12-08T07:00:00-05:00,23761.27
2022-12-08T08:00:00-05:00,25330.06
2022-12-08T10:00:00-05:00,24524.52
2022-12-08T11:00:00-05:00,23738.16
2022-12-08T16:00:00-05:00,23305.46
2022-12-08T17:00:00-05:00,25111.23
2022-12-08T21:00:00-05:00,25909.35
2022-12-08T22:00:00-05:00,25431.88
2022-12-09T00:00:00-05:00,24038.56
2022-12-09T01:00:00-05:00,23700.2
2022-12-09T11:00:00-05:00,26914.63
2022-12-09T12:00:00-05:00,26399.93
2022-12-09T18:00:00-05:00,29244.14
2022-12-09T20:00:00-05:00,29068.73
2022-12-10T00:00:00-05:00,27312.09
2022-12-10T02:00:00-05:00,27081.2
2022-12-10T10:00:00-05:00,30628.98
2022-12-10T13:00:00-05:00,28269.69
2022-12-10T14:00:00-05:00,27725.87
2022-12-10T15:00:00-05:00,27657.39
2022-12-10T17:00:00-05:00,30419.94
2022-12-10T18:00:00-05:00,31020.11
2022-12-10T19:00:00-05:00,30776.1
2022-12-10T21:00:00-05:00,29910.41
2022-12-11T00:00:00-05:00,28167.01
2022-12-11T04:00:00-05:00,28100.68
2022-12-11T07:00:00-05:00,29784.26
2022-12-11T09:00:00-05:00,30846.14
2022-12-11T10:00:00-05:00,31103.72
2022-12-11T11:00:00-05:00,30898.16
2022-12-11T16:00:00-05:00,30194.9
2022-12-11T18:00:00-05:00,31541.71
2022-12-11T19:00:00-05:00,31231.36
2022-12-11T20:00:00-05:00,30715.29
2022-12-11T23:00:00-05:00,28043.29
2022-12-12T00:00:00-05:00,27230.41
2022-12-12T01:00:00-05:00,27098.42
2022-12-12T03:00:00-05:00,27324.75
2022-12-12T05:00:00-05:00,28688.64
2022-12-12T08:00:00-05:00,33599.3
2022-12-12T10:00:00-05:00,31184.01
2022-12-12T14:00:00-05:00,27939.55
2022-12-12T15:00:00-05:00,27716.9
2022-12-12T19:00:00-05:00,31720.34
2022-12-12T22:00:00-05:00,29969.62
2022-12-13T05:00:00-05:00,28831.4
2022-12-13T11:00:00-05:00,29583.41
2022-12-13T19:00:00-05:00,30674.81
2022-12-14T00:00:00-05:00,27515.46
2022-12-14T01:00:00-05:00,27326.49
2022-12-14T07:00:00-05:00,30770.78
2022-12-15T08:00:00-05:00,27793.7
2022-12-15T10:00:00-05:00,26141.51
2022-12-15T14:00:00-05:00,24732.15
2022-12-15T15:00:00-05:00,25018.57
2022-12-15T17:00:00-05:00,26988.05
2022-12-15T21:00:00-05:00,26337.67
2022-12-16T00:00:00-05:00,23598.12
2022-12-16T01:00:00-05:00,22963.88
2022-12-16T02:00:00-05:00,22813.11
2022-12-16T08:00:00-05:00,27728.44
2022-12-16T09:00:00-05:00,28166.43
2022-12-16T10:00:00-05:00,28010.76
2022-12-16T12:00:00-05:00,27669.03
2022-12-16T14:00:00-05:00,26948.09
2022-12-16T15:00:00-05:00,26863.48
2022-12-16T16:00:00-05:00,27172.42
2022-12-16T18:00:00-05:00,28454.12
2022-12-16T23:00:00-05:00,25081.76
2022-12-17T05:00:00-05:00,23733.53
2022-12-17T06:00:00-05:00,24201.28
2022-12-17T08:00:00-05:00,25973.51
2022-12-17T09:00:00-05:00,26612.51
2022-12-17T21:00:00-05:00,26269.34
2022-12-18T00:00:00-05:00,24129.31
2022-12-18T06:00:00-05:00,24267.8
2022-12-18T12:00:00-05:00,26009.37
2022-12-18T19:00:00-05:00,28521.63
2022-12-18T23:00:00-05:00,25483.63
2022-12-19T00:00:00-05:00,24568.68
2022-12-19T01:00:00-05:00,24251.99
2022-12-19T02:00:00-05:00,24041.74
2022-12-19T03:00:00-05:00,24030.54
2022-12-19T04:00:00-05:00,24148.39
2022-12-19T08:00:00-05:00,29038.52
2022-12-19T09:00:00-05:00,28914.68
2022-12-19T11:00:00-05:00,27586.44
2022-12-19T13:00:00-05:00,26223.96
2022-12-19T14:00:00-05:00,25657.32
2022-12-19T20:00:00-05:00,28308.01
2022-12-20T04:00:00-05:00,24665.0
2022-12-20T14:00:00-05:00,26530.65
2022-12-20T19:00:00-05:00,29577.01
2022-12-20T21:00:00-05:00,28593.77
2022-12-20T23:00:00-05:00,26655.49
2022-12-21T03:00:00-05:00,25129.62
2022-12-21T07:00:00-05:00,28502.05
2022-12-21T09:00:00-05:00,29609.81
2022-12-21T10:00:00-05:00,29131.9
2022-12-21T11:00:00-05:00,28354.15
2022-12-21T16:00:00-05:00,28071.01
2022-12-21T19:00:00-05:00,29562.3
2022-12-21T20:00:00-05:00,29321.32
2022-12-21T22:00:00-05:00,28031.64
2022-12-21T23:00:00-05:00,27212.3
2022-12-22T01:00:00-05:00,26101.06
2022-12-22T02:00:00-05:00,26179.65
2022-12-22T04:00:00-05:00,26848.33
2022-12-22T08:00:00-05:00,31859.5
2022-12-22T12:00:00-05:00,29333.24
2022-12-22T13:00:00-05:00,28722.58
2022-12-22T14:00:00-05:00,28724.75
2022-12-22T18:00:00-05:00,31239.85
2022-12-22T23:00:00-05:00,27550.16
2022-12-23T00:00:00-05:00,26527.61
2022-12-23T02:00:00-05:00,25467.41
2022-12-23T09:00:00-05:00,27800.45
2022-12-23T10:00:00-05:00,27372.89
2022-12-23T11:00:00-05:00,27101.44
2022-12-23T12:00:00-05:00,27268.52
2022-12-23T14:00:00-05:00,26169.16
2022-12-23T16:00:00-05:00,25863.24
2022-12-23T18:00:00-05:00,27361.15
2022-12-24T01:00:00-05:00,25192.2
2022-12-24T03:00:00-05:00,24759.53
2022-12-24T05:00:00-05:00,25687.65
2022-12-24T06:00:00-05:00,25700.29
2022-12-24T07:00:00-05:00,26662.2
2022-12-24T10:00:00-05:00,29033.4
2022-12-24T14:00:00-05:00,30158.54
2022-12-24T22:00:00-05:00,28910.61
2022-12-25T00:00:00-05:00,28179.21
2022-12-25T01:00:00-05:00,27747.11
2022-12-25T08:00:00-05:00,28790.61
2022-12-25T14:00:00-05:00,28765.8
2022-12-25T16:00:00-05:00,28933.68
2022-12-25T19:00:00-05:00,28684.02
2022-12-26T04:00:00-05:00,26523.16
2022-12-26T06:00:00-05:00,27420.36
2022-12-26T11:00:00-05:00,28726.68
2022-12-26T15:00:00-05:00,28470.5
2022-12-26T16:00:00-05:00,29103.48
2022-12-26T17:00:00-05:00,29969.92
2022-12-26T18:00:00-05:00,30261.46
2022-12-26T23:00:00-05:00,27166.05
2022-12-27T03:00:00-05:00,25821.81
2022-12-27T06:00:00-05:00,26851.94
2022-12-27T07:00:00-05:00,27866.75
2022-12-27T19:00:00-05:00,30714.88
2022-12-28T00:00:00-05:00,27244.5
2022-12-28T06:00:00-05:00,27410.37
2022-12-28T07:00:00-05:00,28252.36
2022-12-28T10:00:00-05:00,29094.94
2022-12-28T11:00:00-05:00,28842.97
2022-12-28T14:00:00-05:00,28442.69
2022-12-28T22:00:00-05:00,26538.02
2022-12-29T06:00:00-05:00,25093.16
2022-12-29T13:00:00-05:00,25486.81
2022-12-29T14:00:00-05:00,24620.07
2022-12-29T17:00:00-05:00,26699.94
2022-12-30T03:00:00-05:00,21295.5
2022-12-30T05:00:00-05:00,21530.55
2022-12-30T06:00:00-05:00,22112.04
2022-12-30T07:00:00-05:00,22895.36
2022-12-30T11:00:00-05:00,24612.73
2022-12-30T12:00:00-05:00,24722.45
2022-12-30T13:00:00-05:00,24627.15
2022-12-30T15:00:00-05:00,24101.78
2022-12-30T20:00:00-05:00,23599.1
2022-12-31T05:00:00-05:00,19563.03
2022-12-31T06:00:00-05:00,19796.87
2022-12-31T09:00:00-05:00,21706.3
2022-12-31T10:00:00-05:00,22417.32
2022-12-31T11:00:00-05:00,22943.6
2022-12-31T14:00:00-05:00,22904.95
2022-12-31T16:00:00-05:00,23115.68
2022-12-31T17:00:00-05:00,23776.97
2022-12-31T18:00:00-05:00,23996.02
2022-12-31T19:00:00-05:00,23381.99
2022-01-01T03:00:00-05:00,21935.15
2022-01-01T08:00:00-05:00,23697.6
2022-01-01T09:00:00-05:00,24165.97
2022-01-01T11:00:00-05:00,24790.84
2022-01-01T15:00:00-05:00,24536.36
2022-01-01T16:00:00-05:00,24711.39
2022-01-01T18:00:00-05:00,25979.64
2022-01-01T20:00:00-05:00,24863.64
2022-01-02T04:00:00-05:00,23422.42
2022-01-02T09:00:00-05:00,27385.37
2022-01-02T10:00:00-05:00,28329.6
2022-01-02T18:00:00-05:00,30737.24
2022-01-02T19:00:00-05:00,30398.8
2022-01-03T08:00:00-05:00,33828.36
2022-01-03T10:00:00-05:00,32671.34
2022-01-03T11:00:00-05:00,32000.17
2022-01-03T12:00:00-05:00,31515.17
2022-01-03T13:00:00-05:00,30751.04
2022-01-03T15:00:00-05:00,30420.18
2022-01-03T16:00:00-05:00,31527.37
2022-01-03T21:00:00-05:00,33554.34
2022-01-03T22:00:00-05:00,33212.79
2022-01-03T23:00:00-05:00,32331.73
2022-01-04T03:00:00-05:00,31309.69
2022-01-04T05:00:00-05:00,31679.54
2022-01-04T08:00:00-05:00,34512.6
2022-01-04T12:00:00-05:00,33933.71
2022-01-04T20:00:00-05:00,32010.03
2022-01-04T22:00:00-05:00,29970.9
2022-01-04T23:00:00-05:00,28819.42
2022-01-05T00:00:00-05:00,27800.86
2022-01-05T02:00:00-05:00,26873.24
2022-01-05T04:00:00-05:00,27108.75
2022-01-05T21:00:00-05:00,28448.32
2022-01-05T22:00:00-05:00,27424.99
2022-01-06T00:00:00-05:00,25414.12
2022-01-06T03:00:00-05:00,24716.74
2022-01-06T07:00:00-05:00,27649.11
2022-01-06T15:00:00-05:00,28656.81
2022-01-06T16:00:00-05:00,29143.38
2022-01-06T18:00:00-05:00,31343.02
2022-01-06T21:00:00-05:00,29897.15
2022-01-07T03:00:00-05:00,26715.5
2022-01-07T05:00:00-05:00,27538.64
2022-01-07T08:00:00-05:00,31355.43
2022-01-07T09:00:00-05:00,31860.7
2022-01-07T12:00:00-05:00,30247.18
2022-01-07T16:00:00-05:00,29942.51
2022-01-07T21:00:00-05:00,30903.95
2022-01-08T00:00:00-05:00,29043.8
2022-01-08T01:00:00-05:00,29020.45
2022-01-08T02:00:00-05:00,29093.72
2022-01-08T06:00:00-05:00,31580.26
2022-01-08T14:00:00-05:00,30241.22
2022-01-08T20:00:00-05:00,33131.0
2022-01-08T22:00:00-05:00,31660.1
2022-01-09T02:00:00-05:00,28692.44
2022-01-09T03:00:00-05:00,28392.62
2022-01-09T05:00:00-05:00,28462.12
2022-01-09T06:00:00-05:00,28833.12
2022-01-09T07:00:00-05:00,29271.08
2022-01-09T09:00:00-05:00,30083.83
2022-01-09T10:00:00-05:00,30607.68
2022-01-09T12:00:00-05:00,31090.48
2022-01-09T14:00:00-05:00,30077.26
2022-01-09T22:00:00-05:00,27495.91
2022-01-10T04:00:00-05:00,27545.63
2022-01-10T06:00:00-05:00,29843.83
2022-01-10T10:00:00-05:00,32713.78
2022-01-10T11:00:00-05:00,31863.18
2022-01-10T13:00:00-05:00,30800.55
2022-01-10T16:00:00-05:00,31977.17
2022-01-10T17:00:00-05:00,34256.94
2022-01-10T21:00:00-05:00,34378.31
2022-01-11T00:00:00-05:00,32751.8
2022-01-11T01:00:00-05:00,32685.53
2022-01-11T04:00:00-05:00,33982.42
2022-01-11T06:00:00-05:00,36058.59
2022-01-11T09:00:00-05:00,39306.9
2022-01-11T11:00:00-05:00,36100.19
2022-01-11T16:00:00-05:00,35948.33
2022-01-11T18:00:00-05:00,39319.12
2022-01-11T19:00:00-05:00,39231.02
2022-01-11T23:00:00-05:00,35659.37
2022-01-12T03:00:00-05:00,34143.92
2022-01-12T10:00:00-05:00,37010.02
2022-01-12T14:00:00-05:00,35076.89
2022-01-12T20:00:00-05:00,34441.32
2022-01-12T21:00:00-05:00,33407.92
2022-01-12T22:00:00-05:00,32288.95
2022-01-13T00:00:00-05:00,29841.2
2022-01-13T01:00:00-05:00,29431.64
2022-01-13T02:00:00-05:00,29348.23
2022-01-13T03:00:00-05:00,29439.87
2022-01-13T08:00:00-05:00,34144.94
2022-01-13T09:00:00-05:00,34378.09
2022-01-13T13:00:00-05:00,32639.54
2022-01-13T21:00:00-05:00,31771.57
2022-01-14T03:00:00-05:00,27348.9
2022-01-14T05:00:00-05:00,28057.4
2022-01-14T11:00:00-05:00,30241.88
2022-01-14T14:00:00-05:00,29174.74
2022-01-14T15:00:00-05:00,29496.02
2022-01-14T16:00:00-05:00,30748.28
2022-01-14T17:00:00-05:00,33032.6
2022-01-14T18:00:00-05:00,34838.69
2022-01-14T21:00:00-05:00,34650.34
2022-01-14T22:00:00-05:00,34385.58
2022-01-15T01:00:00-05:00,33427.1
2022-01-15T07:00:00-05:00,36999.7
2022-01-15T11:00:00-05:00,36088.63
2022-01-15T12:00:00-05:00,35323.92
2022-01-15T15:00:00-05:00,33902.0
2022-01-15T23:00:00-05:00,35413.45
2022-01-16T00:00:00-05:00,34689.0
2022-01-16T01:00:00-05:00,34528.75
2022-01-16T03:00:00-05:00,35054.75
2022-01-16T04:00:00-05:00,35279.69
2022-01-16T05:00:00-05:00,35648.5
2022-01-16T11:00:00-05:00,35153.76
2022-01-16T13:00:00-05:00,33341.48
2022-01-16T18:00:00-05:00,36523.14
2022-01-17T03:00:00-05:00,32035.65
2022-01-17T07:00:00-05:00,34585.68
2022-01-17T08:00:00-05:00,35497.55
2022-01-17T09:00:00-05:00,35516.08
2022-01-17T12:00:00-05:00,34228.0
2022-01-17T20:00:00-05:00,31888.25
2022-01-17T22:00:00-05:00,29863.05
2022-01-18T01:00:00-05:00,27585.12
2022-01-18T02:00:00-05:00,27582.88
2022-01-18T03:00:00-05:00,27810.42
2022-01-18T08:00:00-05:00,33948.82
2022-01-18T10:00:00-05:00,32657.5
2022-01-18T11:00:00-05:00,31515.85
2022-01-18T13:00:00-05:00,30487.04
2022-01-18T14:00:00-05:00,30234.21
2022-01-18T16:00:00-05:00,31619.02
2022-01-18T20:00:00-05:00,35369.47
2022-01-19T03:00:00-05:00,32507.81
2022-01-19T04:00:00-05:00,32770.32
2022-01-19T05:00:00-05:00,32920.19
2022-01-19T07:00:00-05:00,36074.71
2022-01-19T10:00:00-05:00,36587.01
2022-01-19T12:00:00-05:00,36563.17
2022-01-19T13:00:00-05:00,36400.57
2022-01-19T14:00:00-05:00,35950.47
2022-01-19T22:00:00-05:00,32855.78
2022-01-20T01:00:00-05:00,29688.73
2022-01-20T02:00:00-05:00,29411.51
2022-01-20T07:00:00-05:00,34165.91
2022-01-20T11:00:00-05:00,32204.29
2022-01-20T12:00:00-05:00,31407.19
2022-01-20T14:00:00-05:00,30544.59
2022-01-20T19:00:00-05:00,36423.15
2022-01-20T21:00:00-05:00,35774.36
2022-01-20T23:00:00-05:00,34121.77
2022-01-21T10:00:00-05:00,37644.65
2022-01-21T12:00:00-05:00,34465.51
2022-01-21T13:00:00-05:00,33905.32
2022-01-22T05:00:00-05:00,35916.73
2022-01-22T09:00:00-05:00,38809.17
2022-01-22T10:00:00-05:00,37744.99
2022-01-22T12:00:00-05:00,35037.26
2022-01-22T17:00:00-05:00,36194.92
2022-01-22T20:00:00-05:00,35778.64
2022-01-22T22:00:00-05:00,34239.73
2022-01-22T23:00:00-05:00,33346.43
2022-01-23T01:00:00-05:00,31910.9
2022-01-23T04:00:00-05:00,31661.96
2022-01-23T08:00:00-05:00,33294.42
2022-01-23T11:00:00-05:00,31950.21
2022-01-23T12:00:00-05:00,31109.48
2022-01-23T14:00:00-05:00,29403.6
2022-01-23T15:00:00-05:00,29170.04
2022-01-23T16:00:00-05:00,30038.61
2022-01-23T18:00:00-05:00,34094.97
2022-01-23T21:00:00-05:00,33702.9
2022-01-24T00:00:00-05:00,31744.13
2022-01-24T03:00:00-05:00,32978.11
2022-01-24T05:00:00-05:00,34528.41
2022-01-24T09:00:00-05:00,38515.84
2022-01-24T14:00:00-05:00,32947.27
2022-01-24T18:00:00-05:00,36994.19
2022-01-24T21:00:00-05:00,34935.52
2022-01-24T23:00:00-05:00,32913.46
2022-01-25T03:00:00-05:00,31683.84
2022-01-25T10:00:00-05:00,34182.15
2022-01-25T12:00:00-05:00,31954.28
2022-01-25T15:00:00-05:00,30658.97
2022-01-25T18:00:00-05:00,35013.11
2022-01-25T21:00:00-05:00,33777.2
2022-01-25T22:00:00-05:00,32849.36
2022-01-25T23:00:00-05:00,31891.85
2022-01-26T00:00:00-05:00,31252.75
2022-01-26T01:00:00-05:00,31100.48
2022-01-26T03:00:00-05:00,32087.77
2022-01-26T05:00:00-05:00,33554.05
2022-01-26T10:00:00-05:00,35845.4
2022-01-26T12:00:00-05:00,33683.71
2022-01-26T13:00:00-05:00,32820.48
2022-01-26T14:00:00-05:00,32357.33
2022-01-26T16:00:00-05:00,33075.64
2022-01-26T19:00:00-05:00,38065.79
2022-01-27T01:00:00-05:00,35230.06
2022-01-27T02:00:00-05:00,35464.54
2022-01-27T05:00:00-05:00,36265.02
2022-01-27T14:00:00-05:00,34504.48
2022-01-27T15:00:00-05:00,33952.15
2022-01-27T19:00:00-05:00,35507.59
2022-01-27T20:00:00-05:00,34908.2
2022-01-27T21:00:00-05:00,33968.9
2022-01-28T01:00:00-05:00,29810.01
2022-01-28T18:00:00-05:00,35010.84
2022-01-28T21:00:00-05:00,34850.75
2022-01-28T23:00:00-05:00,33461.54
2022-01-29T01:00:00-05:00,33017.35
2022-01-29T09:00:00-05:00,37042.79
2022-01-29T10:00:00-05:00,36917.91
2022-01-29T15:00:00-05:00,34435.29
2022-01-29T18:00:00-05:00,36143.59
2022-01-29T20:00:00-05:00,34770.88
2022-01-29T22:00:00-05:00,33591.89
2022-01-29T23:00:00-05:00,32866.65
2022-01-30T01:00:00-05:00,31870.33
2022-01-30T03:00:00-05:00,32045.8
2022-01-30T06:00:00-05:00,33487.81
2022-01-30T07:00:00-05:00,34488.96
2022-01-30T08:00:00-05:00,35317.38
2022-01-30T13:00:00-05:00,31047.73
2022-01-30T14:00:00-05:00,30260.93
2022-01-30T21:00:00-05:00,33196.39
2022-01-31T00:00:00-05:00,30814.56
2022-01-31T13:00:00-05:00,30624.54
2022-01-31T16:00:00-05:00,30415.53
2022-01-31T18:00:00-05:00,34678.37
2022-01-31T20:00:00-05:00,34406.1
2022-01-31T21:00:00-05:00,33958.1
2022-01-31T22:00:00-05:00,33156.8
2022-02-01T04:00:00-05:00,32720.21
2022-02-01T06:00:00-05:00,34575.35
2022-02-01T09:00:00-05:00,36414.6
2022-02-01T14:00:00-05:00,29955.97
2022-02-01T16:00:00-05:00,30493.3
2022-02-01T22:00:00-05:00,30446.77
2022-02-02T02:00:00-05:00,27175.65
2022-02-02T06:00:00-05:00,27789.91
2022-02-02T08:00:00-05:00,30657.19
2022-02-02T10:00:00-05:00,29258.73
2022-02-02T12:00:00-05:00,27794.36
2022-02-02T17:00:00-05:00,27647.19
2022-02-02T18:00:00-05:00,28899.19
2022-02-02T22:00:00-05:00,26156.14
2022-02-03T01:00:00-05:00,23632.35
2022-02-03T03:00:00-05:00,23539.03
2022-02-03T04:00:00-05:00,23549.14
2022-02-03T06:00:00-05:00,25059.61
2022-02-03T07:00:00-05:00,27004.31
2022-02-03T08:00:00-05:00,28451.84
2022-02-03T13:00:00-05:00,27900.5
2022-02-03T17:00:00-05:00,30492.81
2022-02-03T18:00:00-05:00,31812.9
2022-02-04T00:00:00-05:00,28918.05
2022-02-04T01:00:00-05:00,28713.83
2022-02-04T04:00:00-05:00,29516.08
2022-02-04T05:00:00-05:00,30189.67
2022-02-04T06:00:00-05:00,31508.53
2022-02-04T09:00:00-05:00,35223.37
2022-02-04T12:00:00-05:00,33412.34
2022-02-04T15:00:00-05:00,32655.23
2022-02-04T17:00:00-05:00,34112.54
2022-02-04T20:00:00-05:00,33877.64
2022-02-04T21:00:00-05:00,33035.62
2022-02-05T06:00:00-05:00,30970.96
2022-02-05T07:00:00-05:00,32089.64
2022-02-05T09:00:00-05:00,33173.49
2022-02-05T13:00:00-05:00,29491.02
2022-02-05T14:00:00-05:00,28932.13
2022-02-05T17:00:00-05:00,31160.62
2022-02-05T18:00:00-05:00,33583.31
2022-02-05T20:00:00-05:00,33545.63
2022-02-05T21:00:00-05:00,33325.34
2022-02-05T23:00:00-05:00,32226.19
2022-02-06T01:00:00-05:00,31740.09
2022-02-06T02:00:00-05:00,31860.87
2022-02-06T09:00:00-05:00,35434.21
2022-02-06T10:00:00-05:00,35233.1
2022-02-06T11:00:00-05:00,34578.26
2022-02-06T12:00:00-05:00,34052.82
2022-02-06T15:00:00-05:00,32307.58
2022-02-06T16:00:00-05:00,32724.32
2022-02-06T18:00:00-05:00,34749.09
2022-02-06T20:00:00-05:00,33448.32
2022-02-06T21:00:00-05:00,32652.19
2022-02-06T23:00:00-05:00,30399.74
2022-02-07T02:00:00-05:00,28801.2
2022-02-07T03:00:00-05:00,28883.8
2022-02-07T05:00:00-05:00,29512.22
2022-02-07T09:00:00-05:00,33036.6
2022-02-07T10:00:00-05:00,31382.39
2022-02-07T18:00:00-05:00,31283.73
2022-02-07T19:00:00-05:00,31232.36
2022-02-07T22:00:00-05:00,29021.9
2022-02-07T23:00:00-05:00,27856.26
2022-02-08T03:00:00-05:00,26734.44
2022-02-08T04:00:00-05:00,26987.18
2022-02-08T06:00:00-05:00,28538.41
2022-02-08T10:00:00-05:00,30220.88
2022-02-08T13:00:00-05:00,28453.41
2022-02-08T15:00:00-05:00,27684.03
2022-02-08T19:00:00-05:00,30443.36
2022-02-08T20:00:00-05:00,29899.89
2022-02-09T02:00:00-05:00,25256.77
2022-02-09T03:00:00-05:00,25244.57
2022-02-09T04:00:00-05:00,25572.1
2022-02-09T11:00:00-05:00,26356.66
2022-02-10T02:00:00-05:00,23385.49
2022-02-10T03:00:00-05:00,23320.28
2022-02-10T05:00:00-05:00,23831.46
2022-02-10T07:00:00-05:00,26496.33
2022-02-10T08:00:00-05:00,27793.44
2022-02-10T09:00:00-05:00,27695.44
2022-02-10T13:00:00-05:00,25651.49
2022-02-10T20:00:00-05:00,27203.84
2022-02-11T03:00:00-05:00,22968.75
2022-02-11T06:00:00-05:00,24490.36
2022-02-11T08:00:00-05:00,27640.51
2022-02-11T14:00:00-05:00,25504.23
2022-02-11T16:00:00-05:00,25534.91
2022-02-11T20:00:00-05:00,26314.7
2022-02-12T02:00:00-05:00,22273.96
2022-02-12T04:00:00-05:00,22154.54
2022-02-12T05:00:00-05:00,22298.53
2022-02-12T07:00:00-05:00,23495.52
2022-02-12T08:00:00-05:00,24445.44
2022-02-12T09:00:00-05:00,25237.33
2022-02-12T11:00:00-05:00,25701.81
2022-02-12T14:00:00-05:00,25830.61
2022-02-12T16:00:00-05:00,26800.81
2022-02-12T18:00:00-05:00,29643.37
2022-02-12T23:00:00-05:00,29132.56
2022-02-13T02:00:00-05:00,29077.07
2022-02-13T03:00:00-05:00,29614.96
2022-02-13T04:00:00-05:00,30148.84
2022-02-13T05:00:00-05:00,30897.2
2022-02-13T07:00:00-05:00,33355.27
2022-02-13T11:00:00-05:00,31767.91
2022-02-13T13:00:00-05:00,31016.41
2022-02-13T14:00:00-05:00,30187.82
2022-02-13T18:00:00-05:00,34059.73
2022-02-13T22:00:00-05:00,32984.83
2022-02-14T04:00:00-05:00,32172.17
2022-02-14T07:00:00-05:00,35907.6
2022-02-14T08:00:00-05:00,37201.14
2022-02-14T14:00:00-05:00,30950.94
2022-02-14T15:00:00-05:00,30699.07
2022-02-14T22:00:00-05:00,34135.7
2022-02-15T03:00:00-05:00,32422.93
2022-02-15T07:00:00-05:00,36112.55
2022-02-15T08:00:00-05:00,37191.83
2022-02-15T12:00:00-05:00,31560.12
2022-02-15T14:00:00-05:00,30038.39
2022-02-15T15:00:00-05:00,29812.16
2022-02-15T16:00:00-05:00,30032.54
2022-02-15T20:00:00-05:00,34430.04
2022-02-15T21:00:00-05:00,34010.33
2022-02-15T23:00:00-05:00,32441.03
2022-02-16T05:00:00-05:00,32582.72
2022-02-16T11:00:00-05:00,33289.95
2022-02-16T12:00:00-05:00,31966.41
2022-02-16T15:00:00-05:00,29804.4
2022-02-16T20:00:00-05:00,30378.91
2022-02-16T21:00:00-05:00,29416.66
2022-02-17T00:00:00-05:00,25440.66
2022-02-17T01:00:00-05:00,24498.97
2022-02-17T02:00:00-05:00,23924.32
2022-02-17T04:00:00-05:00,23506.78
2022-02-17T09:00:00-05:00,27857.94
2022-02-17T12:00:00-05:00,27059.06
2022-02-17T13:00:00-05:00,26794.36
2022-02-17T16:00:00-05:00,26479.47
2022-02-17T18:00:00-05:00,27989.56
2022-02-17T19:00:00-05:00,27786.79
2022-02-17T20:00:00-05:00,27491.29
2022-02-18T05:00:00-05:00,26572.14
2022-02-18T08:00:00-05:00,30889.13
2022-02-18T09:00:00-05:00,31255.83
2022-02-18T12:00:00-05:00,28530.47
2022-02-18T18:00:00-05:00,31875.31
2022-02-18T22:00:00-05:00,31349.77
2022-02-18T23:00:00-05:00,30573.5
2022-02-19T02:00:00-05:00,29831.65
2022-02-19T06:00:00-05:00,30958.18
2022-02-19T07:00:00-05:00,32001.86
2022-02-19T08:00:00-05:00,32750.52
2022-02-19T11:00:00-05:00,32352.91
2022-02-19T16:00:00-05:00,29535.15
2022-02-19T18:00:00-05:00,32267.63
2022-02-19T19:00:00-05:00,32526.14
2022-02-20T01:00:00-05:00,29840.28
2022-02-20T03:00:00-05:00,30050.37
2022-02-20T05:00:00-05:00,30875.79
2022-02-20T06:00:00-05:00,31699.35
2022-02-20T07:00:00-05:00,32757.34
2022-02-20T10:00:00-05:00,31093.67
2022-02-20T12:00:00-05:00,31309.2
2022-02-20T13:00:00-05:00,31448.0
2022-02-20T14:00:00-05:00,30786.6
2022-02-20T16:00:00-05:00,31139.01
2022-02-20T17:00:00-05:00,31931.05
2022-02-20T18:00:00-05:00,32782.47
2022-02-20T21:00:00-05:00,30559.48
2022-02-20T22:00:00-05:00,29371.97
2022-02-21T02:00:00-05:00,25571.73
2022-02-21T04:00:00-05:00,25227.65
2022-02-21T07:00:00-05:00,28275.39
2022-02-21T11:00:00-05:00,27217.25
2022-02-21T17:00:00-05:00,29056.52
2022-02-21T20:00:00-05:00,30877.9
2022-02-22T00:00:00-05:00,28123.46
2022-02-22T05:00:00-05:00,29063.5
2022-02-22T13:00:00-05:00,31248.51
2022-02-22T16:00:00-05:00,31766.53
2022-02-22T20:00:00-05:00,32354.37
2022-02-22T22:00:00-05:00,29771.07
2022-02-23T01:00:00-05:00,26340.19
2022-02-23T05:00:00-05:00,25802.71
2022-02-23T08:00:00-05:00,29424.98
2022-02-23T09:00:00-05:00,29134.22
2022-02-23T10:00:00-05:00,29140.15
2022-02-23T11:00:00-05:00,29206.05
2022-02-23T12:00:00-05:00,29397.25
2022-02-23T15:00:00-05:00,28398.61
2022-02-23T18:00:00-05:00,32775.81
2022-02-24T01:00:00-05:00,29790.42
2022-02-24T08:00:00-05:00,35520.93
2022-02-24T09:00:00-05:00,34412.84
2022-02-24T10:00:00-05:00,32547.91
2022-02-24T12:00:00-05:00,30392.34
2022-02-24T17:00:00-05:00,29924.04
2022-02-24T19:00:00-05:00,33592.68
2022-02-24T20:00:00-05:00,33529.42
2022-02-24T21:00:00-05:00,33304.71
2022-02-25T00:00:00-05:00,30762.98
2022-02-25T01:00:00-05:00,30301.18
2022-02-25T04:00:00-05:00,30963.04
2022-02-25T05:00:00-05:00,31654.2
2022-02-25T11:00:00-05:00,35583.53
2022-02-25T12:00:00-05:00,35347.16
2022-02-25T14:00:00-05:00,34623.64
2022-02-25T18:00:00-05:00,35583.88
2022-02-26T00:00:00-05:00,32172.0
2022-02-26T01:00:00-05:00,31935.86
2022-02-26T02:00:00-05:00,31811.04
2022-02-26T03:00:00-05:00,32101.86
2022-02-26T05:00:00-05:00,33017.98
2022-02-26T09:00:00-05:00,33889.23
2022-02-26T13:00:00-05:00,28917.19
2022-02-26T18:00:00-05:00,30900.61
2022-02-26T20:00:00-05:00,30714.42
2022-02-26T21:00:00-05:00,30009.1
2022-02-27T01:00:00-05:00,27224.86
2022-02-27T03:00:00-05:00,27029.65
2022-02-27T05:00:00-05:00,27129.44
2022-02-27T07:00:00-05:00,28094.46
2022-02-27T14:00:00-05:00,26924.62
2022-02-28T01:00:00-05:00,29148.54
2022-02-28T03:00:00-05:00,29878.25
2022-02-28T09:00:00-05:00,33655.73
2022-02-28T13:00:00-05:00,30273.8
2022-02-28T17:00:00-05:00,30767.3
2022-02-28T18:00:00-05:00,33396.38
2022-02-28T21:00:00-05:00,33834.53
2022-02-28T22:00:00-05:00,33119.43
2022-03-01T02:00:00-05:00,31143.94
2022-03-01T05:00:00-05:00,32470.86
2022-03-01T11:00:00-05:00,33433.15
2022-03-01T13:00:00-05:00,32638.13
2022-03-01T15:00:00-05:00,32637.69
2022-03-01T21:00:00-05:00,32679.05
2022-03-01T23:00:00-05:00,30196.54
2022-03-02T02:00:00-05:00,28818.51
2022-03-02T06:00:00-05:00,31209.31
2022-03-02T08:00:00-05:00,33210.29
2022-03-02T10:00:00-05:00,30220.43
2022-03-02T17:00:00-05:00,28844.85
2022-03-02T19:00:00-05:00,30912.93
2022-03-02T20:00:00-05:00,30642.95
2022-03-02T21:00:00-05:00,30133.28
2022-03-02T22:00:00-05:00,29416.25
2022-03-02T23:00:00-05:00,28405.23
2022-03-03T02:00:00-05:00,26882.85
2022-03-03T07:00:00-05:00,31624.92
2022-03-03T14:00:00-05:00,27474.39
2022-03-03T18:00:00-05:00,32008.18
2022-03-03T20:00:00-05:00,33386.02
2022-03-03T21:00:00-05:00,33137.4
2022-03-03T22:00:00-05:00,32650.75
2022-03-04T02:00:00-05:00,31191.18
2022-03-04T03:00:00-05:00,31551.74
2022-03-04T06:00:00-05:00,33609.0
2022-03-04T12:00:00-05:00,30083.57
2022-03-04T13:00:00-05:00,29024.35
2022-03-04T14:00:00-05:00,28306.65
2022-03-04T16:00:00-05:00,27962.61
2022-03-04T20:00:00-05:00,30970.84
2022-03-04T21:00:00-05:00,30521.85
2022-03-04T22:00:00-05:00,29797.33
2022-03-05T00:00:00-05:00,28206.8
2022-03-05T01:00:00-05:00,27989.74
2022-03-05T07:00:00-05:00,31420.55
2022-03-05T10:00:00-05:00,28455.79
2022-03-05T14:00:00-05:00,25249.38
2022-03-05T15:00:00-05:00,24910.55
2022-03-05T16:00:00-05:00,25396.89
2022-03-05T21:00:00-05:00,27478.45
2022-03-05T23:00:00-05:00,26199.73
2022-03-06T02:00:00-05:00,25027.76
2022-03-06T03:00:00-05:00,25168.07
2022-03-06T05:00:00-05:00,25315.3
2022-03-06T06:00:00-05:00,25729.25
2022-03-06T07:00:00-05:00,26346.19
2022-03-06T10:00:00-05:00,27924.06
2022-03-06T11:00:00-05:00,27994.54
2022-03-06T12:00:00-05:00,27790.8
2022-03-06T13:00:00-05:00,26868.17
2022-03-06T16:00:00-05:00,24947.72
2022-03-06T18:00:00-05:00,26716.07
2022-03-06T19:00:00-05:00,26873.37
2022-03-06T22:00:00-05:00,24751.75
2022-03-07T02:00:00-05:00,22421.13
2022-03-07T07:00:00-05:00,25956.5
2022-03-07T11:00:00-05:00,26444.19
2022-03-07T12:00:00-05:00,26524.26
2022-03-07T14:00:00-05:00,26512.14
2022-03-07T15:00:00-05:00,26617.18
2022-03-07T23:00:00-05:00,25829.27
2022-03-08T01:00:00-05:00,24426.69
2022-03-08T02:00:00-05:00,24379.68
2022-03-08T09:00:00-05:00,27871.9
2022-03-08T10:00:00-05:00,26627.27
2022-03-08T11:00:00-05:00,25923.53
2022-03-08T12:00:00-05:00,25498.04
2022-03-08T13:00:00-05:00,25072.59
2022-03-08T19:00:00-05:00,29082.59
2022-03-08T20:00:00-05:00,29031.48
2022-03-08T23:00:00-05:00,26969.35
2022-03-09T00:00:00-05:00,26130.68
2022-03-09T02:00:00-05:00,25651.84
2022-03-09T08:00:00-05:00,29944.77
2022-03-09T16:00:00-05:00,24292.98
2022-03-09T17:00:00-05:00,25650.34
2022-03-09T20:00:00-05:00,27329.64
2022-03-09T21:00:00-05:00,26760.17
2022-03-10T00:00:00-05:00,24047.5
2022-03-10T03:00:00-05:00,23375.68
2022-03-10T12:00:00-05:00,24232.15
2022-03-10T18:00:00-05:00,25791.16
2022-03-10T21:00:00-05:00,26829.42
2022-03-10T22:00:00-05:00,26265.27
2022-03-11T02:00:00-05:00,24038.17
2022-03-11T08:00:00-05:00,28693.11
2022-03-11T16:00:00-05:00,25675.68
2022-03-11T20:00:00-05:00,27636.65
2022-03-11T22:00:00-05:00,26287.5
2022-03-12T03:00:00-05:00,24077.23
2022-03-12T06:00:00-05:00,24745.85
2022-03-12T07:00:00-05:00,25802.29
2022-03-12T11:00:00-05:00,27174.98
2022-03-12T12:00:00-05:00,27230.46
2022-03-12T14:00:00-05:00,26912.12
2022-03-12T20:00:00-05:00,28338.33
2022-03-12T22:00:00-05:00,27418.66
2022-03-12T23:00:00-05:00,26913.63
2022-03-13T03:00:00-04:00,25943.48
2022-03-13T07:00:00-04:00,28495.37
2022-03-13T08:00:00-04:00,29181.22
2022-03-13T09:00:00-04:00,28829.79
2022-03-13T10:00:00-04:00,28427.8
2022-03-13T13:00:00-04:00,27094.53
2022-03-13T14:00:00-04:00,26256.45
2022-03-13T15:00:00-04:00,25847.33
2022-03-13T17:00:00-04:00,26792.74
2022-03-13T18:00:00-04:00,27604.83
2022-03-13T20:00:00-04:00,29698.15
2022-03-13T21:00:00-04:00,29347.53
2022-03-14T00:00:00-04:00,26507.48
2022-03-14T02:00:00-04:00,25808.87
2022-03-14T05:00:00-04:00,26581.21
2022-03-14T09:00:00-04:00,30436.52
2022-03-14T10:00:00-04:00,28672.39
2022-03-14T11:00:00-04:00,27331.55
2022-03-14T14:00:00-04:00,24759.81
2022-03-14T16:00:00-04:00,24075.38
2022-03-15T05:00:00-04:00,23563.85
2022-03-15T06:00:00-04:00,24707.94
2022-03-16T04:00:00-04:00,24148.76
2022-03-16T06:00:00-04:00,25805.13
2022-03-16T07:00:00-04:00,27800.02
2022-03-16T09:00:00-04:00,28189.7
2022-03-16T10:00:00-04:00,26252.58
2022-03-16T11:00:00-04:00,25081.91
2022-03-16T13:00:00-04:00,23534.76
2022-03-17T01:00:00-04:00,21731.75
2022-03-17T02:00:00-04:00,21490.02
2022-03-17T09:00:00-04:00,26054.01
2022-03-17T11:00:00-04:00,23581.07
2022-03-17T19:00:00-04:00,22596.05
2022-03-17T20:00:00-04:00,23050.92
2022-03-18T03:00:00-04:00,19172.05
2022-03-18T08:00:00-04:00,24487.45
2022-03-18T10:00:00-04:00,23335.98
2022-03-18T11:00:00-04:00,22772.09
2022-03-19T00:00:00-04:00,20663.61
2022-03-19T09:00:00-04:00,24572.62
2022-03-19T11:00:00-04:00,25655.93
2022-03-19T15:00:00-04:00,24727.36
2022-03-19T20:00:00-04:00,25070.12
2022-03-19T23:00:00-04:00,23545.18
2022-03-20T04:00:00-04:00,21968.93
2022-03-20T07:00:00-04:00,23705.19
2022-03-20T10:00:00-04:00,25298.73
2022-03-20T12:00:00-04:00,25144.85
2022-03-20T13:00:00-04:00,24724.21
2022-03-20T16:00:00-04:00,24024.97
2022-03-20T18:00:00-04:00,25241.09
2022-03-20T21:00:00-04:00,25045.51
2022-03-20T23:00:00-04:00,23235.78
2022-03-21T03:00:00-04:00,21839.12
2022-03-21T07:00:00-04:00,25830.04
2022-03-21T08:00:00-04:00,27145.66
2022-03-21T10:00:00-04:00,25270.02
2022-03-21T11:00:00-04:00,24637.81
2022-03-21T13:00:00-04:00,23724.63
2022-03-21T15:00:00-04:00,23474.82
2022-03-21T22:00:00-04:00,25287.1
2022-03-22T00:00:00-04:00,23614.84
2022-03-22T03:00:00-04:00,23162.38
2022-03-22T05:00:00-04:00,24217.37
2022-03-22T09:00:00-04:00,28247.54
2022-03-22T11:00:00-04:00,25650.29
2022-03-22T14:00:00-04:00,23785.24
2022-03-22T15:00:00-04:00,23139.24
2022-03-22T16:00:00-04:00,23075.04
2022-03-22T17:00:00-04:00,23534.46
2022-03-22T18:00:00-04:00,24345.63
2022-03-23T00:00:00-04:00,23494.65
2022-03-23T03:00:00-04:00,23151.97
2022-03-23T04:00:00-04:00,23478.31
2022-03-23T05:00:00-04:00,23996.1
2022-03-23T11:00:00-04:00,24945.47
2022-03-23T13:00:00-04:00,23896.58
2022-03-23T15:00:00-04:00,23048.95
2022-03-23T17:00:00-04:00,23222.63
2022-03-23T18:00:00-04:00,24085.75
2022-03-23T23:00:00-04:00,23643.17
2022-03-24T01:00:00-04:00,22279.22
2022-03-24T03:00:00-04:00,22281.05
2022-03-24T04:00:00-04:00,22376.75
2022-03-24T14:00:00-04:00,25847.57
2022-03-24T15:00:00-04:00,25668.91
2022-03-24T16:00:00-04:00,25556.19
2022-03-24T23:00:00-04:00,23945.02
2022-03-25T00:00:00-04:00,22932.12
2022-03-25T05:00:00-04:00,22008.42
2022-03-25T11:00:00-04:00,26635.49
2022-03-25T18:00:00-04:00,24813.3
2022-03-25T19:00:00-04:00,25085.72
2022-03-25T20:00:00-04:00,25154.63
2022-03-25T22:00:00-04:00,24180.09
2022-03-26T03:00:00-04:00,21826.47
2022-03-26T04:00:00-04:00,21773.61
2022-03-26T09:00:00-04:00,24743.11
2022-03-26T13:00:00-04:00,23735.35
2022-03-26T14:00:00-04:00,22814.68
2022-03-26T18:00:00-04:00,23779.33
2022-03-26T22:00:00-04:00,23738.66
2022-03-27T04:00:00-04:00,21930.04
2022-03-27T10:00:00-04:00,25166.27
2022-03-27T12:00:00-04:00,24783.76
2022-03-27T22:00:00-04:00,27192.54
2022-03-27T23:00:00-04:00,26567.86
2022-03-28T02:00:00-04:00,25655.02
2022-03-28T03:00:00-04:00,25991.34
2022-03-28T09:00:00-04:00,32120.53
2022-03-28T15:00:00-04:00,28145.48
2022-03-28T16:00:00-04:00,28125.41
2022-03-28T18:00:00-04:00,30080.38
2022-03-28T22:00:00-04:00,30106.54
2022-03-29T01:00:00-04:00,27212.13
2022-03-29T06:00:00-04:00,28937.43
2022-03-29T07:00:00-04:00,30912.0
2022-03-29T10:00:00-04:00,30860.2
2022-03-29T12:00:00-04:00,29104.18
2022-03-29T16:00:00-04:00,26480.77
2022-03-29T18:00:00-04:00,27689.67
2022-03-29T23:00:00-04:00,26946.86
2022-03-30T00:00:00-04:00,26084.57
2022-03-30T04:00:00-04:00,26051.89
2022-03-30T18:00:00-04:00,25526.28
2022-03-30T19:00:00-04:00,26132.69
2022-03-30T20:00:00-04:00,26579.24
2022-03-31T03:00:00-04:00,22961.15
2022-03-31T07:00:00-04:00,26158.79
2022-03-31T09:00:00-04:00,27053.7
2022-03-31T10:00:00-04:00,25902.72
2022-03-31T11:00:00-04:00,25541.19
2022-03-31T12:00:00-04:00,25481.81
2022-03-31T18:00:00-04:00,25233.48
2022-03-31T19:00:00-04:00,24891.67
2022-03-31T21:00:00-04:00,24208.2
2022-03-31T22:00:00-04:00,23728.5
2022-04-01T04:00:00-04:00,21023.23
2022-04-01T06:00:00-04:00,22164.96
2022-04-01T08:00:00-04:00,25127.94
2022-04-01T12:00:00-04:00,24520.9
2022-04-01T17:00:00-04:00,24337.16
2022-04-01T20:00:00-04:00,25472.96
2022-04-01T22:00:00-04:00,24655.26
2022-04-02T12:00:00-04:00,24110.71
2022-04-02T13:00:00-04:00,23395.6
2022-04-03T03:00:00-04:00,21190.83
2022-04-03T05:00:00-04:00,21652.28
2022-04-03T07:00:00-04:00,23028.44
2022-04-03T13:00:00-04:00,23275.18
2022-04-03T23:00:00-04:00,22432.35
2022-04-04T09:00:00-04:00,24850.89
2022-04-04T12:00:00-04:00,22912.27
2022-04-04T18:00:00-04:00,22397.48
2022-04-04T22:00:00-04:00,22594.71
2022-04-04T23:00:00-04:00,21605.16
2022-04-05T03:00:00-04:00,20705.36
2022-04-05T14:00:00-04:00,21249.33
2022-04-05T15:00:00-04:00,20574.76
2022-04-05T21:00:00-04:00,22278.04
2022-04-06T03:00:00-04:00,19877.37
2022-04-06T06:00:00-04:00,22164.67
2022-04-06T08:00:00-04:00,24912.68
2022-04-06T10:00:00-04:00,22895.54
2022-04-06T12:00:00-04:00,21766.71
2022-04-06T14:00:00-04:00,20865.84
2022-04-06T17:00:00-04:00,20437.72
2022-04-07T02:00:00-04:00,18897.97
2022-04-07T09:00:00-04:00,24331.47
2022-04-07T11:00:00-04:00,23550.67
2022-04-07T12:00:00-04:00,23418.02
2022-04-07T15:00:00-04:00,22998.44
2022-04-07T19:00:00-04:00,24540.47
2022-04-07T20:00:00-04:00,24595.64
2022-04-07T22:00:00-04:00,23661.13
2022-04-08T01:00:00-04:00,21555.91
2022-04-08T02:00:00-04:00,21480.35
2022-04-08T07:00:00-04:00,25008.84
2022-04-08T08:00:00-04:00,26355.44
2022-04-08T10:00:00-04:00,26013.07
2022-04-08T13:00:00-04:00,24576.35
2022-04-08T17:00:00-04:00,23676.95
2022-04-09T00:00:00-04:00,21663.05
2022-04-09T02:00:00-04:00,20875.93
2022-04-09T03:00:00-04:00,20746.59
2022-04-09T09:00:00-04:00,23583.68
2022-04-09T10:00:00-04:00,23715.47
2022-04-09T15:00:00-04:00,22025.46
2022-04-10T00:00:00-04:00,20973.09
2022-04-10T01:00:00-04:00,20529.04
2022-04-10T05:00:00-04:00,20599.34
2022-04-10T08:00:00-04:00,22416.43
2022-04-10T09:00:00-04:00,23116.77
2022-04-10T11:00:00-04:00,23001.56
2022-04-10T14:00:00-04:00,21500.38
2022-04-10T16:00:00-04:00,21151.24
2022-04-10T18:00:00-04:00,22400.16
2022-04-10T20:00:00-04:00,23021.73
2022-04-10T22:00:00-04:00,22366.87
2022-04-11T01:00:00-04:00,20336.55
2022-04-11T04:00:00-04:00,20687.47
2022-04-11T05:00:00-04:00,21301.9
2022-04-11T11:00:00-04:00,22552.43
2022-04-11T16:00:00-04:00,20526.92
2022-04-11T18:00:00-04:00,21365.65
2022-04-12T00:00:00-04:00,19132.77
2022-04-12T04:00:00-04:00,18477.55
2022-04-12T07:00:00-04:00,21647.03
2022-04-12T20:00:00-04:00,21249.14
2022-04-12T21:00:00-04:00,21175.3
2022-04-13T01:00:00-04:00,18274.39
2022-04-13T04:00:00-04:00,18403.58
2022-04-13T06:00:00-04:00,19856.02
2022-04-13T07:00:00-04:00,21627.2
2022-04-13T08:00:00-04:00,22577.3
2022-04-13T09:00:00-04:00,22494.24
2022-04-13T12:00:00-04:00,21663.59
2022-04-13T13:00:00-04:00,21406.63
2022-04-13T14:00:00-04:00,21261.86
2022-04-13T15:00:00-04:00,21198.27
2022-04-14T01:00:00-04:00,19354.16
2022-04-14T02:00:00-04:00,19125.98
2022-04-14T04:00:00-04:00,18893.85
2022-04-14T13:00:00-04:00,22822.58
2022-04-14T17:00:00-04:00,22256.45
2022-04-14T20:00:00-04:00,22839.65
2022-04-14T21:00:00-04:00,22331.61
2022-04-15T00:00:00-04:00,19974.56
2022-04-15T05:00:00-04:00,19659.49
2022-04-15T06:00:00-04:00,20466.74
2022-04-15T10:00:00-04:00,21835.66
2022-04-15T17:00:00-04:00,20033.65
2022-04-15T18:00:00-04:00,20526.17
2022-04-15T19:00:00-04:00,20700.17
2022-04-15T20:00:00-04:00,20727.15
2022-04-15T23:00:00-04:00,19551.1
2022-04-16T00:00:00-04:00,18882.15
2022-04-16T01:00:00-04:00,18464.44
2022-04-16T02:00:00-04:00,18404.8
2022-04-16T03:00:00-04:00,18479.81
2022-04-16T11:00:00-04:00,21821.62
2022-04-16T12:00:00-04:00,21659.95
2022-04-16T14:00:00-04:00,20574.99
2022-04-16T15:00:00-04:00,20184.43
2022-04-16T21:00:00-04:00,21440.35
2022-04-16T23:00:00-04:00,20709.8
2022-04-17T06:00:00-04:00,21071.42
2022-04-17T08:00:00-04:00,22195.06
2022-04-17T11:00:00-04:00,22340.03
2022-04-17T12:00:00-04:00,22093.19
2022-04-17T19:00:00-04:00,21479.97
2022-04-17T21:00:00-04:00,21677.61
2022-04-17T22:00:00-04:00,21556.12
2022-04-17T23:00:00-04:00,21020.93
2022-04-18T04:00:00-04:00,20801.37
2022-04-18T07:00:00-04:00,23065.94
2022-04-18T08:00:00-04:00,23023.34
2022-04-18T11:00:00-04:00,22738.34
2022-04-18T12:00:00-04:00,22392.21
2022-04-18T14:00:00-04:00,21062.86
2022-04-18T16:00:00-04:00,20089.72
2022-04-18T20:00:00-04:00,22228.24
2022-04-18T22:00:00-04:00,21165.75
2022-04-19T03:00:00-04:00,18881.14
2022-04-19T07:00:00-04:00,23635.37
2022-04-19T09:00:00-04:00,25671.08
2022-04-19T11:00:00-04:00,25463.22
2022-04-19T16:00:00-04:00,24054.68
2022-04-19T18:00:00-04:00,25362.61
2022-04-19T20:00:00-04:00,25894.95
2022-04-20T00:00:00-04:00,22637.79
2022-04-20T01:00:00-04:00,21948.14
2022-04-20T02:00:00-04:00,21824.31
2022-04-20T06:00:00-04:00,22935.66
2022-04-20T07:00:00-04:00,24839.27
2022-04-20T10:00:00-04:00,25030.65
2022-04-20T11:00:00-04:00,24363.86
2022-04-20T12:00:00-04:00,23999.79
2022-04-20T13:00:00-04:00,23523.65
2022-04-20T14:00:00-04:00,23000.82
2022-04-20T15:00:00-04:00,22438.97
2022-04-20T19:00:00-04:00,23005.0
2022-04-21T07:00:00-04:00,24414.86
2022-04-21T08:00:00-04:00,25132.46
2022-04-21T10:00:00-04:00,24002.53
2022-04-21T12:00:00-04:00,23080.36
2022-04-21T13:00:00-04:00,23011.54
2022-04-21T15:00:00-04:00,22557.73
2022-04-21T16:00:00-04:00,22629.21
2022-04-22T00:00:00-04:00,20268.9
2022-04-22T05:00:00-04:00,19602.21
2022-04-22T08:00:00-04:00,22945.03
2022-04-22T11:00:00-04:00,21910.16
2022-04-22T12:00:00-04:00,21800.84
2022-04-22T13:00:00-04:00,21199.08
2022-04-22T14:00:00-04:00,20738.45
2022-04-22T15:00:00-04:00,20175.68
2022-04-22T16:00:00-04:00,19902.17
2022-04-22T17:00:00-04:00,20256.34
2022-04-23T00:00:00-04:00,19901.54
2022-04-23T02:00:00-04:00,19634.82
2022-04-23T05:00:00-04:00,20382.78
2022-04-23T07:00:00-04:00,21733.33
2022-04-23T13:00:00-04:00,20956.83
2022-04-23T17:00:00-04:00,19405.51
2022-04-23T18:00:00-04:00,19821.61
2022-04-23T19:00:00-04:00,20211.17
2022-04-24T00:00:00-04:00,19399.76
2022-04-24T02:00:00-04:00,18871.65
2022-04-24T07:00:00-04:00,20781.85
2022-04-24T09:00:00-04:00,21925.03
2022-04-24T12:00:00-04:00,21304.74
2022-04-24T15:00:00-04:00,19833.93
2022-04-24T18:00:00-04:00,20473.25
2022-04-25T03:00:00-04:00,18439.98
2022-04-25T04:00:00-04:00,18686.44
2022-04-25T08:00:00-04:00,22707.77
2022-04-25T15:00:00-04:00,19856.49
2022-04-25T18:00:00-04:00,20970.86
2022-04-25T20:00:00-04:00,21271.22
2022-04-25T22:00:00-04:00,20005.71
2022-04-26T03:00:00-04:00,16912.96
2022-04-26T06:00:00-04:00,18156.33
2022-04-26T08:00:00-04:00,21039.09
2022-04-26T09:00:00-04:00,21208.49
2022-04-26T18:00:00-04:00,20715.24
2022-04-27T00:00:00-04:00,18161.61
2022-04-27T03:00:00-04:00,17312.78
2022-04-27T04:00:00-04:00,17404.79
2022-04-27T05:00:00-04:00,17687.07
2022-04-27T06:00:00-04:00,18597.68
2022-04-27T09:00:00-04:00,22102.11
2022-04-27T10:00:00-04:00,21990.68
2022-04-27T11:00:00-04:00,22006.3
2022-04-27T12:00:00-04:00,22045.23
2022-04-27T13:00:00-04:00,21957.26
2022-04-27T20:00:00-04:00,23328.79
2022-04-27T21:00:00-04:00,23248.58
2022-04-28T07:00:00-04:00,23410.1
2022-04-28T08:00:00-04:00,24323.49
2022-04-28T15:00:00-04:00,20691.49
2022-04-28T17:00:00-04:00,20723.7
2022-04-28T20:00:00-04:00,21884.33
2022-04-28T21:00:00-04:00,22303.43
2022-04-28T22:00:00-04:00,21887.2
2022-04-29T01:00:00-04:00,19838.11
2022-04-29T06:00:00-04:00,21857.52
2022-04-29T07:00:00-04:00,23401.8
2022-04-29T10:00:00-04:00,22694.71
2022-04-29T11:00:00-04:00,22219.0
2022-04-29T16:00:00-04:00,20121.26
2022-04-30T03:00:00-04:00,18613.14
2022-04-30T06:00:00-04:00,19498.36
2022-04-30T10:00:00-04:00,20778.47
2022-04-30T17:00:00-04:00,18422.65
2022-04-30T21:00:00-04:00,18938.72
2022-04-30T23:00:00-04:00,18262.61
2022-05-01T00:00:00-04:00,17717.49
2022-05-01T01:00:00-04:00,17288.25
2022-05-01T03:00:00-04:00,17280.39
2022-05-01T06:00:00-04:00,18303.87
2022-05-01T07:00:00-04:00,18673.11
2022-05-01T08:00:00-04:00,18843.4
2022-05-01T10:00:00-04:00,19493.01
2022-05-01T14:00:00-04:00,18333.87
2022-05-01T17:00:00-04:00,18009.13
2022-05-01T18:00:00-04:00,18514.11
2022-05-02T00:00:00-04:00,16690.55
2022-05-02T02:00:00-04:00,16059.9
2022-05-02T04:00:00-04:00,16304.63
2022-05-02T05:00:00-04:00,16686.52
2022-05-02T07:00:00-04:00,19143.21
2022-05-02T11:00:00-04:00,19757.61
2022-05-02T13:00:00-04:00,19384.86
2022-05-02T15:00:00-04:00,18746.58
2022-05-02T17:00:00-04:00,19360.65
2022-05-02T18:00:00-04:00,20064.72
2022-05-02T19:00:00-04:00,20283.32
2022-05-02T22:00:00-04:00,19273.22
2022-05-03T01:00:00-04:00,16266.56
2022-05-03T07:00:00-04:00,18782.32
2022-05-03T11:00:00-04:00,19643.66
2022-05-03T16:00:00-04:00,18565.2
2022-05-04T02:00:00-04:00,16256.22
2022-05-04T03:00:00-04:00,16059.45
2022-05-04T08:00:00-04:00,19725.09
2022-05-04T15:00:00-04:00,18874.56
2022-05-04T17:00:00-04:00,19204.61
2022-05-04T19:00:00-04:00,19711.67
2022-05-04T20:00:00-04:00,19729.13
2022-05-04T21:00:00-04:00,19944.35
2022-05-05T10:00:00-04:00,20266.18
2022-05-05T11:00:00-04:00,19899.69
2022-05-05T12:00:00-04:00,19864.44
2022-05-05T13:00:00-04:00,19650.98
2022-05-05T14:00:00-04:00,19254.39
2022-05-05T15:00:00-04:00,18889.87
2022-05-05T20:00:00-04:00,19460.1
2022-05-05T22:00:00-04:00,19382.19
2022-05-05T23:00:00-04:00,18351.67
2022-05-06T00:00:00-04:00,17491.44
2022-05-06T02:00:00-04:00,16930.86
2022-05-06T03:00:00-04:00,16861.23
2022-05-06T05:00:00-04:00,17547.62
2022-05-06T09:00:00-04:00,20841.17
2022-05-06T10:00:00-04:00,20314.63
2022-05-06T11:00:00-04:00,20192.71
2022-05-06T15:00:00-04:00,18950.63
2022-05-06T17:00:00-04:00,18978.95
2022-05-07T01:00:00-04:00,17380.94
2022-05-07T06:00:00-04:00,18373.0
2022-05-07T07:00:00-04:00,18792.87
2022-05-07T09:00:00-04:00,19452.31
2022-05-07T10:00:00-04:00,19753.29
2022-05-07T11:00:00-04:00,19796.35
2022-05-07T13:00:00-04:00,19305.66
2022-05-07T14:00:00-04:00,18728.99
2022-05-07T16:00:00-04:00,18086.7
2022-05-07T18:00:00-04:00,18416.78
2022-05-07T19:00:00-04:00,18340.52
2022-05-07T21:00:00-04:00,18670.8
2022-05-08T02:00:00-04:00,17076.87
2022-05-08T03:00:00-04:00,17190.52
2022-05-08T05:00:00-04:00,17747.14
2022-05-08T07:00:00-04:00,18464.37
2022-05-08T09:00:00-04:00,18972.04
2022-05-08T12:00:00-04:00,18995.72
2022-05-08T21:00:00-04:00,19465.02
2022-05-09T00:00:00-04:00,16631.66
2022-05-09T01:00:00-04:00,16119.83
2022-05-09T02:00:00-04:00,16021.45
2022-05-09T08:00:00-04:00,20205.38
2022-05-09T10:00:00-04:00,19641.82
2022-05-10T02:00:00-04:00,15498.15
2022-05-10T04:00:00-04:00,15521.52
2022-05-10T06:00:00-04:00,16421.24
2022-05-10T08:00:00-04:00,19038.98
2022-05-10T09:00:00-04:00,19042.07
2022-05-10T10:00:00-04:00,18781.7
2022-05-10T12:00:00-04:00,18938.73
2022-05-10T13:00:00-04:00,18666.43
2022-05-10T20:00:00-04:00,19008.65
2022-05-10T23:00:00-04:00,17401.27
2022-05-11T00:00:00-04:00,16233.28
2022-05-11T04:00:00-04:00,14929.72
2022-05-11T05:00:00-04:00,15182.69
2022-05-11T08:00:00-04:00,18645.39
2022-05-11T10:00:00-04:00,18654.76
2022-05-11T12:00:00-04:00,18799.51
2022-05-11T15:00:00-04:00,18706.46
2022-05-11T19:00:00-04:00,19808.58
2022-05-11T22:00:00-04:00,18950.15
2022-05-12T01:00:00-04:00,15603.84
2022-05-12T05:00:00-04:00,14986.54
2022-05-12T10:00:00-04:00,18692.25
2022-05-12T12:00:00-04:00,18916.57
2022-05-12T15:00:00-04:00,19276.66
2022-05-12T16:00:00-04:00,19252.05
2022-05-12T22:00:00-04:00,19430.91
2022-05-13T02:00:00-04:00,15404.99
2022-05-13T09:00:00-04:00,19224.71
2022-05-13T10:00:00-04:00,19471.74
2022-05-13T12:00:00-04:00,19845.08
2022-05-13T14:00:00-04:00,19822.72
2022-05-13T17:00:00-04:00,20025.0
2022-05-13T18:00:00-04:00,20514.2
2022-05-13T20:00:00-04:00,19922.26
2022-05-13T22:00:00-04:00,19022.84
2022-05-14T08:00:00-04:00,18135.79
2022-05-14T12:00:00-04:00,19125.18
2022-05-14T15:00:00-04:00,19145.78
2022-05-14T20:00:00-04:00,18904.27
2022-05-15T00:00:00-04:00,16642.93
2022-05-15T01:00:00-04:00,15858.64
2022-05-15T04:00:00-04:00,14730.79
2022-05-15T05:00:00-04:00,14725.32
2022-05-15T08:00:00-04:00,16057.24
2022-05-15T14:00:00-04:00,18496.04
2022-05-15T15:00:00-04:00,18071.48
2022-05-15T19:00:00-04:00,19380.65
2022-05-15T23:00:00-04:00,17329.2
2022-05-16T00:00:00-04:00,16306.18
2022-05-16T01:00:00-04:00,15676.31
2022-05-16T02:00:00-04:00,15254.64
2022-05-16T03:00:00-04:00,15078.93
2022-05-16T04:00:00-04:00,15019.24
2022-05-16T05:00:00-04:00,15141.67
2022-05-16T06:00:00-04:00,15721.15
2022-05-16T09:00:00-04:00,18991.77
2022-05-16T11:00:00-04:00,19233.56
2022-05-16T13:00:00-04:00,19434.05
2022-05-16T14:00:00-04:00,19347.21
2022-05-16T19:00:00-04:00,20217.69
2022-05-16T21:00:00-04:00,19169.02
2022-05-16T22:00:00-04:00,18361.68
2022-05-17T01:00:00-04:00,15637.98
2022-05-17T02:00:00-04:00,15300.3
2022-05-17T15:00:00-04:00,18691.6
2022-05-17T17:00:00-04:00,19167.71
2022-05-17T19:00:00-04:00,19764.21
2022-05-18T04:00:00-04:00,15993.69
2022-05-18T06:00:00-04:00,16973.23
2022-05-18T10:00:00-04:00,19031.59
2022-05-18T12:00:00-04:00,19115.31
2022-05-18T15:00:00-04:00,18326.44
2022-05-18T17:00:00-04:00,18495.83
2022-05-18T19:00:00-04:00,18891.88
2022-05-18T21:00:00-04:00,19050.89
2022-05-19T05:00:00-04:00,15974.12
2022-05-19T07:00:00-04:00,18165.54
2022-05-19T08:00:00-04:00,19245.65
2022-05-19T09:00:00-04:00,19327.71
2022-05-19T11:00:00-04:00,18911.73
2022-05-19T13:00:00-04:00,19083.22
2022-05-19T17:00:00-04:00,19376.49
2022-05-19T19:00:00-04:00,19871.83
2022-05-19T20:00:00-04:00,19609.98
2022-05-20T03:00:00-04:00,15759.56
2022-05-20T05:00:00-04:00,15891.88
2022-05-20T06:00:00-04:00,16349.92
2022-05-20T11:00:00-04:00,18952.18
2022-05-20T15:00:00-04:00,18439.84
2022-05-20T16:00:00-04:00,18281.01
2022-05-20T17:00:00-04:00,18456.75
2022-05-20T18:00:00-04:00,18811.44
2022-05-20T19:00:00-04:00,18899.59
2022-05-20T20:00:00-04:00,18522.02
2022-05-21T01:00:00-04:00,15565.79
2022-05-21T02:00:00-04:00,15191.85
2022-05-21T04:00:00-04:00,14796.01
2022-05-21T08:00:00-04:00,16344.05
2022-05-21T13:00:00-04:00,19211.72
2022-05-21T14:00:00-04:00,19162.96
2022-05-21T18:00:00-04:00,18069.86
2022-05-21T22:00:00-04:00,16523.56
2022-05-21T23:00:00-04:00,15943.99
2022-05-22T08:00:00-04:00,15189.48
2022-05-22T13:00:00-04:00,18018.71
2022-05-22T14:00:00-04:00,17860.17
2022-05-22T15:00:00-04:00,17590.57
2022-05-22T16:00:00-04:00,17499.54
2022-05-22T18:00:00-04:00,18071.83
2022-05-22T19:00:00-04:00,17894.96
2022-05-22T20:00:00-04:00,17639.63
2022-05-22T22:00:00-04:00,16765.83
2022-05-23T01:00:00-04:00,14769.76
2022-05-23T03:00:00-04:00,14490.34
2022-05-23T09:00:00-04:00,16964.0
2022-05-23T13:00:00-04:00,18011.2
2022-05-23T14:00:00-04:00,17621.7
2022-05-23T16:00:00-04:00,17160.15
2022-05-23T17:00:00-04:00,17615.5
2022-05-24T01:00:00-04:00,15528.11
2022-05-24T06:00:00-04:00,16354.12
2022-05-24T07:00:00-04:00,17887.09
2022-05-24T09:00:00-04:00,19204.71
2022-05-24T13:00:00-04:00,18739.7
2022-05-24T14:00:00-04:00,18569.25
2022-05-24T18:00:00-04:00,19317.48
2022-05-24T19:00:00-04:00,19321.91
2022-05-24T23:00:00-04:00,17556.51
2022-05-25T05:00:00-04:00,15677.92
2022-05-25T06:00:00-04:00,16293.94
2022-05-25T10:00:00-04:00,18757.79
2022-05-25T13:00:00-04:00,18564.31
2022-05-25T14:00:00-04:00,18438.42
2022-05-25T16:00:00-04:00,18223.48
2022-05-25T20:00:00-04:00,18980.49
2022-05-25T21:00:00-04:00,19057.76
2022-05-25T22:00:00-04:00,18549.63
2022-05-25T23:00:00-04:00,17495.63
2022-05-26T05:00:00-04:00,15136.18
2022-05-26T09:00:00-04:00,18978.68
2022-05-26T10:00:00-04:00,18973.3
2022-05-26T11:00:00-04:00,19102.71
2022-05-26T12:00:00-04:00,19231.99
2022-05-26T14:00:00-04:00,19193.32
2022-05-26T17:00:00-04:00,19454.68
2022-05-26T18:00:00-04:00,19962.79
2022-05-26T20:00:00-04:00,19598.55
2022-05-27T00:00:00-04:00,16792.74
2022-05-27T01:00:00-04:00,15978.91
2022-05-27T06:00:00-04:00,16052.56
2022-05-27T12:00:00-04:00,19902.9
2022-05-27T13:00:00-04:00,19783.41
2022-05-27T18:00:00-04:00,19801.18
2022-05-28T03:00:00-04:00,15561.96
2022-05-28T07:00:00-04:00,15920.91
2022-05-28T09:00:00-04:00,17525.03
2022-05-28T13:00:00-04:00,18539.38
2022-05-28T16:00:00-04:00,17645.77
2022-05-28T20:00:00-04:00,17781.56
2022-05-28T21:00:00-04:00,17674.9
2022-05-28T23:00:00-04:00,16904.67
2022-05-29T00:00:00-04:00,16225.79
2022-05-29T01:00:00-04:00,15572.4
2022-05-29T03:00:00-04:00,15098.63
2022-05-29T06:00:00-04:00,15043.0
2022-05-29T07:00:00-04:00,15466.54
2022-05-29T10:00:00-04:00,17691.76
2022-05-29T11:00:00-04:00,17760.5
2022-05-29T17:00:00-04:00,17992.86
2022-05-30T02:00:00-04:00,14966.22
2022-05-30T04:00:00-04:00,14759.14
2022-05-30T06:00:00-04:00,15438.95
2022-05-30T09:00:00-04:00,18579.95
2022-05-30T12:00:00-04:00,18979.21
2022-05-30T13:00:00-04:00,19024.68
2022-05-30T15:00:00-04:00,19062.92
2022-05-30T16:00:00-04:00,19203.97
2022-05-30T18:00:00-04:00,20200.59
2022-05-30T19:00:00-04:00,20177.05
2022-05-30T21:00:00-04:00,19874.77
2022-05-30T22:00:00-04:00,19209.29
2022-05-31T00:00:00-04:00,16741.49
2022-05-31T01:00:00-04:00,15935.79
2022-05-31T03:00:00-04:00,15134.9
2022-05-31T05:00:00-04:00,15112.04
2022-05-31T06:00:00-04:00,15582.78
2022-05-31T13:00:00-04:00,18724.77
2022-05-31T15:00:00-04:00,18238.89
2022-05-31T16:00:00-04:00,18150.56
2022-05-31T18:00:00-04:00,19026.9
2022-05-31T21:00:00-04:00,18754.69
2022-06-01T02:00:00-04:00,15321.06
2022-06-01T06:00:00-04:00,15662.9
2022-06-01T08:00:00-04:00,18164.53
2022-06-01T09:00:00-04:00,18672.04
2022-06-01T12:00:00-04:00,18592.98
2022-06-01T13:00:00-04:00,18402.76
2022-06-01T16:00:00-04:00,18189.01
2022-06-01T17:00:00-04:00,18627.69
2022-06-01T19:00:00-04:00,19335.2
2022-06-01T23:00:00-04:00,17422.29
2022-06-02T02:00:00-04:00,15360.89
2022-06-02T05:00:00-04:00,15108.24
2022-06-02T10:00:00-04:00,18379.42
2022-06-02T13:00:00-04:00,18625.08
2022-06-02T19:00:00-04:00,19092.73
2022-06-02T20:00:00-04:00,18813.53
2022-06-03T01:00:00-04:00,15673.02
2022-06-03T02:00:00-04:00,15257.94
2022-06-03T05:00:00-04:00,15096.27
2022-06-03T06:00:00-04:00,15584.58
2022-06-03T08:00:00-04:00,18410.35
2022-06-03T09:00:00-04:00,19136.07
2022-06-03T13:00:00-04:00,19418.89
2022-06-03T15:00:00-04:00,18916.42
2022-06-03T17:00:00-04:00,18917.04
2022-06-03T21:00:00-04:00,18516.42
2022-06-03T23:00:00-04:00,17283.94
2022-06-04T00:00:00-04:00,16417.17
2022-06-04T06:00:00-04:00,15116.45
2022-06-04T09:00:00-04:00,17413.21
2022-06-04T12:00:00-04:00,18487.52
2022-06-04T15:00:00-04:00,17894.91
2022-06-04T19:00:00-04:00,18050.75
2022-06-04T22:00:00-04:00,17198.16
2022-06-05T00:00:00-04:00,15976.88
2022-06-05T01:00:00-04:00,15429.36
2022-06-05T06:00:00-04:00,15010.77
2022-06-05T08:00:00-04:00,16062.99
2022-06-05T10:00:00-04:00,17630.54
2022-06-05T22:00:00-04:00,18061.15
2022-06-06T01:00:00-04:00,15424.2
2022-06-06T03:00:00-04:00,15249.54
2022-06-06T06:00:00-04:00,15846.15
2022-06-06T15:00:00-04:00,18946.31
2022-06-06T23:00:00-04:00,17699.63
2022-06-07T05:00:00-04:00,15227.49
2022-06-07T06:00:00-04:00,15650.27
2022-06-07T09:00:00-04:00,18700.07
2022-06-07T10:00:00-04:00,18798.22
2022-06-07T14:00:00-04:00,18940.44
2022-06-07T17:00:00-04:00,19426.26
2022-06-07T20:00:00-04:00,19774.99
2022-06-08T00:00:00-04:00,16778.29
2022-06-08T06:00:00-04:00,15895.68
2022-06-08T11:00:00-04:00,18967.52
2022-06-08T15:00:00-04:00,18621.23
2022-06-08T17:00:00-04:00,19104.19
2022-06-08T18:00:00-04:00,19573.75
2022-06-08T19:00:00-04:00,19420.35
2022-06-08T22:00:00-04:00,18642.55
2022-06-09T00:00:00-04:00,16477.06
2022-06-09T01:00:00-04:00,15622.65
2022-06-09T02:00:00-04:00,15189.75
2022-06-09T03:00:00-04:00,15062.64
2022-06-09T05:00:00-04:00,15096.72
2022-06-09T07:00:00-04:00,17083.92
2022-06-09T08:00:00-04:00,18427.43
2022-06-09T15:00:00-04:00,18851.66
2022-06-09T17:00:00-04:00,18911.06
2022-06-09T18:00:00-04:00,19385.79
2022-06-09T20:00:00-04:00,19132.93
2022-06-09T23:00:00-04:00,17586.65
2022-06-10T00:00:00-04:00,16577.47
2022-06-10T02:00:00-04:00,15463.56
2022-06-10T03:00:00-04:00,15246.05
2022-06-10T04:00:00-04:00,15200.7
2022-06-10T08:00:00-04:00,18351.53
2022-06-10T12:00:00-04:00,19017.62
2022-06-10T13:00:00-04:00,18893.14
2022-06-10T18:00:00-04:00,18684.78
2022-06-10T20:00:00-04:00,18245.29
2022-06-10T23:00:00-04:00,16914.24
2022-06-11T13:00:00-04:00,17927.85
2022-06-11T14:00:00-04:00,17767.74
2022-06-11T15:00:00-04:00,17613.84
2022-06-11T17:00:00-04:00,17583.75
2022-06-11T22:00:00-04:00,17047.69
2022-06-11T23:00:00-04:00,16496.59
2022-06-12T03:00:00-04:00,14573.98
2022-06-12T05:00:00-04:00,14532.66
2022-06-12T06:00:00-04:00,14577.07
2022-06-12T07:00:00-04:00,14952.74
2022-06-12T08:00:00-04:00,15828.12
2022-06-12T10:00:00-04:00,17469.94
2022-06-12T17:00:00-04:00,18260.28
2022-06-12T18:00:00-04:00,18776.94
2022-06-12T19:00:00-04:00,18838.81
2022-06-12T22:00:00-04:00,17876.48
2022-06-12T23:00:00-04:00,16957.81
2022-06-13T01:00:00-04:00,15295.43
2022-06-13T04:00:00-04:00,14683.27
2022-06-13T05:00:00-04:00,14833.53
2022-06-13T08:00:00-04:00,18082.02
2022-06-13T09:00:00-04:00,18804.6
2022-06-13T13:00:00-04:00,19033.58
2022-06-13T15:00:00-04:00,18782.94
2022-06-13T17:00:00-04:00,19174.9
2022-06-13T18:00:00-04:00,19616.18
2022-06-14T01:00:00-04:00,15599.89
2022-06-14T03:00:00-04:00,14992.1
2022-06-14T06:00:00-04:00,15338.74
2022-06-14T07:00:00-04:00,16821.43
2022-06-14T08:00:00-04:00,18235.73
2022-06-14T09:00:00-04:00,18545.24
2022-06-14T11:00:00-04:00,18918.15
2022-06-14T21:00:00-04:00,19094.6
2022-06-14T22:00:00-04:00,18749.55
2022-06-15T00:00:00-04:00,16474.83
2022-06-15T05:00:00-04:00,14990.84
2022-06-15T06:00:00-04:00,15459.76
2022-06-15T09:00:00-04:00,18679.38
2022-06-15T11:00:00-04:00,18833.96
2022-06-15T13:00:00-04:00,18922.43
2022-06-15T15:00:00-04:00,18937.3
2022-06-15T16:00:00-04:00,19009.2
2022-06-15T19:00:00-04:00,19863.04
2022-06-15T20:00:00-04:00,19494.62
2022-06-15T23:00:00-04:00,17912.37
2022-06-16T06:00:00-04:00,15543.79
2022-06-16T14:00:00-04:00,19566.67
2022-06-16T19:00:00-04:00,19894.99
2022-06-16T20:00:00-04:00,19706.52
2022-06-17T02:00:00-04:00,15545.08
2022-06-17T03:00:00-04:00,15330.4
2022-06-17T04:00:00-04:00,15191.78
2022-06-17T06:00:00-04:00,15669.67
2022-06-17T08:00:00-04:00,18359.37
2022-06-17T12:00:00-04:00,19390.65
2022-06-17T14:00:00-04:00,19210.28
2022-06-17T19:00:00-04:00,19215.42
2022-06-17T22:00:00-04:00,18054.66
2022-06-17T23:00:00-04:00,17120.85
2022-06-18T01:00:00-04:00,15440.46
2022-06-18T04:00:00-04:00,14810.22
2022-06-18T08:00:00-04:00,16498.96
2022-06-18T09:00:00-04:00,17446.8
2022-06-18T12:00:00-04:00,18408.38
2022-06-18T17:00:00-04:00,17833.44
2022-06-18T18:00:00-04:00,17979.88
2022-06-18T19:00:00-04:00,17828.05
2022-06-18T22:00:00-04:00,17153.0
2022-06-19T03:00:00-04:00,14994.87
2022-06-19T04:00:00-04:00,15044.78
2022-06-19T12:00:00-04:00,17843.92
2022-06-19T13:00:00-04:00,17762.7
2022-06-20T00:00:00-04:00,15996.08
2022-06-20T02:00:00-04:00,15122.38
2022-06-20T16:00:00-04:00,18831.13
2022-06-20T18:00:00-04:00,19867.22
2022-06-20T19:00:00-04:00,19766.67
2022-06-21T01:00:00-04:00,15825.26
2022-06-21T04:00:00-04:00,15186.52
2022-06-21T05:00:00-04:00,15173.34
2022-06-21T06:00:00-04:00,15736.37
2022-06-21T08:00:00-04:00,18455.13
2022-06-21T10:00:00-04:00,18871.6
2022-06-21T12:00:00-04:00,19005.5
2022-06-21T15:00:00-04:00,18821.79
2022-06-21T16:00:00-04:00,18662.42
2022-06-22T01:00:00-04:00,15893.95
2022-06-22T04:00:00-04:00,15015.83
2022-06-22T06:00:00-04:00,15843.17
2022-06-22T09:00:00-04:00,18704.04
2022-06-22T10:00:00-04:00,18832.39
2022-06-22T15:00:00-04:00,19032.07
2022-06-22T17:00:00-04:00,19293.48
2022-06-22T19:00:00-04:00,19595.18
2022-06-23T01:00:00-04:00,15859.15
2022-06-23T02:00:00-04:00,15424.79
2022-06-23T05:00:00-04:00,15246.43
2022-06-23T06:00:00-04:00,15794.85
2022-06-23T07:00:00-04:00,17022.97
2022-06-23T10:00:00-04:00,19103.79
2022-06-23T15:00:00-04:00,18840.93
2022-06-23T17:00:00-04:00,18959.02
2022-06-23T18:00:00-04:00,19179.42
2022-06-23T20:00:00-04:00,18757.68
2022-06-23T23:00:00-04:00,17193.24
2022-06-24T01:00:00-04:00,15555.51
2022-06-24T04:00:00-04:00,14602.52
2022-06-24T05:00:00-04:00,14619.4
2022-06-24T10:00:00-04:00,17547.64
2022-06-24T15:00:00-04:00,18132.77
2022-06-24T18:00:00-04:00,18721.17
2022-06-24T20:00:00-04:00,18298.89
2022-06-24T21:00:00-04:00,17896.32
2022-06-25T06:00:00-04:00,14634.03
2022-06-25T08:00:00-04:00,16166.08
2022-06-25T11:00:00-04:00,18391.09
2022-06-25T17:00:00-04:00,19236.48
2022-06-25T19:00:00-04:00,19315.34
2022-06-25T21:00:00-04:00,18615.43
2022-06-25T22:00:00-04:00,18165.66
2022-06-26T02:00:00-04:00,15677.38
2022-06-26T03:00:00-04:00,15364.95
2022-06-26T04:00:00-04:00,15152.75
2022-06-26T05:00:00-04:00,14991.78
2022-06-26T06:00:00-04:00,14921.47
2022-06-26T07:00:00-04:00,15502.67
2022-06-26T10:00:00-04:00,18361.52
2022-06-26T13:00:00-04:00,19844.13
2022-06-26T15:00:00-04:00,19504.09
2022-06-26T16:00:00-04:00,19619.97
2022-06-26T20:00:00-04:00,19746.6
2022-06-26T23:00:00-04:00,17980.36
2022-06-27T00:00:00-04:00,16981.65
2022-06-27T04:00:00-04:00,15482.4
2022-06-27T07:00:00-04:00,17413.98
2022-06-27T13:00:00-04:00,20049.66
2022-06-27T18:00:00-04:00,20039.99
2022-06-27T19:00:00-04:00,19767.91
2022-06-27T23:00:00-04:00,17740.26
2022-06-28T05:00:00-04:00,15046.25
2022-06-28T07:00:00-04:00,16709.89
2022-06-28T15:00:00-04:00,18909.88
2022-06-28T17:00:00-04:00,19098.03
2022-06-28T18:00:00-04:00,19582.25
2022-06-28T19:00:00-04:00,19616.52
2022-06-29T01:00:00-04:00,15936.89
2022-06-29T07:00:00-04:00,16696.58
2022-06-29T13:00:00-04:00,19693.77
2022-06-29T14:00:00-04:00,19576.6
2022-06-29T18:00:00-04:00,19834.51
2022-06-29T20:00:00-04:00,19430.51
2022-06-29T22:00:00-04:00,18666.02
2022-06-29T23:00:00-04:00,17931.28
2022-06-30T00:00:00-04:00,16835.13
2022-06-30T09:00:00-04:00,18858.01
2022-06-30T10:00:00-04:00,19135.22
2022-06-30T11:00:00-04:00,19246.24
2022-06-30T12:00:00-04:00,19235.56
2022-06-30T16:00:00-04:00,18836.89
2022-06-30T17:00:00-04:00,18823.11
2022-06-30T19:00:00-04:00,19045.42
2022-06-30T20:00:00-04:00,18711.61
2022-06-30T23:00:00-04:00,17755.49
2022-07-01T04:00:00-04:00,15176.38
2022-07-01T05:00:00-04:00,15206.01
2022-07-01T06:00:00-04:00,15214.68
2022-07-01T08:00:00-04:00,16180.37
2022-07-01T17:00:00-04:00,18756.66
2022-07-01T21:00:00-04:00,18186.2
2022-07-02T00:00:00-04:00,16679.31
2022-07-02T03:00:00-04:00,15309.68
2022-07-02T08:00:00-04:00,16496.71
2022-07-02T10:00:00-04:00,18082.62
2022-07-03T04:00:00-04:00,14723.71
2022-07-03T06:00:00-04:00,14634.25
2022-07-03T09:00:00-04:00,16548.43
2022-07-03T10:00:00-04:00,17256.39
2022-07-03T14:00:00-04:00,17719.6
2022-07-03T21:00:00-04:00,18104.96
2022-07-04T04:00:00-04:00,15033.81
2022-07-04T11:00:00-04:00,19181.54
2022-07-04T13:00:00-04:00,19402.5
2022-07-04T14:00:00-04:00,19239.85
2022-07-04T15:00:00-04:00,19077.93
2022-07-04T16:00:00-04:00,19005.69
2022-07-04T18:00:00-04:00,19806.28
2022-07-04T20:00:00-04:00,19483.74
2022-07-04T23:00:00-04:00,17803.19
2022-07-05T01:00:00-04:00,15924.91
2022-07-05T05:00:00-04:00,15329.54
2022-07-05T07:00:00-04:00,16764.63
2022-07-05T08:00:00-04:00,17807.27
2022-07-05T09:00:00-04:00,18425.41
2022-07-05T10:00:00-04:00,18717.4
2022-07-05T14:00:00-04:00,19006.42
2022-07-05T16:00:00-04:00,18814.5
2022-07-05T17:00:00-04:00,19272.1
2022-07-05T19:00:00-04:00,19671.35
2022-07-05T21:00:00-04:00,19233.61
2022-07-06T06:00:00-04:00,15783.81
2022-07-06T07:00:00-04:00,16727.13
2022-07-06T09:00:00-04:00,18467.5
2022-07-06T11:00:00-04:00,18851.02
2022-07-06T12:00:00-04:00,19037.94
2022-07-06T14:00:00-04:00,18997.48
2022-07-06T19:00:00-04:00,19424.49
2022-07-06T23:00:00-04:00,17721.88
2022-07-07T05:00:00-04:00,15488.94
2022-07-07T07:00:00-04:00,17059.88
2022-07-07T10:00:00-04:00,19173.96
2022-07-07T12:00:00-04:00,19459.02
2022-07-07T13:00:00-04:00,19564.45
2022-07-07T14:00:00-04:00,19369.46
2022-07-07T15:00:00-04:00,19337.06
2022-07-07T20:00:00-04:00,19501.0
2022-07-07T22:00:00-04:00,18944.23
2022-07-08T00:00:00-04:00,16914.55
2022-07-08T03:00:00-04:00,15531.91
2022-07-08T07:00:00-04:00,16877.65
2022-07-08T08:00:00-04:00,18213.54
2022-07-08T11:00:00-04:00,19621.64
2022-07-08T12:00:00-04:00,19579.72
2022-07-08T14:00:00-04:00,19416.22
2022-07-08T15:00:00-04:00,19316.08
2022-07-08T18:00:00-04:00,19262.91
2022-07-08T19:00:00-04:00,19104.58
2022-07-08T21:00:00-04:00,18395.41
2022-07-09T03:00:00-04:00,15031.48
2022-07-09T04:00:00-04:00,14892.18
2022-07-09T10:00:00-04:00,17824.1
2022-07-09T13:00:00-04:00,18045.57
2022-07-09T16:00:00-04:00,17324.07
2022-07-09T17:00:00-04:00,17481.95
2022-07-09T18:00:00-04:00,17773.14
2022-07-09T20:00:00-04:00,17500.41
2022-07-09T21:00:00-04:00,17177.34
2022-07-09T23:00:00-04:00,16644.42
2022-07-10T01:00:00-04:00,15488.39
2022-07-10T04:00:00-04:00,14802.05
2022-07-10T05:00:00-04:00,14763.09
2022-07-10T07:00:00-04:00,15178.89
2022-07-10T18:00:00-04:00,18782.52
2022-07-10T19:00:00-04:00,18854.81
2022-07-10T20:00:00-04:00,18654.52
2022-07-10T23:00:00-04:00,17355.81
2022-07-11T02:00:00-04:00,15401.76
2022-07-11T03:00:00-04:00,14975.05
2022-07-11T04:00:00-04:00,15029.23
2022-07-11T05:00:00-04:00,15200.19
2022-07-11T06:00:00-04:00,15673.12
2022-07-11T07:00:00-04:00,16787.72
2022-07-11T13:00:00-04:00,20263.5
2022-07-11T15:00:00-04:00,19948.96
2022-07-11T18:00:00-04:00,20901.91
2022-07-12T01:00:00-04:00,16428.89
2022-07-12T02:00:00-04:00,16008.06
2022-07-12T03:00:00-04:00,15743.82
2022-07-12T07:00:00-04:00,17130.01
2022-07-12T12:00:00-04:00,20132.17
2022-07-12T13:00:00-04:00,20209.09
2022-07-12T22:00:00-04:00,18861.26
2022-07-13T02:00:00-04:00,15513.37
2022-07-13T04:00:00-04:00,15139.79
2022-07-13T22:00:00-04:00,18890.72
2022-07-13T23:00:00-04:00,17998.44
2022-07-14T01:00:00-04:00,16026.71
2022-07-14T04:00:00-04:00,15179.16
2022-07-14T05:00:00-04:00,15295.06
2022-07-14T09:00:00-04:00,18809.32
2022-07-15T07:00:00-04:00,16756.1
2022-07-15T09:00:00-04:00,18853.42
2022-07-15T15:00:00-04:00,19149.86
2022-07-15T19:00:00-04:00,19641.96
2022-07-16T02:00:00-04:00,15404.78
2022-07-16T06:00:00-04:00,15012.0
2022-07-16T22:00:00-04:00,17928.19
2022-07-16T23:00:00-04:00,17314.74
2022-07-17T01:00:00-04:00,16063.84
2022-07-17T04:00:00-04:00,15151.79
2022-07-17T06:00:00-04:00,15179.63
2022-07-17T08:00:00-04:00,16465.47
2022-07-17T14:00:00-04:00,19464.69
2022-07-17T15:00:00-04:00,19367.2
2022-07-17T20:00:00-04:00,19742.71
2022-07-18T04:00:00-04:00,15392.4
2022-07-18T17:00:00-04:00,20349.53
2022-07-18T18:00:00-04:00,20635.35
2022-07-18T22:00:00-04:00,19448.03
2022-07-18T23:00:00-04:00,18374.11
2022-07-19T02:00:00-04:00,16154.02
2022-07-19T06:00:00-04:00,16043.29
2022-07-19T09:00:00-04:00,19128.24
2022-07-19T10:00:00-04:00,19555.49
2022-07-19T11:00:00-04:00,19952.17
2022-07-19T14:00:00-04:00,20480.24
2022-07-19T17:00:00-04:00,20820.02
2022-07-19T21:00:00-04:00,19998.19
2022-07-19T22:00:00-04:00,19612.34
2022-07-19T23:00:00-04:00,18557.4
2022-07-20T06:00:00-04:00,15984.28
2022-07-20T07:00:00-04:00,17129.35
2022-07-20T12:00:00-04:00,20330.76
2022-07-20T13:00:00-04:00,20575.45
2022-07-20T16:00:00-04:00,21013.15
2022-07-20T21:00:00-04:00,20648.8
2022-07-20T22:00:00-04:00,20342.65
2022-07-20T23:00:00-04:00,19225.93
2022-07-21T03:00:00-04:00,16421.05
2022-07-21T04:00:00-04:00,16433.09
2022-07-21T12:00:00-04:00,21245.94
2022-07-22T00:00:00-04:00,17887.05
2022-07-22T05:00:00-04:00,15915.63
2022-07-22T06:00:00-04:00,16347.06
2022-07-22T12:00:00-04:00,20634.93
2022-07-22T15:00:00-04:00,20409.9
2022-07-22T18:00:00-04:00,20889.39
2022-07-22T20:00:00-04:00,19956.12
2022-07-22T23:00:00-04:00,18188.7
2022-07-23T00:00:00-04:00,17191.39
2022-07-23T05:00:00-04:00,15326.58
2022-07-23T12:00:00-04:00,19576.98
2022-07-23T13:00:00-04:00,19721.85
2022-07-23T18:00:00-04:00,19752.03
2022-07-23T21:00:00-04:00,18659.13
2022-07-23T22:00:00-04:00,18445.68
2022-07-23T23:00:00-04:00,17781.83
2022-07-24T06:00:00-04:00,15456.6
2022-07-24T07:00:00-04:00,15797.78
2022-07-24T08:00:00-04:00,16632.07
2022-07-24T09:00:00-04:00,17334.94
2022-07-24T10:00:00-04:00,18294.87
2022-07-24T11:00:00-04:00,19045.9
2022-07-24T14:00:00-04:00,19793.26
2022-07-24T16:00:00-04:00,19509.61
2022-07-24T19:00:00-04:00,20033.58
2022-07-24T20:00:00-04:00,19537.97
2022-07-25T00:00:00-04:00,17112.3
2022-07-25T05:00:00-04:00,15774.33
2022-07-25T06:00:00-04:00,16037.28
2022-07-25T09:00:00-04:00,18797.02
2022-07-25T10:00:00-04:00,19299.84
2022-07-25T12:00:00-04:00,19998.22
2022-07-25T15:00:00-04:00,19475.59
2022-07-25T18:00:00-04:00,19920.38
2022-07-25T21:00:00-04:00,18835.66
2022-07-26T00:00:00-04:00,16524.81
2022-07-26T11:00:00-04:00,19050.08
2022-07-26T12:00:00-04:00,19074.26
2022-07-26T19:00:00-04:00,19302.45
2022-07-26T22:00:00-04:00,18600.43
2022-07-26T23:00:00-04:00,17691.8
2022-07-27T02:00:00-04:00,15524.67
2022-07-27T06:00:00-04:00,15426.69
2022-07-27T08:00:00-04:00,17726.75
2022-07-27T10:00:00-04:00,18898.52
2022-07-27T11:00:00-04:00,19023.48
2022-07-27T12:00:00-04:00,19183.1
2022-07-27T17:00:00-04:00,19639.14
2022-07-27T18:00:00-04:00,20062.19
2022-07-28T02:00:00-04:00,15640.6
2022-07-28T03:00:00-04:00,15424.86
2022-07-28T04:00:00-04:00,15244.83
2022-07-28T10:00:00-04:00,19266.07
2022-07-28T11:00:00-04:00,19641.46
2022-07-28T15:00:00-04:00,20205.55
2022-07-28T16:00:00-04:00,19945.15
2022-07-28T18:00:00-04:00,19979.91
2022-07-28T19:00:00-04:00,19997.57
2022-07-29T00:00:00-04:00,17075.94
2022-07-29T04:00:00-04:00,15482.89
2022-07-29T05:00:00-04:00,15537.47
2022-07-29T08:00:00-04:00,17865.98
2022-07-29T09:00:00-04:00,18617.17
2022-07-29T10:00:00-04:00,18947.69
2022-07-29T19:00:00-04:00,19063.42
2022-07-29T20:00:00-04:00,18699.62
2022-07-30T00:00:00-04:00,16522.24
2022-07-30T01:00:00-04:00,15857.07
2022-07-30T06:00:00-04:00,14868.83
2022-07-30T08:00:00-04:00,16031.53
2022-07-30T10:00:00-04:00,17509.08
2022-07-30T11:00:00-04:00,17736.69
2022-07-30T12:00:00-04:00,17974.97
2022-07-30T15:00:00-04:00,17468.32
2022-07-30T17:00:00-04:00,17451.68
2022-07-30T18:00:00-04:00,17645.67
2022-07-30T21:00:00-04:00,17253.17
2022-07-31T04:00:00-04:00,14812.8
2022-07-31T10:00:00-04:00,17508.52
2022-07-31T12:00:00-04:00,18107.97
2022-07-31T13:00:00-04:00,18329.92
2022-07-31T18:00:00-04:00,18795.16
2022-07-31T19:00:00-04:00,18918.42
2022-07-31T21:00:00-04:00,18352.89
2022-07-31T22:00:00-04:00,18184.6
2022-07-31T23:00:00-04:00,17347.98
2022-08-01T07:00:00-04:00,16425.73
2022-08-01T10:00:00-04:00,19358.81
2022-08-01T16:00:00-04:00,20235.75
2022-08-01T17:00:00-04:00,20560.25
2022-08-01T18:00:00-04:00,20923.01
2022-08-01T19:00:00-04:00,20719.71
2022-08-01T22:00:00-04:00,19467.48
2022-08-02T00:00:00-04:00,17229.8
2022-08-02T01:00:00-04:00,16414.57
2022-08-02T03:00:00-04:00,15669.32
2022-08-02T04:00:00-04:00,15471.6
2022-08-02T07:00:00-04:00,16568.7
2022-08-02T08:00:00-04:00,17590.22
2022-08-02T09:00:00-04:00,18405.89
2022-08-02T10:00:00-04:00,18833.25
2022-08-02T12:00:00-04:00,19588.19
2022-08-02T15:00:00-04:00,19449.31
2022-08-02T21:00:00-04:00,18912.38
2022-08-03T00:00:00-04:00,16633.82
2022-08-03T02:00:00-04:00,15472.87
2022-08-03T05:00:00-04:00,15050.07
2022-08-03T07:00:00-04:00,16200.84
2022-08-03T14:00:00-04:00,18967.11
2022-08-03T16:00:00-04:00,19031.69
2022-08-03T19:00:00-04:00,19792.59
2022-08-03T21:00:00-04:00,19172.39
2022-08-04T00:00:00-04:00,17072.58
2022-08-04T01:00:00-04:00,16372.19
2022-08-04T02:00:00-04:00,15973.65
2022-08-04T10:00:00-04:00,19006.91
2022-08-04T18:00:00-04:00,20266.79
2022-08-04T20:00:00-04:00,20091.63
2022-08-04T22:00:00-04:00,19392.58
2022-08-05T03:00:00-04:00,16054.94
2022-08-05T04:00:00-04:00,15794.66
2022-08-05T05:00:00-04:00,15766.74
2022-08-05T08:00:00-04:00,17724.6
2022-08-05T09:00:00-04:00,18712.8
2022-08-05T12:00:00-04:00,19812.35
2022-08-05T15:00:00-04:00,19706.58
2022-08-05T17:00:00-04:00,20162.08
2022-08-05T23:00:00-04:00,17919.56
2022-08-06T00:00:00-04:00,17061.32
2022-08-06T02:00:00-04:00,15773.23
2022-08-06T05:00:00-04:00,15346.79
2022-08-06T07:00:00-04:00,15846.39
2022-08-06T11:00:00-04:00,18970.38
2022-08-06T13:00:00-04:00,19649.09
2022-08-06T18:00:00-04:00,20140.81
2022-08-07T00:00:00-04:00,17530.98
2022-08-07T03:00:00-04:00,16029.76
2022-08-07T07:00:00-04:00,16310.24
2022-08-07T08:00:00-04:00,17009.87
2022-08-07T11:00:00-04:00,19759.68
2022-08-07T21:00:00-04:00,19509.39
2022-08-08T03:00:00-04:00,15625.52
2022-08-08T07:00:00-04:00,16841.3
2022-08-08T10:00:00-04:00,18949.04
2022-08-08T12:00:00-04:00,19552.11
2022-08-08T13:00:00-04:00,19402.38
2022-08-08T17:00:00-04:00,19216.51
2022-08-08T20:00:00-04:00,19356.78
2022-08-08T21:00:00-04:00,19022.08
2022-08-08T23:00:00-04:00,17625.92
2022-08-09T00:00:00-04:00,16608.88
2022-08-09T02:00:00-04:00,15494.68
2022-08-09T03:00:00-04:00,15173.19
2022-08-09T06:00:00-04:00,15548.74
2022-08-09T08:00:00-04:00,17490.95
2022-08-09T13:00:00-04:00,18514.46
2022-08-09T14:00:00-04:00,18507.94
2022-08-09T18:00:00-04:00,19142.8
2022-08-09T20:00:00-04:00,18610.38
2022-08-09T21:00:00-04:00,18581.07
2022-08-10T00:00:00-04:00,16147.16
2022-08-10T01:00:00-04:00,15592.56
2022-08-10T04:00:00-04:00,14873.88
2022-08-10T06:00:00-04:00,15401.69
2022-08-10T09:00:00-04:00,18213.29
2022-08-10T10:00:00-04:00,18483.21
2022-08-10T12:00:00-04:00,18846.91
2022-08-10T13:00:00-04:00,18898.11
2022-08-10T16:00:00-04:00,18818.44
2022-08-10T19:00:00-04:00,19534.85
2022-08-10T21:00:00-04:00,19143.5
2022-08-10T22:00:00-04:00,18585.38
2022-08-11T02:00:00-04:00,15479.67
2022-08-11T05:00:00-04:00,15217.67
2022-08-11T07:00:00-04:00,16530.21
2022-08-11T10:00:00-04:00,18832.65
2022-08-11T12:00:00-04:00,19614.33
2022-08-11T20:00:00-04:00,19299.69
2022-08-11T21:00:00-04:00,19071.55
2022-08-11T22:00:00-04:00,18479.77
2022-08-12T01:00:00-04:00,15810.45
2022-08-12T02:00:00-04:00,15507.75
2022-08-12T03:00:00-04:00,15122.62
2022-08-12T04:00:00-04:00,14802.71
2022-08-12T05:00:00-04:00,15111.18
2022-08-12T06:00:00-04:00,15623.15
2022-08-12T07:00:00-04:00,16634.71
2022-08-12T11:00:00-04:00,18782.96
2022-08-12T12:00:00-04:00,18753.46
2022-08-12T13:00:00-04:00,18623.09
2022-08-12T17:00:00-04:00,18458.82
2022-08-12T20:00:00-04:00,18308.8
2022-08-12T21:00:00-04:00,18225.99
2022-08-12T22:00:00-04:00,17779.74
2022-08-12T23:00:00-04:00,16985.55
2022-08-13T01:00:00-04:00,15633.63
2022-08-13T04:00:00-04:00,14973.67
2022-08-13T05:00:00-04:00,14884.4
2022-08-13T06:00:00-04:00,15016.09
2022-08-13T09:00:00-04:00,16938.69
2022-08-13T12:00:00-04:00,18046.52
2022-08-13T18:00:00-04:00,18137.15
2022-08-13T19:00:00-04:00,18153.11
2022-08-13T22:00:00-04:00,17156.61
2022-08-14T03:00:00-04:00,14709.55
2022-08-14T04:00:00-04:00,14616.02
2022-08-14T09:00:00-04:00,16475.66
2022-08-14T14:00:00-04:00,18007.07
2022-08-15T03:00:00-04:00,14849.07
2022-08-15T06:00:00-04:00,15303.5
2022-08-15T10:00:00-04:00,19182.12
2022-08-15T11:00:00-04:00,19582.86
2022-08-15T13:00:00-04:00,20065.13
2022-08-15T15:00:00-04:00,19577.6
2022-08-15T16:00:00-04:00,19529.84
2022-08-15T17:00:00-04:00,19897.98
2022-08-15T18:00:00-04:00,20297.06
2022-08-15T22:00:00-04:00,18887.88
2022-08-16T03:00:00-04:00,15277.8
2022-08-16T04:00:00-04:00,15191.81
2022-08-16T11:00:00-04:00,19586.83
2022-08-16T20:00:00-04:00,19658.69
2022-08-16T22:00:00-04:00,19409.22
2022-08-16T23:00:00-04:00,17788.73
2022-08-17T03:00:00-04:00,15432.27
2022-08-17T05:00:00-04:00,15283.05
2022-08-17T06:00:00-04:00,15697.74
2022-08-17T07:00:00-04:00,16576.16
2022-08-17T10:00:00-04:00,18985.9
2022-08-17T11:00:00-04:00,19260.65
2022-08-17T12:00:00-04:00,19457.75
2022-08-17T15:00:00-04:00,19620.51
2022-08-18T01:00:00-04:00,16007.54
2022-08-18T04:00:00-04:00,15186.48
2022-08-18T06:00:00-04:00,15512.37
2022-08-18T07:00:00-04:00,16497.88
2022-08-18T10:00:00-04:00,18904.86
2022-08-18T12:00:00-04:00,19664.82
2022-08-18T15:00:00-04:00,19119.31
2022-08-18T19:00:00-04:00,19651.91
2022-08-18T20:00:00-04:00,19597.34
2022-08-18T21:00:00-04:00,19326.2
2022-08-19T02:00:00-04:00,15730.1
2022-08-19T06:00:00-04:00,15668.99
2022-08-19T07:00:00-04:00,16601.12
2022-08-19T13:00:00-04:00,19904.74
2022-08-19T14:00:00-04:00,19974.27
2022-08-19T16:00:00-04:00,20034.12
2022-08-19T21:00:00-04:00,19188.69
2022-08-20T00:00:00-04:00,16762.82
2022-08-20T05:00:00-04:00,14984.01
2022-08-20T10:00:00-04:00,18449.58
2022-08-20T12:00:00-04:00,19328.98
2022-08-20T16:00:00-04:00,19469.73
2022-08-20T19:00:00-04:00,19461.89
2022-08-20T21:00:00-04:00,18661.4
2022-08-21T00:00:00-04:00,16884.33
2022-08-21T03:00:00-04:00,15357.59
2022-08-21T05:00:00-04:00,15005.02
2022-08-21T08:00:00-04:00,16273.72
2022-08-21T10:00:00-04:00,18326.43
2022-08-21T14:00:00-04:00,19712.85
2022-08-21T15:00:00-04:00,19410.14
2022-08-21T20:00:00-04:00,19011.25
2022-08-21T23:00:00-04:00,17255.03
2022-08-22T01:00:00-04:00,15889.33
2022-08-22T10:00:00-04:00,19733.56
2022-08-22T11:00:00-04:00,20037.91
2022-08-22T14:00:00-04:00,20694.91
2022-08-22T19:00:00-04:00,20580.52
2022-08-22T21:00:00-04:00,20093.93
2022-08-22T23:00:00-04:00,18245.77
2022-08-23T02:00:00-04:00,16202.01
2022-08-23T07:00:00-04:00,17155.92
2022-08-23T08:00:00-04:00,18321.61
2022-08-23T12:00:00-04:00,19733.79
2022-08-23T14:00:00-04:00,19807.5
2022-08-23T17:00:00-04:00,19981.59
2022-08-23T18:00:00-04:00,20543.96
2022-08-23T20:00:00-04:00,20185.42
2022-08-23T22:00:00-04:00,19023.57
2022-08-24T01:00:00-04:00,16442.04
2022-08-24T03:00:00-04:00,15764.64
2022-08-24T06:00:00-04:00,16118.16
2022-08-24T09:00:00-04:00,19253.0
2022-08-24T10:00:00-04:00,19758.22
2022-08-24T12:00:00-04:00,20462.55
2022-08-24T14:00:00-04:00,20463.77
2022-08-24T17:00:00-04:00,20801.0
2022-08-24T19:00:00-04:00,20821.98
2022-08-24T21:00:00-04:00,20109.55
2022-08-24T23:00:00-04:00,18362.42
2022-08-25T00:00:00-04:00,17158.69
2022-08-25T05:00:00-04:00,15569.77
2022-08-25T07:00:00-04:00,16933.07
2022-08-25T08:00:00-04:00,18223.25
2022-08-25T10:00:00-04:00,19310.45
2022-08-25T11:00:00-04:00,19501.63
2022-08-25T14:00:00-04:00,19572.87
2022-08-25T16:00:00-04:00,19354.77
2022-08-25T22:00:00-04:00,18665.74
2022-08-25T23:00:00-04:00,17606.35
2022-08-26T01:00:00-04:00,15889.31
2022-08-26T05:00:00-04:00,15435.58
2022-08-26T08:00:00-04:00,18151.03
2022-08-26T11:00:00-04:00,19318.12
2022-08-26T12:00:00-04:00,19491.55
2022-08-26T14:00:00-04:00,19281.22
2022-08-26T18:00:00-04:00,19075.09
2022-08-26T19:00:00-04:00,19049.64
2022-08-26T21:00:00-04:00,18610.34
2022-08-27T03:00:00-04:00,15033.23
2022-08-27T04:00:00-04:00,14844.1
2022-08-27T09:00:00-04:00,17107.58
2022-08-27T10:00:00-04:00,17599.12
2022-08-27T13:00:00-04:00,17975.7
2022-08-27T15:00:00-04:00,17560.26
2022-08-27T17:00:00-04:00,17750.91
2022-08-27T19:00:00-04:00,17928.34
2022-08-27T22:00:00-04:00,17169.81
2022-08-27T23:00:00-04:00,16575.0
2022-08-28T05:00:00-04:00,14952.63
2022-08-28T06:00:00-04:00,14993.77
2022-08-28T08:00:00-04:00,16118.6
2022-08-28T09:00:00-04:00,16914.67
2022-08-28T16:00:00-04:00,18371.76
2022-08-28T17:00:00-04:00,18789.76
2022-08-29T09:00:00-04:00,19319.44
2022-08-29T10:00:00-04:00,19960.47
2022-08-29T11:00:00-04:00,20465.79
2022-08-29T13:00:00-04:00,21119.82
2022-08-29T14:00:00-04:00,21291.95
2022-08-29T18:00:00-04:00,22481.36
2022-08-29T23:00:00-04:00,19080.77
2022-08-30T01:00:00-04:00,17125.46
2022-08-30T05:00:00-04:00,16106.08
2022-08-30T08:00:00-04:00,19095.29
2022-08-30T09:00:00-04:00,19654.84
2022-08-30T11:00:00-04:00,20415.32
2022-08-30T16:00:00-04:00,20939.96
2022-08-30T20:00:00-04:00,20986.13
2022-08-31T03:00:00-04:00,15876.3
2022-08-31T04:00:00-04:00,15649.06
2022-08-31T05:00:00-04:00,15630.52
2022-08-31T08:00:00-04:00,18544.47
2022-08-31T15:00:00-04:00,19125.6
2022-08-31T16:00:00-04:00,19044.11
2022-08-31T18:00:00-04:00,19844.43
2022-08-31T19:00:00-04:00,19723.94
2022-08-31T21:00:00-04:00,19382.37
2022-08-31T23:00:00-04:00,17450.98
2022-09-01T00:00:00-04:00,16361.01
2022-09-01T01:00:00-04:00,15711.42
2022-09-01T03:00:00-04:00,15113.09
2022-09-01T04:00:00-04:00,15035.97
2022-09-01T10:00:00-04:00,18637.96
2022-09-01T15:00:00-04:00,18270.9
2022-09-01T17:00:00-04:00,18555.69
2022-09-01T18:00:00-04:00,18905.31
2022-09-01T19:00:00-04:00,18852.56
2022-09-01T20:00:00-04:00,18959.19
2022-09-02T02:00:00-04:00,15268.03
2022-09-02T08:00:00-04:00,18279.31
2022-09-02T17:00:00-04:00,18864.82
2022-09-02T20:00:00-04:00,18970.18
2022-09-02T21:00:00-04:00,18694.05
2022-09-02T22:00:00-04:00,18072.12
2022-09-03T00:00:00-04:00,16556.77
2022-09-03T01:00:00-04:00,15769.06
2022-09-03T04:00:00-04:00,14946.21
2022-09-03T07:00:00-04:00,15493.03
2022-09-03T10:00:00-04:00,17895.03
2022-09-03T12:00:00-04:00,18429.53
2022-09-03T14:00:00-04:00,18496.75
2022-09-03T19:00:00-04:00,18727.61
2022-09-04T00:00:00-04:00,16205.21
2022-09-04T01:00:00-04:00,15690.92
2022-09-04T02:00:00-04:00,15255.19
2022-09-04T04:00:00-04:00,14789.04
2022-09-04T05:00:00-04:00,14652.41
2022-09-04T07:00:00-04:00,15198.97
2022-09-04T10:00:00-04:00,17170.93
2022-09-04T11:00:00-04:00,17459.82
2022-09-04T13:00:00-04:00,17667.95
2022-09-04T14:00:00-04:00,17359.01
2022-09-05T00:00:00-04:00,15495.49
2022-09-05T04:00:00-04:00,14390.14
2022-09-05T06:00:00-04:00,14671.39
2022-09-05T07:00:00-04:00,15213.04
2022-09-05T12:00:00-04:00,18028.37
2022-09-06T00:00:00-04:00,15491.11
2022-09-06T09:00:00-04:00,18596.4
2022-09-06T13:00:00-04:00,18800.49
2022-09-06T21:00:00-04:00,19202.54
2022-09-06T22:00:00-04:00,18226.71
2022-09-07T02:00:00-04:00,15324.3
2022-09-07T03:00:00-04:00,15038.87
2022-09-07T07:00:00-04:00,17157.87
2022-09-07T08:00:00-04:00,18241.74
2022-09-07T11:00:00-04:00,18967.75
2022-09-07T14:00:00-04:00,19140.28
2022-09-07T15:00:00-04:00,19011.96
2022-09-07T18:00:00-04:00,20125.2
2022-09-07T22:00:00-04:00,18554.61
2022-09-07T23:00:00-04:00,17481.04
2022-09-08T01:00:00-04:00,15731.58
2022-09-08T04:00:00-04:00,14967.48
2022-09-08T07:00:00-04:00,17121.76
2022-09-08T09:00:00-04:00,18724.44
2022-09-08T14:00:00-04:00,19524.63
2022-09-08T15:00:00-04:00,19577.3
2022-09-08T19:00:00-04:00,20651.0
2022-09-08T20:00:00-04:00,20639.75
2022-09-09T00:00:00-04:00,16695.09
2022-09-09T04:00:00-04:00,15316.95
2022-09-09T08:00:00-04:00,18392.35
2022-09-09T09:00:00-04:00,18902.09
2022-09-09T10:00:00-04:00,19201.4
2022-09-09T14:00:00-04:00,19841.34
2022-09-09T16:00:00-04:00,19539.25
2022-09-09T22:00:00-04:00,18432.29
2022-09-10T01:00:00-04:00,15990.79
2022-09-10T02:00:00-04:00,15530.08
2022-09-10T03:00:00-04:00,15274.84
2022-09-10T04:00:00-04:00,15056.81
2022-09-10T16:00:00-04:00,19044.74
2022-09-10T17:00:00-04:00,19294.53
2022-09-10T22:00:00-04:00,18014.8
2022-09-11T00:00:00-04:00,16429.81
2022-09-11T01:00:00-04:00,15886.52
2022-09-11T08:00:00-04:00,16033.88
2022-09-11T09:00:00-04:00,17117.86
2022-09-11T10:00:00-04:00,17948.94
2022-09-11T12:00:00-04:00,19037.38
2022-09-11T15:00:00-04:00,19264.05
2022-09-11T18:00:00-04:00,19936.03
2022-09-11T21:00:00-04:00,19192.22
2022-09-12T00:00:00-04:00,16257.38
2022-09-12T02:00:00-04:00,15350.84
2022-09-12T07:00:00-04:00,17281.64
2022-09-12T10:00:00-04:00,19375.93
2022-09-12T12:00:00-04:00,19916.09
2022-09-12T13:00:00-04:00,20079.62
2022-09-12T17:00:00-04:00,20579.22
2022-09-12T20:00:00-04:00,20862.93
2022-09-12T21:00:00-04:00,20127.15
2022-09-12T22:00:00-04:00,19081.6
2022-09-13T01:00:00-04:00,16143.52
2022-09-13T03:00:00-04:00,15539.64
2022-09-13T04:00:00-04:00,15231.6
2022-09-13T09:00:00-04:00,18531.92
2022-09-13T10:00:00-04:00,18579.02
2022-09-13T13:00:00-04:00,19216.39
2022-09-13T15:00:00-04:00,19051.15
2022-09-13T20:00:00-04:00,19934.47
2022-09-13T22:00:00-04:00,18125.64
2022-09-14T02:00:00-04:00,15442.43
2022-09-14T03:00:00-04:00,15103.98
2022-09-14T09:00:00-04:00,18678.06
2022-09-14T11:00:00-04:00,18850.61
2022-09-14T13:00:00-04:00,18768.04
2022-09-14T15:00:00-04:00,18656.37
2022-09-14T17:00:00-04:00,18865.31
2022-09-14T18:00:00-04:00,19294.23
2022-09-14T19:00:00-04:00,19259.15
2022-09-14T20:00:00-04:00,19234.03
2022-09-14T21:00:00-04:00,18726.25
2022-09-14T23:00:00-04:00,16868.32
2022-09-15T01:00:00-04:00,15321.13
2022-09-15T02:00:00-04:00,15019.45
2022-09-15T03:00:00-04:00,14842.48
2022-09-15T04:00:00-04:00,14692.0
2022-09-15T05:00:00-04:00,14702.98
2022-09-15T06:00:00-04:00,15465.86
2022-09-15T09:00:00-04:00,18290.88
2022-09-15T10:00:00-04:00,18190.86
2022-09-15T11:00:00-04:00,18263.72
2022-09-15T13:00:00-04:00,18288.04
2022-09-15T21:00:00-04:00,18670.59
2022-09-15T23:00:00-04:00,16997.62
2022-09-16T00:00:00-04:00,16052.31
2022-09-16T04:00:00-04:00,14847.18
2022-09-16T07:00:00-04:00,16946.4
2022-09-16T14:00:00-04:00,18117.78
2022-09-16T16:00:00-04:00,17704.88
2022-09-16T20:00:00-04:00,18473.51
2022-09-17T01:00:00-04:00,15328.35
2022-09-17T02:00:00-04:00,15045.75
2022-09-17T03:00:00-04:00,14972.89
2022-09-17T18:00:00-04:00,17618.92
2022-09-17T21:00:00-04:00,17282.89
2022-09-17T22:00:00-04:00,16667.31
2022-09-18T01:00:00-04:00,14876.5
2022-09-18T03:00:00-04:00,14310.53
2022-09-18T08:00:00-04:00,15528.89
2022-09-18T09:00:00-04:00,16379.26
2022-09-18T11:00:00-04:00,17648.39
2022-09-18T13:00:00-04:00,18135.91
2022-09-18T15:00:00-04:00,17674.24
2022-09-18T19:00:00-04:00,19070.68
2022-09-18T23:00:00-04:00,16269.98
2022-09-19T01:00:00-04:00,14910.49
2022-09-19T05:00:00-04:00,15059.01
2022-09-19T06:00:00-04:00,15890.22
2022-09-19T08:00:00-04:00,18723.13
2022-09-19T18:00:00-04:00,20529.53
2022-09-19T20:00:00-04:00,20192.89
2022-09-19T22:00:00-04:00,18325.85
2022-09-19T23:00:00-04:00,17193.23
2022-09-20T03:00:00-04:00,15172.61
2022-09-20T06:00:00-04:00,15860.76
2022-09-20T16:00:00-04:00,18304.34
2022-09-20T17:00:00-04:00,18752.03
2022-09-20T18:00:00-04:00,19573.36
2022-09-20T21:00:00-04:00,18960.33
2022-09-20T23:00:00-04:00,17076.62
2022-09-21T00:00:00-04:00,16031.13
2022-09-21T02:00:00-04:00,15149.06
2022-09-21T04:00:00-04:00,14964.72
2022-09-21T08:00:00-04:00,18709.99
2022-09-21T12:00:00-04:00,18860.86
2022-09-22T00:00:00-04:00,16162.57
2022-09-22T01:00:00-04:00,15658.36
2022-09-22T03:00:00-04:00,14940.16
2022-09-22T06:00:00-04:00,15496.68
2022-09-22T10:00:00-04:00,18528.89
2022-09-22T11:00:00-04:00,18526.38
2022-09-22T21:00:00-04:00,18888.05
2022-09-22T22:00:00-04:00,18101.87
2022-09-23T00:00:00-04:00,16392.48
2022-09-23T02:00:00-04:00,15576.89
2022-09-23T05:00:00-04:00,15772.54
2022-09-23T09:00:00-04:00,19589.93
2022-09-23T14:00:00-04:00,18582.68
2022-09-24T00:00:00-04:00,16671.76
2022-09-24T08:00:00-04:00,17937.35
2022-09-24T10:00:00-04:00,18393.32
2022-09-24T11:00:00-04:00,18360.0
2022-09-24T14:00:00-04:00,17329.91
2022-09-24T19:00:00-04:00,17642.98
2022-09-24T20:00:00-04:00,17626.12
2022-09-24T21:00:00-04:00,17303.46
2022-09-24T22:00:00-04:00,16860.94
2022-09-25T06:00:00-04:00,15293.14
2022-09-25T08:00:00-04:00,16532.36
2022-09-25T10:00:00-04:00,17835.87
2022-09-25T13:00:00-04:00,17857.43
2022-09-25T16:00:00-04:00,17375.43
2022-09-25T19:00:00-04:00,19027.3
2022-09-26T02:00:00-04:00,14842.31
2022-09-26T05:00:00-04:00,15078.3
2022-09-26T06:00:00-04:00,15902.99
2022-09-26T07:00:00-04:00,17392.09
2022-09-26T08:00:00-04:00,18612.16
2022-09-26T12:00:00-04:00,19164.85
2022-09-26T14:00:00-04:00,18874.85
2022-09-26T17:00:00-04:00,19132.24
2022-09-26T21:00:00-04:00,18986.35
2022-09-27T00:00:00-04:00,16010.93
2022-09-27T07:00:00-04:00,17490.19
2022-09-27T08:00:00-04:00,18560.03
2022-09-27T10:00:00-04:00,18754.06
2022-09-27T11:00:00-04:00,18741.13
2022-09-27T13:00:00-04:00,18555.88
2022-09-27T16:00:00-04:00,18209.0
2022-09-27T17:00:00-04:00,18595.23
2022-09-27T18:00:00-04:00,19186.36
2022-09-27T20:00:00-04:00,19329.19
2022-09-27T21:00:00-04:00,18626.59
2022-09-27T22:00:00-04:00,17801.78
2022-09-27T23:00:00-04:00,16651.72
2022-09-28T02:00:00-04:00,14801.36
2022-09-28T07:00:00-04:00,17228.94
2022-09-28T09:00:00-04:00,18760.47
2022-09-28T12:00:00-04:00,18476.53
2022-09-28T17:00:00-04:00,18453.55
2022-09-28T19:00:00-04:00,19374.81
2022-09-28T21:00:00-04:00,18820.45
2022-09-29T00:00:00-04:00,16057.02
2022-09-29T01:00:00-04:00,15532.79
2022-09-29T04:00:00-04:00,15315.17
2022-09-29T08:00:00-04:00,19475.95
2022-09-29T09:00:00-04:00,19455.01
2022-09-29T10:00:00-04:00,19122.81
2022-09-29T14:00:00-04:00,18256.72
2022-09-29T18:00:00-04:00,18974.5
2022-09-29T20:00:00-04:00,19874.19
2022-09-29T21:00:00-04:00,19351.78
2022-09-30T00:00:00-04:00,16699.99
2022-09-30T07:00:00-04:00,19222.84
2022-09-30T12:00:00-04:00,19049.98
2022-09-30T15:00:00-04:00,17804.31
2022-09-30T20:00:00-04:00,18793.59
2022-10-01T00:00:00-04:00,15969.65
2022-10-01T02:00:00-04:00,15356.23
2022-10-01T05:00:00-04:00,15346.44
2022-10-01T13:00:00-04:00,17813.89
2022-10-01T20:00:00-04:00,18053.28
2022-10-01T23:00:00-04:00,16669.95
2022-10-02T06:00:00-04:00,16723.62
2022-10-02T09:00:00-04:00,18810.5
2022-10-02T10:00:00-04:00,18867.0
2022-10-02T13:00:00-04:00,18430.48
2022-10-02T14:00:00-04:00,17988.06
2022-10-02T15:00:00-04:00,17541.27
2022-10-02T17:00:00-04:00,18077.69
2022-10-02T19:00:00-04:00,19414.38
2022-10-02T23:00:00-04:00,17636.49
2022-10-03T05:00:00-04:00,17566.55
2022-10-03T08:00:00-04:00,21804.25
2022-10-03T12:00:00-04:00,20200.31
2022-10-03T13:00:00-04:00,19733.02
2022-10-03T16:00:00-04:00,18618.42
2022-10-03T17:00:00-04:00,18813.46
2022-10-03T21:00:00-04:00,19746.76
2022-10-04T10:00:00-04:00,20318.13
2022-10-04T12:00:00-04:00,19562.99
2022-10-04T13:00:00-04:00,19123.74
2022-10-05T00:00:00-04:00,16507.16
2022-10-05T02:00:00-04:00,16033.8
2022-10-05T07:00:00-04:00,19605.51
2022-10-05T10:00:00-04:00,19764.01
2022-10-05T11:00:00-04:00,19343.09
2022-10-05T21:00:00-04:00,18934.45
2022-10-05T22:00:00-04:00,18064.08
2022-10-06T00:00:00-04:00,16154.08
2022-10-06T04:00:00-04:00,15341.51
2022-10-06T06:00:00-04:00,16439.76
2022-10-06T08:00:00-04:00,19268.52
2022-10-06T09:00:00-04:00,19276.47
2022-10-06T10:00:00-04:00,18943.55
2022-10-06T15:00:00-04:00,18196.83
2022-10-06T16:00:00-04:00,18256.0
2022-10-06T20:00:00-04:00,19525.88
2022-10-06T23:00:00-04:00,17145.51
2022-10-07T02:00:00-04:00,15144.23
2022-10-07T07:00:00-04:00,17282.3
2022-10-07T08:00:00-04:00,18684.58
2022-10-07T09:00:00-04:00,19073.19
2022-10-07T15:00:00-04:00,18687.82
2022-10-07T17:00:00-04:00,19124.04
2022-10-07T20:00:00-04:00,19603.06
2022-10-07T21:00:00-04:00,19016.37
2022-10-07T23:00:00-04:00,17844.86
2022-10-08T00:00:00-04:00,17110.36
2022-10-08T03:00:00-04:00,16787.12
2022-10-08T07:00:00-04:00,18477.4
2022-10-08T11:00:00-04:00,20494.9
2022-10-08T18:00:00-04:00,20029.63
2022-10-08T21:00:00-04:00,19702.68
2022-10-09T01:00:00-04:00,17597.79
2022-10-09T07:00:00-04:00,18213.57
2022-10-09T09:00:00-04:00,19602.73
2022-10-09T11:00:00-04:00,20225.83
2022-10-09T15:00:00-04:00,18369.04
2022-10-09T16:00:00-04:00,18268.18
2022-10-09T19:00:00-04:00,19828.25
2022-10-09T20:00:00-04:00,19834.75
2022-10-09T21:00:00-04:00,19605.52
2022-10-09T22:00:00-04:00,19137.45
2022-10-10T00:00:00-04:00,18378.46
2022-10-10T03:00:00-04:00,18006.95
2022-10-10T05:00:00-04:00,18308.22
2022-10-10T09:00:00-04:00,20915.77
2022-10-10T10:00:00-04:00,20900.51
2022-10-10T13:00:00-04:00,19825.21
2022-10-10T14:00:00-04:00,19127.25
2022-10-10T17:00:00-04:00,19258.88
2022-10-10T20:00:00-04:00,20872.04
2022-10-10T22:00:00-04:00,19523.63
2022-10-11T08:00:00-04:00,23033.94
2022-10-11T10:00:00-04:00,21543.48
2022-10-11T14:00:00-04:00,19373.63
2022-10-11T15:00:00-04:00,18969.5
2022-10-11T19:00:00-04:00,20752.22
2022-10-11T20:00:00-04:00,20792.82
2022-10-11T22:00:00-04:00,19142.11
2022-10-11T23:00:00-04:00,18427.52
2022-10-12T02:00:00-04:00,16801.87
2022-10-12T03:00:00-04:00,16843.37
2022-10-12T06:00:00-04:00,18357.59
2022-10-12T10:00:00-04:00,20248.22
2022-10-12T11:00:00-04:00,19846.9
2022-10-12T12:00:00-04:00,19588.98
2022-10-12T16:00:00-04:00,18575.78
2022-10-12T18:00:00-04:00,19943.66
2022-10-12T21:00:00-04:00,19274.49
2022-10-12T23:00:00-04:00,17376.68
2022-10-13T03:00:00-04:00,15365.58
2022-10-13T05:00:00-04:00,15593.78
2022-10-13T08:00:00-04:00,19319.08
2022-10-13T13:00:00-04:00,19140.66
2022-10-13T15:00:00-04:00,18894.12
2022-10-13T20:00:00-04:00,19797.3
2022-10-14T00:00:00-04:00,16656.79
2022-10-14T01:00:00-04:00,16096.24
2022-10-14T02:00:00-04:00,15755.37
2022-10-14T08:00:00-04:00,19433.21
2022-10-14T11:00:00-04:00,19503.22
2022-10-14T16:00:00-04:00,18494.01
2022-10-14T17:00:00-04:00,18674.89
2022-10-14T23:00:00-04:00,17438.95
2022-10-15T02:00:00-04:00,15848.84
2022-10-15T03:00:00-04:00,15836.95
2022-10-15T10:00:00-04:00,19449.21
2022-10-15T12:00:00-04:00,19001.23
2022-10-15T18:00:00-04:00,18508.72
2022-10-15T19:00:00-04:00,18787.83
2022-10-15T20:00:00-04:00,18324.14
2022-10-15T21:00:00-04:00,17772.42
2022-10-15T22:00:00-04:00,17223.28
2022-10-16T08:00:00-04:00,18028.93
2022-10-16T10:00:00-04:00,18724.93
2022-10-16T12:00:00-04:00,18464.35
2022-10-16T13:00:00-04:00,18232.7
2022-10-16T14:00:00-04:00,17793.15
2022-10-16T15:00:00-04:00,17495.86
2022-10-16T17:00:00-04:00,18224.27
2022-10-17T02:00:00-04:00,15834.17
2022-10-17T07:00:00-04:00,19107.48
2022-10-17T09:00:00-04:00,20478.89
2022-10-17T10:00:00-04:00,20032.07
2022-10-17T13:00:00-04:00,19282.81
2022-10-17T15:00:00-04:00,18884.15
2022-10-17T16:00:00-04:00,19195.41
2022-10-17T18:00:00-04:00,20801.69
2022-10-17T19:00:00-04:00,20974.03
2022-10-17T22:00:00-04:00,18504.46
2022-10-18T01:00:00-04:00,16374.12
2022-10-18T07:00:00-04:00,18854.01
2022-10-18T08:00:00-04:00,20210.44
2022-10-18T13:00:00-04:00,19518.17
2022-10-18T16:00:00-04:00,19189.19
2022-10-18T17:00:00-04:00,19712.49
2022-10-18T19:00:00-04:00,20964.12
2022-10-19T03:00:00-04:00,17293.29
2022-10-19T09:00:00-04:00,21225.92
2022-10-19T12:00:00-04:00,20132.07
2022-10-19T14:00:00-04:00,19467.3
2022-10-20T01:00:00-04:00,17691.29
2022-10-20T04:00:00-04:00,17503.33
2022-10-20T07:00:00-04:00,20622.42
2022-10-20T10:00:00-04:00,21394.49
2022-10-20T13:00:00-04:00,20928.74
2022-10-20T15:00:00-04:00,20689.41
2022-10-20T17:00:00-04:00,21585.44
2022-10-20T20:00:00-04:00,22267.07
2022-10-21T02:00:00-04:00,18263.26
2022-10-21T05:00:00-04:00,18341.49
2022-10-21T08:00:00-04:00,22290.68
2022-10-21T13:00:00-04:00,19642.7
2022-10-21T15:00:00-04:00,18981.46
2022-10-21T17:00:00-04:00,19210.38
2022-10-21T18:00:00-04:00,20041.97
2022-10-21T21:00:00-04:00,19643.27
2022-10-22T05:00:00-04:00,17096.57
2022-10-22T09:00:00-04:00,19476.2
2022-10-22T12:00:00-04:00,18693.54
2022-10-22T13:00:00-04:00,18328.71
2022-10-22T14:00:00-04:00,17872.17
2022-10-22T15:00:00-04:00,17279.48
2022-10-22T16:00:00-04:00,17134.05
2022-10-22T17:00:00-04:00,17502.94
2022-10-22T21:00:00-04:00,17639.84
2022-10-23T02:00:00-04:00,15489.77
2022-10-23T04:00:00-04:00,15628.01
2022-10-23T05:00:00-04:00,15852.87
2022-10-23T10:00:00-04:00,18782.3
2022-10-23T11:00:00-04:00,18548.22
2022-10-23T13:00:00-04:00,18170.45
2022-10-23T21:00:00-04:00,18124.68
2022-10-23T23:00:00-04:00,16480.54
2022-10-24T00:00:00-04:00,15636.88
2022-10-24T01:00:00-04:00,15373.5
2022-10-24T07:00:00-04:00,18361.45
2022-10-24T08:00:00-04:00,19803.15
2022-10-24T10:00:00-04:00,19575.24
2022-10-24T12:00:00-04:00,19242.76
2022-10-24T13:00:00-04:00,18960.05
2022-10-24T15:00:00-04:00,18301.8
2022-10-24T19:00:00-04:00,20268.65
2022-10-24T23:00:00-04:00,16974.98
2022-10-25T00:00:00-04:00,16129.03
2022-10-25T02:00:00-04:00,15218.33
2022-10-25T06:00:00-04:00,15795.01
2022-10-25T09:00:00-04:00,18895.25
2022-10-25T10:00:00-04:00,18904.94
2022-10-25T12:00:00-04:00,18833.71
2022-10-25T22:00:00-04:00,20774.15
2022-10-26T00:00:00-04:00,15842.95
2022-10-26T01:00:00-04:00,15196.2
2022-10-26T02:00:00-04:00,14859.35
2022-10-26T03:00:00-04:00,14671.79
2022-10-26T04:00:00-04:00,14633.78
2022-10-26T07:00:00-04:00,17135.67
2022-10-26T10:00:00-04:00,18610.01
2022-10-26T11:00:00-04:00,18506.3
2022-10-26T15:00:00-04:00,18119.79
2022-10-26T21:00:00-04:00,18629.62
2022-10-26T23:00:00-04:00,16957.01
2022-10-27T00:00:00-04:00,16109.47
2022-10-27T01:00:00-04:00,15430.13
2022-10-27T04:00:00-04:00,14900.98
2022-10-27T06:00:00-04:00,15876.84
2022-10-27T14:00:00-04:00,18353.63
2022-10-27T17:00:00-04:00,18820.69
2022-10-27T20:00:00-04:00,20565.81
2022-10-27T21:00:00-04:00,20322.86
2022-10-27T23:00:00-04:00,18819.49
2022-10-28T03:00:00-04:00,17756.16
2022-10-28T06:00:00-04:00,19631.15
2022-10-28T12:00:00-04:00,20775.31
2022-10-28T19:00:00-04:00,21403.83
2022-10-28T22:00:00-04:00,20287.35
2022-10-29T01:00:00-04:00,18548.36
2022-10-29T06:00:00-04:00,19564.84
2022-10-29T13:00:00-04:00,19559.36
2022-10-29T14:00:00-04:00,18832.74
2022-10-29T15:00:00-04:00,18339.99
2022-10-29T17:00:00-04:00,18571.6
2022-10-29T18:00:00-04:00,19303.81
2022-10-29T19:00:00-04:00,19807.87
2022-10-30T02:00:00-04:00,17141.32
2022-10-30T03:00:00-04:00,17141.62
2022-10-30T04:00:00-04:00,17418.86
2022-10-30T09:00:00-04:00,20059.5
2022-10-30T13:00:00-04:00,18728.38
2022-10-30T14:00:00-04:00,18168.96
2022-10-30T18:00:00-04:00,19554.39
2022-10-31T00:00:00-04:00,17150.05
2022-10-31T07:00:00-04:00,20410.87
2022-10-31T13:00:00-04:00,19620.74
2022-11-01T00:00:00-04:00,17306.58
2022-11-01T03:00:00-04:00,16335.84
2022-11-01T08:00:00-04:00,20381.91
2022-11-01T13:00:00-04:00,19496.82
2022-11-01T16:00:00-04:00,18951.05
2022-11-01T19:00:00-04:00,20796.19
2022-11-01T21:00:00-04:00,19509.5
2022-11-01T23:00:00-04:00,17848.62
2022-11-02T00:00:00-04:00,17021.2
2022-11-02T07:00:00-04:00,19815.13
2022-11-02T12:00:00-04:00,19194.98
2022-11-02T14:00:00-04:00,18556.37
2022-11-02T15:00:00-04:00,18189.48
2022-11-02T16:00:00-04:00,18366.03
2022-11-02T17:00:00-04:00,18895.05
2022-11-02T18:00:00-04:00,20053.1
2022-11-02T20:00:00-04:00,20466.0
2022-11-03T01:00:00-04:00,17677.14
2022-11-03T02:00:00-04:00,17625.25
2022-11-03T08:00:00-04:00,22914.76
2022-11-03T10:00:00-04:00,21615.8
2022-11-03T12:00:00-04:00,20212.64
2022-11-03T16:00:00-04:00,18548.94
2022-11-03T19:00:00-04:00,20549.24
2022-11-03T20:00:00-04:00,20335.48
2022-11-04T02:00:00-04:00,16446.41
2022-11-04T04:00:00-04:00,16518.55
2022-11-04T07:00:00-04:00,19342.79
2022-11-04T13:00:00-04:00,18569.16
2022-11-04T14:00:00-04:00,18392.02
2022-11-04T16:00:00-04:00,17796.39
2022-11-04T19:00:00-04:00,19388.1
2022-11-04T20:00:00-04:00,18878.79
2022-11-04T21:00:00-04:00,18170.24
2022-11-05T04:00:00-04:00,15216.12
2022-11-05T06:00:00-04:00,15634.63
2022-11-05T09:00:00-04:00,17634.2
2022-11-05T10:00:00-04:00,18061.71
2022-11-05T11:00:00-04:00,18124.37
2022-11-05T15:00:00-04:00,17090.35
2022-11-05T16:00:00-04:00,16986.36
2022-11-05T18:00:00-04:00,18007.38
2022-11-05T19:00:00-04:00,18234.89
2022-11-05T20:00:00-04:00,17576.99
2022-11-05T23:00:00-04:00,15919.64
2022-11-06T05:00:00-05:00,14241.58
2022-11-06T07:00:00-05:00,15089.51
2022-11-06T12:00:00-05:00,17942.52
2022-11-06T14:00:00-05:00,17276.79
2022-11-06T15:00:00-05:00,17185.64
2022-11-06T19:00:00-05:00,18846.11
2022-11-06T21:00:00-05:00,17130.06
2022-11-07T02:00:00-05:00,14457.12
2022-11-07T03:00:00-05:00,14420.8
2022-11-07T05:00:00-05:00,14869.51
2022-11-07T08:00:00-05:00,18588.77
2022-11-07T12:00:00-05:00,18545.57
2022-11-07T17:00:00-05:00,19902.38
2022-11-07T22:00:00-05:00,18933.68
2022-11-07T23:00:00-05:00,18230.53
2022-11-08T01:00:00-05:00,17146.09
2022-11-08T04:00:00-05:00,17420.94
2022-11-08T05:00:00-05:00,18035.77
2022-11-08T07:00:00-05:00,21122.18
2022-11-08T13:00:00-05:00,20144.98
2022-11-08T23:00:00-05:00,20756.0
2022-11-09T01:00:00-05:00,19543.36
2022-11-09T03:00:00-05:00,19808.25
2022-11-09T07:00:00-05:00,23987.52
2022-11-09T18:00:00-05:00,23408.89
2022-11-09T22:00:00-05:00,20699.31
2022-11-09T23:00:00-05:00,19764.81
2022-11-10T01:00:00-05:00,18418.67
2022-11-10T08:00:00-05:00,21836.96
2022-11-10T13:00:00-05:00,20661.96
2022-11-10T18:00:00-05:00,21905.29
2022-11-10T19:00:00-05:00,21499.25
2022-11-10T23:00:00-05:00,18311.77
2022-11-11T07:00:00-05:00,19567.84
2022-11-11T09:00:00-05:00,21013.84
2022-11-11T15:00:00-05:00,19647.9
2022-11-11T18:00:00-05:00,21333.13
2022-11-11T21:00:00-05:00,19792.57
2022-11-12T01:00:00-05:00,17059.11
2022-11-12T03:00:00-05:00,16683.38
2022-11-12T08:00:00-05:00,18663.68
2022-11-12T10:00:00-05:00,20175.63
2022-11-12T11:00:00-05:00,20367.26
2022-11-12T16:00:00-05:00,20035.51
2022-11-12T20:00:00-05:00,20643.86
2022-11-12T22:00:00-05:00,19892.58
2022-11-13T02:00:00-05:00,18217.65
2022-11-13T03:00:00-05:00,18273.71
2022-11-13T04:00:00-05:00,18418.06
2022-11-13T11:00:00-05:00,22131.77
2022-11-13T13:00:00-05:00,22298.06
2022-11-13T14:00:00-05:00,22241.47
2022-11-13T20:00:00-05:00,24355.04
2022-11-14T01:00:00-05:00,21422.28
2022-11-14T02:00:00-05:00,21318.69
2022-11-14T03:00:00-05:00,21450.45
2022-11-14T08:00:00-05:00,26551.79
2022-11-14T10:00:00-05:00,25568.26
2022-11-14T12:00:00-05:00,24757.17
2022-11-14T14:00:00-05:00,24368.03
2022-11-14T15:00:00-05:00,24401.75
2022-11-14T17:00:00-05:00,26341.37
2022-11-14T21:00:00-05:00,25246.33
2022-11-14T23:00:00-05:00,23292.29
2022-11-15T06:00:00-05:00,24058.88
2022-11-15T07:00:00-05:00,26036.69
2022-11-15T09:00:00-05:00,25793.09
2022-11-15T10:00:00-05:00,24689.99
2022-11-15T12:00:00-05:00,23614.66
2022-11-15T13:00:00-05:00,23722.78
2022-11-15T22:00:00-05:00,24776.71
2022-11-15T23:00:00-05:00,23670.41
2022-11-16T03:00:00-05:00,22229.83
2022-11-16T12:00:00-05:00,26696.83
2022-11-16T14:00:00-05:00,26213.8
2022-11-16T19:00:00-05:00,27898.43
2022-11-16T20:00:00-05:00,27358.62
2022-11-17T00:00:00-05:00,23714.13
2022-11-17T08:00:00-05:00,27390.19
2022-11-17T10:00:00-05:00,26202.8
2022-11-17T15:00:00-05:00,25713.21
2022-11-17T16:00:00-05:00,26437.75
2022-11-17T17:00:00-05:00,27838.47
2022-11-17T18:00:00-05:00,28620.94
2022-11-17T21:00:00-05:00,27525.03
2022-11-17T22:00:00-05:00,26611.44
2022-11-18T01:00:00-05:00,24575.72
2022-11-18T02:00:00-05:00,24398.05
2022-11-18T04:00:00-05:00,24979.93
2022-11-18T08:00:00-05:00,29533.9
2022-11-18T09:00:00-05:00,29248.02
2022-11-18T12:00:00-05:00,27685.36
2022-11-18T13:00:00-05:00,27302.44
2022-11-18T15:00:00-05:00,26993.45
2022-11-18T20:00:00-05:00,28042.3
2022-11-18T21:00:00-05:00,27412.43
2022-11-18T23:00:00-05:00,25617.75
2022-11-19T04:00:00-05:00,24518.11
2022-11-19T10:00:00-05:00,26661.36
2022-11-19T11:00:00-05:00,26125.14
2022-11-19T17:00:00-05:00,26960.62
2022-11-19T18:00:00-05:00,27364.93
2022-11-19T19:00:00-05:00,26691.08
2022-11-19T22:00:00-05:00,25022.26
2022-11-20T08:00:00-05:00,25717.74
2022-11-20T11:00:00-05:00,25716.98
2022-11-20T15:00:00-05:00,25515.2
2022-11-20T16:00:00-05:00,26542.82
2022-11-21T03:00:00-05:00,26473.12
2022-11-21T04:00:00-05:00,26853.27
2022-11-21T07:00:00-05:00,30715.34
2022-11-21T09:00:00-05:00,31031.17
2022-11-21T13:00:00-05:00,29155.62
2022-11-21T20:00:00-05:00,28967.55
2022-11-21T21:00:00-05:00,27929.74
2022-11-21T23:00:00-05:00,25607.7
2022-11-22T04:00:00-05:00,24406.05
2022-11-22T09:00:00-05:00,27806.33
2022-11-22T12:00:00-05:00,24892.86
2022-11-22T13:00:00-05:00,24398.2
2022-11-22T14:00:00-05:00,24355.01
2022-11-22T15:00:00-05:00,24906.34
2022-11-22T18:00:00-05:00,28515.08
2022-11-22T21:00:00-05:00,27101.32
2022-11-22T22:00:00-05:00,26057.88
2022-11-22T23:00:00-05:00,24842.0
2022-11-23T00:00:00-05:00,24011.91
2022-11-23T01:00:00-05:00,23488.84
2022-11-23T10:00:00-05:00,26419.04
2022-11-23T11:00:00-05:00,25665.05
2022-11-23T12:00:00-05:00,25134.95
2022-11-23T13:00:00-05:00,24583.02
2022-11-23T15:00:00-05:00,24220.77
2022-11-23T20:00:00-05:00,27212.85
2022-11-23T23:00:00-05:00,25001.67
2022-11-24T02:00:00-05:00,24052.9
2022-11-24T23:00:00-05:00,25075.75
2022-11-25T00:00:00-05:00,24178.18
2022-11-25T02:00:00-05:00,23614.9
2022-11-25T03:00:00-05:00,23434.46
2022-11-25T07:00:00-05:00,26329.22
2022-11-25T08:00:00-05:00,27373.29
2022-11-25T09:00:00-05:00,27336.9
2022-11-25T13:00:00-05:00,26541.1
2022-11-25T16:00:00-05:00,26020.37
2022-11-26T00:00:00-05:00,22815.85
2022-11-26T16:00:00-05:00,22273.19
2022-11-26T17:00:00-05:00,23568.01
2022-11-27T03:00:00-05:00,20500.41
2022-11-27T04:00:00-05:00,20645.43
2022-11-27T05:00:00-05:00,20898.89
2022-11-27T06:00:00-05:00,21291.65
2022-11-27T07:00:00-05:00,22036.64
2022-11-27T09:00:00-05:00,23231.2
2022-11-27T10:00:00-05:00,22931.39
2022-11-27T11:00:00-05:00,22368.89
2022-11-27T14:00:00-05:00,21763.6
2022-11-27T20:00:00-05:00,23551.98
2022-11-28T05:00:00-05:00,21028.8
2022-11-28T06:00:00-05:00,22020.53
2022-11-28T07:00:00-05:00,23850.42
2022-11-28T08:00:00-05:00,25152.18
2022-11-28T09:00:00-05:00,25132.44
2022-11-28T10:00:00-05:00,24817.51
2022-11-28T17:00:00-05:00,26359.39
2022-11-28T18:00:00-05:00,27268.16
2022-11-28T22:00:00-05:00,25049.08
2022-11-29T00:00:00-05:00,23297.75
2022-11-29T02:00:00-05:00,22842.62
2022-11-29T03:00:00-05:00,22971.68
2022-11-29T05:00:00-05:00,23589.37
2022-11-29T06:00:00-05:00,24815.78
2022-11-29T08:00:00-05:00,27955.57
2022-11-29T09:00:00-05:00,27882.77
2022-11-29T12:00:00-05:00,26625.71
2022-11-29T17:00:00-05:00,27940.0
2022-11-29T18:00:00-05:00,28436.31
2022-11-29T19:00:00-05:00,28327.87
2022-11-29T20:00:00-05:00,27598.33
2022-11-29T21:00:00-05:00,26826.85
2022-11-30T00:00:00-05:00,23815.05
2022-11-30T04:00:00-05:00,23238.48
2022-11-30T07:00:00-05:00,26278.68
2022-11-30T10:00:00-05:00,26713.49
2022-11-30T11:00:00-05:00,26608.35
2022-11-30T13:00:00-05:00,26669.78
2022-11-30T14:00:00-05:00,26584.09
2022-11-30T18:00:00-05:00,27208.28
2022-11-30T19:00:00-05:00,26663.66
2022-11-30T20:00:00-05:00,25942.7
2022-11-30T21:00:00-05:00,25171.93
2022-12-01T02:00:00-05:00,22232.25
2022-12-01T05:00:00-05:00,23055.82
2022-12-01T07:00:00-05:00,26099.29
2022-12-01T10:00:00-05:00,26264.8
2022-12-01T11:00:00-05:00,25779.42
2022-12-01T14:00:00-05:00,25230.12
2022-12-01T20:00:00-05:00,27655.99
2022-12-01T22:00:00-05:00,26385.05
2022-12-01T23:00:00-05:00,25391.41
2022-12-02T08:00:00-05:00,28919.11
2022-12-02T18:00:00-05:00,27286.52
2022-12-02T19:00:00-05:00,26611.5
2022-12-02T20:00:00-05:00,25879.49
2022-12-02T21:00:00-05:00,25225.15
2022-12-03T01:00:00-05:00,22146.09
2022-12-03T05:00:00-05:00,21883.57
2022-12-03T08:00:00-05:00,23745.87
2022-12-03T11:00:00-05:00,25544.5
2022-12-03T13:00:00-05:00,25738.97
2022-12-03T15:00:00-05:00,24643.51
2022-12-03T20:00:00-05:00,24013.96
2022-12-03T21:00:00-05:00,23476.29
2022-12-03T22:00:00-05:00,23170.7
2022-12-03T23:00:00-05:00,22804.41
2022-12-04T01:00:00-05:00,22141.99
2022-12-04T03:00:00-05:00,22214.99
2022-12-04T11:00:00-05:00,25159.85
2022-12-04T15:00:00-05:00,25369.41
2022-12-04T17:00:00-05:00,27680.19
2022-12-04T20:00:00-05:00,27486.44
2022-12-05T03:00:00-05:00,23285.33
2022-12-05T04:00:00-05:00,23452.76
2022-12-05T05:00:00-05:00,23901.32
2022-12-05T06:00:00-05:00,24929.89
2022-12-05T07:00:00-05:00,26711.94
2022-12-05T08:00:00-05:00,27829.5
2022-12-05T09:00:00-05:00,27390.85
2022-12-05T11:00:00-05:00,25395.69
2022-12-05T18:00:00-05:00,26975.7
2022-12-05T19:00:00-05:00,26680.44
2022-12-05T20:00:00-05:00,26286.3
2022-12-05T21:00:00-05:00,25445.99
2022-12-05T23:00:00-05:00,23447.85
2022-12-06T01:00:00-05:00,21810.21
2022-12-06T08:00:00-05:00,25929.57
2022-12-06T14:00:00-05:00,24425.63
2022-12-06T19:00:00-05:00,26138.82
2022-12-06T22:00:00-05:00,23832.23
2022-12-06T23:00:00-05:00,22620.17
2022-12-07T00:00:00-05:00,21569.15
2022-12-07T01:00:00-05:00,20929.56
2022-12-07T04:00:00-05:00,20112.61
2022-12-07T07:00:00-05:00,23029.57
2022-12-07T11:00:00-05:00,23677.04
2022-12-07T12:00:00-05:00,23463.84
2022-12-07T14:00:00-05:00,23312.56
2022-12-07T17:00:00-05:00,24435.13
2022-12-07T18:00:00-05:00,24966.3
2022-12-07T20:00:00-05:00,24160.52
2022-12-07T21:00:00-05:00,23604.88
2022-12-08T01:00:00-05:00,20515.76
2022-12-08T02:00:00-05:00,20367.49
2022-12-08T06:00:00-05:00,21791.79
2022-12-08T09:00:00-05:00,25375.17
2022-12-08T13:00:00-05:00,22696.16
2022-12-08T15:00:00-05:00,22472.46
2022-12-09T02:00:00-05:00,23669.39
2022-12-09T08:00:00-05:00,29610.85
2022-12-09T10:00:00-05:00,27723.2
2022-12-09T14:00:00-05:00,25276.02
2022-12-09T16:00:00-05:00,26359.1
2022-12-09T17:00:00-05:00,28235.61
2022-12-09T21:00:00-05:00,28818.58
2022-12-09T22:00:00-05:00,28473.93
2022-12-09T23:00:00-05:00,27962.44
2022-12-10T04:00:00-05:00,27685.34
2022-12-10T07:00:00-05:00,30182.37
2022-12-10T08:00:00-05:00,31061.16
2022-12-10T09:00:00-05:00,31252.54
2022-12-10T11:00:00-05:00,29841.31
2022-12-10T12:00:00-05:00,28934.06
2022-12-10T16:00:00-05:00,28646.7
2022-12-10T23:00:00-05:00,28681.51
2022-12-11T02:00:00-05:00,27898.77
2022-12-11T05:00:00-05:00,28400.48
2022-12-11T12:00:00-05:00,30723.18
2022-12-11T13:00:00-05:00,30411.88
2022-12-11T15:00:00-05:00,29954.82
2022-12-11T17:00:00-05:00,31230.5
2022-12-12T02:00:00-05:00,27203.48
2022-12-12T04:00:00-05:00,27930.21
2022-12-12T06:00:00-05:00,30076.31
2022-12-12T09:00:00-05:00,32868.98
2022-12-12T11:00:00-05:00,29859.83
2022-12-12T12:00:00-05:00,29183.84
2022-12-12T20:00:00-05:00,31357.51
2022-12-12T21:00:00-05:00,30887.15
2022-12-13T01:00:00-05:00,27901.97
2022-12-13T02:00:00-05:00,27692.63
2022-12-13T03:00:00-05:00,27940.97
2022-12-13T04:00:00-05:00,28274.21
2022-12-13T08:00:00-05:00,33082.34
2022-12-13T10:00:00-05:00,30802.2
2022-12-13T15:00:00-05:00,27292.61
2022-12-13T21:00:00-05:00,29970.77
2022-12-13T22:00:00-05:00,29201.39
2022-12-13T23:00:00-05:00,28413.58
2022-12-14T02:00:00-05:00,27238.91
2022-12-14T03:00:00-05:00,27263.79
2022-12-14T08:00:00-05:00,32010.62
2022-12-14T10:00:00-05:00,30514.53
2022-12-14T11:00:00-05:00,29393.61
2022-12-14T12:00:00-05:00,28278.7
2022-12-14T14:00:00-05:00,26871.05
2022-12-14T15:00:00-05:00,26787.27
2022-12-14T18:00:00-05:00,29405.58
2022-12-14T21:00:00-05:00,27773.63
2022-12-14T22:00:00-05:00,26622.4
2022-12-15T00:00:00-05:00,24033.99
2022-12-15T01:00:00-05:00,23443.82
2022-12-15T03:00:00-05:00,23208.39
2022-12-15T04:00:00-05:00,23304.47
2022-12-15T06:00:00-05:00,24597.48
2022-12-15T07:00:00-05:00,26461.28
2022-12-15T11:00:00-05:00,25412.42
2022-12-15T12:00:00-05:00,25261.31
2022-12-15T13:00:00-05:00,25190.19
2022-12-15T16:00:00-05:00,25762.12
2022-12-15T19:00:00-05:00,27394.69
2022-12-15T20:00:00-05:00,26898.27
2022-12-15T22:00:00-05:00,25617.2
2022-12-16T03:00:00-05:00,22741.7
2022-12-16T04:00:00-05:00,22893.39
2022-12-16T07:00:00-05:00,26169.13
2022-12-16T13:00:00-05:00,27333.74
2022-12-16T19:00:00-05:00,28030.65
2022-12-16T20:00:00-05:00,27312.0
2022-12-17T02:00:00-05:00,23574.86
2022-12-17T03:00:00-05:00,23571.18
2022-12-17T04:00:00-05:00,23547.62
2022-12-17T07:00:00-05:00,25158.68
2022-12-17T10:00:00-05:00,26893.79
2022-12-17T11:00:00-05:00,26755.83
2022-12-17T13:00:00-05:00,26566.57
2022-12-17T14:00:00-05:00,26358.4
2022-12-17T15:00:00-05:00,26236.37
2022-12-17T16:00:00-05:00,26609.68
2022-12-17T17:00:00-05:00,27591.21
2022-12-17T19:00:00-05:00,27437.42
2022-12-17T20:00:00-05:00,26884.76
2022-12-17T22:00:00-05:00,25628.58
2022-12-18T02:00:00-05:00,23317.79
2022-12-18T09:00:00-05:00,26480.2
2022-12-18T10:00:00-05:00,26908.02
2022-12-18T16:00:00-05:00,26312.94
2022-12-18T17:00:00-05:00,27779.24
2022-12-18T18:00:00-05:00,28626.11
2022-12-18T20:00:00-05:00,27907.86
2022-12-18T21:00:00-05:00,27262.31
2022-12-19T05:00:00-05:00,24656.76
2022-12-19T06:00:00-05:00,25797.63
2022-12-19T10:00:00-05:00,28159.7
2022-12-19T15:00:00-05:00,26112.6
2022-12-19T18:00:00-05:00,29145.97
2022-12-19T19:00:00-05:00,28768.05
2022-12-19T21:00:00-05:00,27676.87
2022-12-20T01:00:00-05:00,24677.65
2022-12-20T02:00:00-05:00,24439.91
2022-12-20T03:00:00-05:00,24502.54
2022-12-20T06:00:00-05:00,26183.49
2022-12-20T07:00:00-05:00,28028.62
2022-12-20T09:00:00-05:00,28857.31
2022-12-20T10:00:00-05:00,28137.33
2022-12-20T11:00:00-05:00,27608.05
2022-12-20T12:00:00-05:00,27093.33
2022-12-20T15:00:00-05:00,26397.59
2022-12-20T16:00:00-05:00,27319.22
2022-12-20T17:00:00-05:00,28939.28
2022-12-21T02:00:00-05:00,25213.6
2022-12-21T04:00:00-05:00,25443.5
2022-12-21T06:00:00-05:00,26875.82
2022-12-21T08:00:00-05:00,29662.59
2022-12-21T14:00:00-05:00,27846.04
2022-12-21T21:00:00-05:00,28972.74
2022-12-22T00:00:00-05:00,26172.43
2022-12-22T05:00:00-05:00,27502.79
2022-12-22T07:00:00-05:00,30519.44
2022-12-22T09:00:00-05:00,31833.08
2022-12-22T11:00:00-05:00,30149.23
2022-12-22T15:00:00-05:00,28493.9
2022-12-22T16:00:00-05:00,29419.12
2022-12-22T19:00:00-05:00,30909.08
2022-12-22T20:00:00-05:00,30232.82
2022-12-22T21:00:00-05:00,29430.26
2022-12-23T03:00:00-05:00,25254.98
2022-12-23T04:00:00-05:00,25164.18
2022-12-23T05:00:00-05:00,25361.48
2022-12-23T07:00:00-05:00,26821.58
2022-12-23T08:00:00-05:00,27475.96
2022-12-23T17:00:00-05:00,27099.51
2022-12-23T19:00:00-05:00,27126.44
2022-12-23T21:00:00-05:00,26885.3
2022-12-23T22:00:00-05:00,26639.06
2022-12-23T23:00:00-05:00,25772.95
2022-12-24T00:00:00-05:00,25258.58
2022-12-24T02:00:00-05:00,24874.07
2022-12-24T09:00:00-05:00,28491.53
2022-12-24T15:00:00-05:00,30451.3
2022-12-24T16:00:00-05:00,30817.92
2022-12-24T19:00:00-05:00,30503.37
2022-12-25T02:00:00-05:00,27545.39
2022-12-25T03:00:00-05:00,27449.54
2022-12-25T06:00:00-05:00,27766.44
2022-12-25T10:00:00-05:00,29641.13
2022-12-25T12:00:00-05:00,29318.26
2022-12-25T15:00:00-05:00,28750.21
2022-12-25T20:00:00-05:00,28176.58
2022-12-25T21:00:00-05:00,27810.75
2022-12-25T22:00:00-05:00,27427.63
2022-12-25T23:00:00-05:00,26976.82
2022-12-26T00:00:00-05:00,26603.09
2022-12-26T01:00:00-05:00,26354.44
2022-12-26T09:00:00-05:00,29139.48
2022-12-26T10:00:00-05:00,29035.99
2022-12-26T12:00:00-05:00,28566.35
2022-12-26T19:00:00-05:00,29732.61
2022-12-26T20:00:00-05:00,29294.13
2022-12-26T21:00:00-05:00,28714.09
2022-12-27T02:00:00-05:00,25840.09
2022-12-27T04:00:00-05:00,25990.31
2022-12-27T05:00:00-05:00,26288.54
2022-12-27T09:00:00-05:00,29469.73
2022-12-27T14:00:00-05:00,27855.74
2022-12-27T15:00:00-05:00,28273.46
2022-12-27T16:00:00-05:00,28815.22
2022-12-27T18:00:00-05:00,31112.13
2022-12-27T20:00:00-05:00,30205.22
2022-12-27T21:00:00-05:00,29607.58
2022-12-28T02:00:00-05:00,26494.32
2022-12-28T05:00:00-05:00,26747.99
2022-12-28T08:00:00-05:00,28900.25
2022-12-28T13:00:00-05:00,28848.92
2022-12-28T17:00:00-05:00,29255.3
2022-12-28T19:00:00-05:00,28922.0
2022-12-28T23:00:00-05:00,25664.46
2022-12-29T07:00:00-05:00,26162.19
2022-12-29T09:00:00-05:00,27223.99
2022-12-29T10:00:00-05:00,27270.4
2022-12-29T16:00:00-05:00,25578.94
2022-12-29T20:00:00-05:00,25785.81
2022-12-29T23:00:00-05:00,23097.65
2022-12-30T01:00:00-05:00,21702.44
2022-12-30T09:00:00-05:00,23986.65
2022-12-30T16:00:00-05:00,24142.19
2022-12-30T17:00:00-05:00,24753.17
2022-12-30T19:00:00-05:00,24323.4
2022-12-30T22:00:00-05:00,22156.78
2022-12-31T00:00:00-05:00,20656.2
2022-12-31T02:00:00-05:00,19610.53
2022-12-31T07:00:00-05:00,20213.52
2022-12-31T15:00:00-05:00,22881.8
2022-12-31T20:00:00-05:00,22627.35
2022-01-01T02:00:00-05:00,22094.95
2022-01-01T04:00:00-05:00,21945.82
2022-01-01T05:00:00-05:00,22088.16
2022-01-01T06:00:00-05:00,22504.03
2022-01-01T07:00:00-05:00,23169.66
2022-01-01T10:00:00-05:00,24535.07
2022-01-01T13:00:00-05:00,24903.39
2022-01-01T21:00:00-05:00,24364.77
2022-01-01T22:00:00-05:00,23992.83
2022-01-02T01:00:00-05:00,22703.23
2022-01-02T05:00:00-05:00,23989.37
2022-01-02T06:00:00-05:00,24809.67
2022-01-02T12:00:00-05:00,28984.93
2022-01-02T13:00:00-05:00,28794.93
2022-01-02T16:00:00-05:00,28919.74
2022-01-02T20:00:00-05:00,30190.64
2022-01-02T21:00:00-05:00,29777.27
2022-01-02T23:00:00-05:00,28809.51
2022-01-03T02:00:00-05:00,28394.58
2022-01-03T07:00:00-05:00,32601.72
2022-01-03T18:00:00-05:00,34994.31
2022-01-03T19:00:00-05:00,34585.54
2022-01-03T20:00:00-05:00,34154.25
2022-01-04T06:00:00-05:00,32417.07
2022-01-04T11:00:00-05:00,34332.83
2022-01-04T15:00:00-05:00,32561.15
2022-01-04T17:00:00-05:00,33485.02
2022-01-05T01:00:00-05:00,27147.2
2022-01-05T06:00:00-05:00,28359.44
2022-01-05T08:00:00-05:00,30767.57
2022-01-05T11:00:00-05:00,30043.34
2022-01-05T12:00:00-05:00,29267.71
2022-01-05T14:00:00-05:00,28378.22
2022-01-05T15:00:00-05:00,28640.49
2022-01-05T18:00:00-05:00,30650.8
2022-01-05T20:00:00-05:00,29329.28
2022-01-05T23:00:00-05:00,26329.21
2022-01-06T01:00:00-05:00,24945.89
2022-01-06T02:00:00-05:00,24817.58
2022-01-06T04:00:00-05:00,24776.84
2022-01-06T06:00:00-05:00,25949.97
2022-01-06T08:00:00-05:00,28941.96
2022-01-06T10:00:00-05:00,29046.28
2022-01-06T11:00:00-05:00,29075.0
2022-01-06T17:00:00-05:00,30565.18
2022-01-06T23:00:00-05:00,27955.75
2022-01-07T04:00:00-05:00,26972.76
2022-01-07T15:00:00-05:00,29614.06
2022-01-07T18:00:00-05:00,31952.17
2022-01-07T20:00:00-05:00,31373.92
2022-01-07T23:00:00-05:00,29602.79
2022-01-08T03:00:00-05:00,29477.54
2022-01-08T04:00:00-05:00,29966.28
2022-01-08T10:00:00-05:00,32979.6
2022-01-08T12:00:00-05:00,31318.99
2022-01-08T13:00:00-05:00,30528.27
2022-01-08T15:00:00-05:00,30195.77
2022-01-08T16:00:00-05:00,31468.48
2022-01-08T18:00:00-05:00,34325.82
2022-01-08T19:00:00-05:00,33827.22
2022-01-08T21:00:00-05:00,32400.85
2022-01-09T00:00:00-05:00,29523.89
2022-01-09T16:00:00-05:00,29096.11
2022-01-09T17:00:00-05:00,29784.65
2022-01-09T19:00:00-05:00,29394.22
2022-01-09T23:00:00-05:00,26831.8
2022-01-10T00:00:00-05:00,26190.74
2022-01-10T02:00:00-05:00,26385.18
2022-01-10T08:00:00-05:00,33399.48
2022-01-10T09:00:00-05:00,33597.33
2022-01-10T14:00:00-05:00,30521.41
2022-01-10T18:00:00-05:00,35330.85
2022-01-10T23:00:00-05:00,33211.18
2022-01-11T02:00:00-05:00,33129.92
2022-01-11T08:00:00-05:00,39554.72
2022-01-11T10:00:00-05:00,37810.1
2022-01-11T15:00:00-05:00,35165.02
2022-01-11T21:00:00-05:00,38147.97
2022-01-12T00:00:00-05:00,34898.92
2022-01-12T01:00:00-05:00,34370.92
2022-01-12T06:00:00-05:00,35001.82
2022-01-12T07:00:00-05:00,36348.28
2022-01-12T09:00:00-05:00,37681.55
2022-01-12T15:00:00-05:00,34713.64
2022-01-12T16:00:00-05:00,35023.81
2022-01-12T18:00:00-05:00,35754.04
2022-01-12T23:00:00-05:00,30950.2
2022-01-13T04:00:00-05:00,29670.48
2022-01-13T06:00:00-05:00,31029.56
2022-01-13T07:00:00-05:00,32589.61
2022-01-13T10:00:00-05:00,33628.45
2022-01-13T12:00:00-05:00,32707.38
2022-01-13T15:00:00-05:00,31968.8
2022-01-13T17:00:00-05:00,33201.17
2022-01-13T18:00:00-05:00,33712.56
2022-01-13T19:00:00-05:00,33308.13
2022-01-14T00:00:00-05:00,28372.83
2022-01-14T04:00:00-05:00,27699.34
2022-01-14T06:00:00-05:00,28741.88
2022-01-14T08:00:00-05:00,31867.08
2022-01-14T10:00:00-05:00,31251.08
2022-01-14T12:00:00-05:00,29817.35
2022-01-14T23:00:00-05:00,33830.16
2022-01-15T02:00:00-05:00,33567.35
2022-01-15T03:00:00-05:00,33905.92
2022-01-15T04:00:00-05:00,34313.4
2022-01-15T06:00:00-05:00,35701.12
2022-01-15T08:00:00-05:00,38004.11
2022-01-15T09:00:00-05:00,37980.47
2022-01-15T10:00:00-05:00,37107.03
2022-01-15T14:00:00-05:00,34005.32
2022-01-15T17:00:00-05:00,36753.03
2022-01-15T20:00:00-05:00,37125.89
2022-01-16T02:00:00-05:00,34816.58
2022-01-16T06:00:00-05:00,36224.25
2022-01-16T09:00:00-05:00,37619.12
2022-01-16T10:00:00-05:00,36336.76
2022-01-16T15:00:00-05:00,32119.31
2022-01-16T16:00:00-05:00,32740.91
2022-01-16T17:00:00-05:00,35111.28
2022-01-16T19:00:00-05:00,36319.91
2022-01-16T23:00:00-05:00,33149.13
2022-01-17T00:00:00-05:00,32483.66
2022-01-17T04:00:00-05:00,32104.99
2022-01-17T05:00:00-05:00,32388.3
2022-01-17T06:00:00-05:00,33258.8
2022-01-17T13:00:00-05:00,33944.98
2022-01-17T15:00:00-05:00,32319.2
2022-01-17T18:00:00-05:00,33336.81
2022-01-17T19:00:00-05:00,32676.59
2022-01-18T04:00:00-05:00,28245.68
2022-01-18T05:00:00-05:00,28931.43
2022-01-18T06:00:00-05:00,30190.39
2022-01-18T07:00:00-05:00,32297.98
2022-01-18T09:00:00-05:00,33650.16
2022-01-18T17:00:00-05:00,33973.37
2022-01-18T19:00:00-05:00,35844.85
2022-01-18T22:00:00-05:00,34281.7
2022-01-18T23:00:00-05:00,33254.27
2022-01-19T01:00:00-05:00,32474.67
2022-01-19T08:00:00-05:00,37445.69
2022-01-19T09:00:00-05:00,37440.91
2022-01-19T11:00:00-05:00,36494.2
2022-01-19T15:00:00-05:00,35408.3
2022-01-19T16:00:00-05:00,35489.86
2022-01-19T18:00:00-05:00,36827.44
2022-01-19T20:00:00-05:00,35524.88
2022-01-20T04:00:00-05:00,30077.16
2022-01-20T05:00:00-05:00,30776.43
2022-01-20T16:00:00-05:00,31852.07
2022-01-21T00:00:00-05:00,33377.98
2022-01-21T01:00:00-05:00,33333.29
2022-01-21T03:00:00-05:00,34209.35
2022-01-21T04:00:00-05:00,34763.65
2022-01-21T05:00:00-05:00,35081.17
2022-01-21T07:00:00-05:00,38410.21
2022-01-21T08:00:00-05:00,40021.11
2022-01-21T09:00:00-05:00,39353.92
2022-01-21T14:00:00-05:00,33411.86
2022-01-21T17:00:00-05:00,36418.19
2022-01-21T19:00:00-05:00,37900.68
2022-01-21T23:00:00-05:00,35569.46
2022-01-22T01:00:00-05:00,35009.38
2022-01-22T03:00:00-05:00,35450.63
2022-01-22T06:00:00-05:00,37007.23
2022-01-22T07:00:00-05:00,38050.09
2022-01-22T08:00:00-05:00,39106.57
2022-01-22T14:00:00-05:00,33435.72
2022-01-22T15:00:00-05:00,33807.27
2022-01-22T16:00:00-05:00,34771.85
2022-01-22T18:00:00-05:00,37242.23
2022-01-22T21:00:00-05:00,35160.71
2022-01-23T00:00:00-05:00,32562.08
2022-01-23T03:00:00-05:00,31695.02
2022-01-23T05:00:00-05:00,31814.39
2022-01-23T07:00:00-05:00,32974.71
2022-01-23T09:00:00-05:00,33728.89
2022-01-23T19:00:00-05:00,34244.14
2022-01-23T22:00:00-05:00,33179.35
2022-01-24T04:00:00-05:00,33668.24
2022-01-24T06:00:00-05:00,35513.17
2022-01-24T07:00:00-05:00,37670.64
2022-01-24T10:00:00-05:00,36698.12
2022-01-24T16:00:00-05:00,34071.29
2022-01-24T19:00:00-05:00,36369.57
2022-01-25T02:00:00-05:00,31440.47
2022-01-25T08:00:00-05:00,36135.85
2022-01-25T17:00:00-05:00,33222.65
2022-01-25T20:00:00-05:00,34395.62
2022-01-26T02:00:00-05:00,31494.86
2022-01-26T08:00:00-05:00,38260.06
2022-01-26T09:00:00-05:00,37694.62
2022-01-26T17:00:00-05:00,35296.61
2022-01-26T20:00:00-05:00,38021.62
2022-01-26T21:00:00-05:00,37534.91
2022-01-26T23:00:00-05:00,35880.35
2022-01-27T03:00:00-05:00,35587.15
2022-01-27T07:00:00-05:00,38956.4
2022-01-27T08:00:00-05:00,40178.57
2022-01-27T09:00:00-05:00,39706.32
2022-01-27T11:00:00-05:00,36274.68
2022-01-27T13:00:00-05:00,35232.72
2022-01-27T23:00:00-05:00,31497.88
2022-01-28T02:00:00-05:00,29423.25
2022-01-28T03:00:00-05:00,29235.53
2022-01-28T07:00:00-05:00,32656.52
2022-01-28T09:00:00-05:00,34587.69
2022-01-28T10:00:00-05:00,33181.82
2022-01-28T12:00:00-05:00,31130.83
2022-01-28T14:00:00-05:00,29853.3
2022-01-28T16:00:00-05:00,30678.52
2022-01-28T22:00:00-05:00,34173.71
2022-01-29T00:00:00-05:00,33058.1
2022-01-29T03:00:00-05:00,33607.81
2022-01-29T04:00:00-05:00,33902.68
2022-01-29T05:00:00-05:00,34454.26
2022-01-29T06:00:00-05:00,34934.0
2022-01-29T07:00:00-05:00,35753.02
2022-01-29T08:00:00-05:00,36604.69
2022-01-29T12:00:00-05:00,35201.62
2022-01-29T17:00:00-05:00,35202.21
2022-01-29T19:00:00-05:00,35439.38
2022-01-30T02:00:00-05:00,31901.53
2022-01-30T04:00:00-05:00,32283.78
2022-01-30T05:00:00-05:00,32695.86
2022-01-30T11:00:00-05:00,32579.93
2022-01-30T12:00:00-05:00,31716.89
2022-01-30T15:00:00-05:00,29968.43
2022-01-30T18:00:00-05:00,34504.28
2022-01-30T19:00:00-05:00,34420.9
2022-01-30T22:00:00-05:00,32482.6
2022-01-31T01:00:00-05:00,30683.36
2022-01-31T04:00:00-05:00,31644.14
2022-01-31T07:00:00-05:00,35331.89
2022-01-31T10:00:00-05:00,34359.54
2022-01-31T12:00:00-05:00,31668.08
2022-01-31T15:00:00-05:00,29764.04
2022-01-31T23:00:00-05:00,32292.2
2022-02-01T01:00:00-05:00,31668.17
2022-02-01T02:00:00-05:00,31837.44
2022-02-01T05:00:00-05:00,33284.32
2022-02-01T07:00:00-05:00,36381.91
2022-02-01T10:00:00-05:00,34430.76
2022-02-01T11:00:00-05:00,32793.11
2022-02-01T13:00:00-05:00,30669.83
2022-02-01T19:00:00-05:00,33523.69
2022-02-01T21:00:00-05:00,31603.7
2022-02-01T23:00:00-05:00,29170.41
2022-02-02T00:00:00-05:00,27923.78
2022-02-02T01:00:00-05:00,27573.12
2022-02-02T03:00:00-05:00,26738.7
2022-02-02T04:00:00-05:00,26635.64
2022-02-02T05:00:00-05:00,26862.37
2022-02-02T07:00:00-05:00,29436.42
2022-02-02T15:00:00-05:00,25698.84
2022-02-03T00:00:00-05:00,23974.14
2022-02-03T09:00:00-05:00,28832.19
2022-02-03T11:00:00-05:00,28357.78
2022-02-03T16:00:00-05:00,29339.43
2022-02-03T20:00:00-05:00,31560.98
2022-02-04T02:00:00-05:00,28741.46
2022-02-04T08:00:00-05:00,34911.67
2022-02-04T14:00:00-05:00,32980.67
2022-02-05T03:00:00-05:00,29805.51
2022-02-05T04:00:00-05:00,29991.99
2022-02-05T05:00:00-05:00,30390.67
2022-02-05T08:00:00-05:00,33108.32
2022-02-05T10:00:00-05:00,32394.98
2022-02-05T12:00:00-05:00,30261.61
2022-02-05T15:00:00-05:00,28670.74
2022-02-05T19:00:00-05:00,33682.62
2022-02-05T22:00:00-05:00,32946.42
2022-02-06T00:00:00-05:00,31761.0
2022-02-06T04:00:00-05:00,32584.19
2022-02-06T06:00:00-05:00,33694.98
2022-02-06T07:00:00-05:00,34841.09
2022-02-06T08:00:00-05:00,35410.12
2022-02-06T13:00:00-05:00,33174.51
2022-02-06T17:00:00-05:00,33714.11
2022-02-06T19:00:00-05:00,34502.92
2022-02-06T22:00:00-05:00,31609.94
2022-02-07T01:00:00-05:00,28965.08
2022-02-07T04:00:00-05:00,29035.86
2022-02-07T06:00:00-05:00,30694.14
2022-02-07T07:00:00-05:00,32487.75
2022-02-07T08:00:00-05:00,33622.21
2022-02-07T11:00:00-05:00,29994.84
2022-02-07T13:00:00-05:00,28640.23
2022-02-07T15:00:00-05:00,28247.1
2022-02-07T16:00:00-05:00,28637.13
2022-02-07T17:00:00-05:00,29890.67
2022-02-07T20:00:00-05:00,30560.46
2022-02-08T00:00:00-05:00,27055.13
2022-02-08T05:00:00-05:00,27404.37
2022-02-08T09:00:00-05:00,31234.52
2022-02-08T11:00:00-05:00,29309.09
2022-02-08T12:00:00-05:00,28845.02
2022-02-08T17:00:00-05:00,29232.3
2022-02-08T21:00:00-05:00,29162.14
2022-02-09T05:00:00-05:00,26168.39
2022-02-09T06:00:00-05:00,27402.95
2022-02-09T07:00:00-05:00,29475.48
2022-02-09T08:00:00-05:00,30486.15
2022-02-09T10:00:00-05:00,27652.02
2022-02-09T13:00:00-05:00,25190.83
2022-02-09T14:00:00-05:00,25028.85
2022-02-09T15:00:00-05:00,24577.68
2022-02-09T16:00:00-05:00,25083.64
2022-02-09T17:00:00-05:00,26834.59
2022-02-09T18:00:00-05:00,28616.76
2022-02-09T21:00:00-05:00,27392.43
2022-02-09T22:00:00-05:00,26399.27
2022-02-10T04:00:00-05:00,23446.11
2022-02-10T06:00:00-05:00,24730.3
2022-02-10T12:00:00-05:00,26074.46
2022-02-10T17:00:00-05:00,26542.02
2022-02-10T18:00:00-05:00,27764.71
2022-02-10T19:00:00-05:00,27756.92
2022-02-10T21:00:00-05:00,26580.67
2022-02-10T23:00:00-05:00,24576.73
2022-02-11T04:00:00-05:00,23146.53
2022-02-11T05:00:00-05:00,23539.26
2022-02-11T12:00:00-05:00,25952.84
2022-02-11T13:00:00-05:00,25725.57
2022-02-11T19:00:00-05:00,26925.59
2022-02-11T23:00:00-05:00,23969.09
2022-02-12T01:00:00-05:00,22496.27
2022-02-12T06:00:00-05:00,22649.6
2022-02-12T10:00:00-05:00,25600.21
2022-02-12T12:00:00-05:00,25737.66
2022-02-12T15:00:00-05:00,26064.33
2022-02-12T17:00:00-05:00,27976.55
2022-02-12T19:00:00-05:00,29868.55
2022-02-12T21:00:00-05:00,29674.13
2022-02-12T22:00:00-05:00,29437.2
2022-02-13T00:00:00-05:00,28849.23
2022-02-13T06:00:00-05:00,31937.04
2022-02-13T08:00:00-05:00,34073.26
2022-02-13T17:00:00-05:00,31641.17
2022-02-13T19:00:00-05:00,34462.8
2022-02-13T23:00:00-05:00,32234.44
2022-02-14T06:00:00-05:00,33706.7
2022-02-14T10:00:00-05:00,35109.57
2022-02-14T17:00:00-05:00,32999.89
2022-02-14T21:00:00-05:00,34860.48
2022-02-15T01:00:00-05:00,32071.7
2022-02-15T06:00:00-05:00,34264.99
2022-02-15T11:00:00-05:00,32653.47
2022-02-15T18:00:00-05:00,34064.53
2022-02-15T19:00:00-05:00,34574.21
2022-02-15T22:00:00-05:00,33320.3
2022-02-16T01:00:00-05:00,31591.5
2022-02-16T03:00:00-05:00,31961.24
2022-02-16T04:00:00-05:00,32192.63
2022-02-16T13:00:00-05:00,31113.86
2022-02-16T14:00:00-05:00,30238.34
2022-02-16T17:00:00-05:00,30593.92
2022-02-16T19:00:00-05:00,31293.88
2022-02-17T05:00:00-05:00,23728.51
2022-02-17T08:00:00-05:00,27546.25
2022-02-17T10:00:00-05:00,27539.8
2022-02-17T15:00:00-05:00,26419.37
2022-02-17T21:00:00-05:00,27147.64
2022-02-17T22:00:00-05:00,26647.48
2022-02-18T07:00:00-05:00,29707.42
2022-02-18T10:00:00-05:00,30392.08
2022-02-18T11:00:00-05:00,29763.37
2022-02-18T16:00:00-05:00,28032.44
2022-02-18T21:00:00-05:00,32091.75
2022-02-19T00:00:00-05:00,29915.52
2022-02-19T03:00:00-05:00,30006.05
2022-02-19T04:00:00-05:00,30011.05
2022-02-19T05:00:00-05:00,30479.23
2022-02-19T12:00:00-05:00,31666.43
2022-02-19T13:00:00-05:00,30635.88
2022-02-19T14:00:00-05:00,29863.67
2022-02-19T20:00:00-05:00,32238.68
2022-02-19T23:00:00-05:00,30543.68
2022-02-20T00:00:00-05:00,30033.24
2022-02-20T04:00:00-05:00,30347.61
2022-02-20T08:00:00-05:00,32867.86
2022-02-20T11:00:00-05:00,31150.1
2022-02-20T20:00:00-05:00,31577.78
2022-02-21T00:00:00-05:00,26904.64
2022-02-21T01:00:00-05:00,26113.14
2022-02-21T03:00:00-05:00,25345.63
2022-02-21T06:00:00-05:00,26520.6
2022-02-21T08:00:00-05:00,29440.18
2022-02-21T09:00:00-05:00,28657.72
2022-02-21T12:00:00-05:00,26915.44
2022-02-21T14:00:00-05:00,26613.17
2022-02-21T15:00:00-05:00,26786.95
2022-02-21T21:00:00-05:00,30454.65
2022-02-21T22:00:00-05:00,29727.4
2022-02-21T23:00:00-05:00,28857.68
2022-02-22T03:00:00-05:00,28174.75
2022-02-22T04:00:00-05:00,28409.39
2022-02-22T06:00:00-05:00,30354.52
2022-02-22T07:00:00-05:00,32324.28
2022-02-22T09:00:00-05:00,33568.95
2022-02-22T10:00:00-05:00,32913.38
2022-02-22T11:00:00-05:00,32273.67
2022-02-22T21:00:00-05:00,31205.84
2022-02-23T00:00:00-05:00,27020.07
2022-02-23T04:00:00-05:00,25597.72
2022-02-23T13:00:00-05:00,28963.31
2022-02-23T16:00:00-05:00,28972.57
2022-02-23T19:00:00-05:00,33613.53
2022-02-23T20:00:00-05:00,33336.54
2022-02-23T21:00:00-05:00,32860.28
2022-02-23T23:00:00-05:00,31008.55
2022-02-24T05:00:00-05:00,31547.92
2022-02-24T06:00:00-05:00,32830.3
2022-02-24T07:00:00-05:00,34930.72
2022-02-24T16:00:00-05:00,28738.3
2022-02-24T18:00:00-05:00,32528.71
2022-02-24T23:00:00-05:00,31668.25
2022-02-25T03:00:00-05:00,30693.12
2022-02-25T06:00:00-05:00,32844.77
2022-02-25T07:00:00-05:00,34839.71
2022-02-25T09:00:00-05:00,36387.28
2022-02-25T10:00:00-05:00,35903.86
2022-02-25T15:00:00-05:00,34258.36
2022-02-25T16:00:00-05:00,34126.95
2022-02-25T19:00:00-05:00,35690.72
2022-02-25T20:00:00-05:00,35127.7
2022-02-25T21:00:00-05:00,34413.55
2022-02-26T04:00:00-05:00,32429.61
2022-02-26T06:00:00-05:00,33760.28
2022-02-26T07:00:00-05:00,34774.58
2022-02-26T10:00:00-05:00,32578.77
2022-02-26T11:00:00-05:00,31155.71
2022-02-26T12:00:00-05:00,30069.57
2022-02-26T16:00:00-05:00,27645.38
2022-02-26T19:00:00-05:00,31404.68
2022-02-27T00:00:00-05:00,27787.45
2022-02-27T02:00:00-05:00,27032.92
2022-02-27T04:00:00-05:00,26983.46
2022-02-27T06:00:00-05:00,27563.74
2022-02-27T09:00:00-05:00,29165.11
2022-02-27T11:00:00-05:00,28459.86
2022-02-27T12:00:00-05:00,28082.05
2022-02-27T16:00:00-05:00,26753.57
2022-02-27T22:00:00-05:00,30137.74
2022-02-28T02:00:00-05:00,29445.21
2022-02-28T06:00:00-05:00,32744.63
2022-02-28T07:00:00-05:00,34519.07
2022-02-28T10:00:00-05:00,32590.3
2022-02-28T12:00:00-05:00,30811.17
2022-02-28T14:00:00-05:00,29597.02
2022-02-28T16:00:00-05:00,29180.47
2022-02-28T23:00:00-05:00,32382.81
2022-03-01T00:00:00-05:00,31399.59
2022-03-01T01:00:00-05:00,31326.27
2022-03-01T06:00:00-05:00,33590.32
2022-03-01T08:00:00-05:00,35816.58
2022-03-01T10:00:00-05:00,34355.39
2022-03-01T14:00:00-05:00,32588.19
2022-03-01T18:00:00-05:00,34197.93
2022-03-01T20:00:00-05:00,33631.23
2022-03-02T00:00:00-05:00,29225.36
2022-03-02T05:00:00-05:00,30023.5
2022-03-02T15:00:00-05:00,26239.76
2022-03-02T16:00:00-05:00,26935.96
2022-03-02T18:00:00-05:00,30595.26
2022-03-03T00:00:00-05:00,27400.34
2022-03-03T01:00:00-05:00,26964.07
2022-03-03T03:00:00-05:00,27097.15
2022-03-03T04:00:00-05:00,27590.98
2022-03-03T06:00:00-05:00,29671.65
2022-03-03T08:00:00-05:00,32462.41
2022-03-03T11:00:00-05:00,28653.39
2022-03-03T12:00:00-05:00,28244.99
2022-03-03T13:00:00-05:00,27742.44
2022-03-03T16:00:00-05:00,28161.98
2022-03-04T00:00:00-05:00,31286.66
2022-03-04T04:00:00-05:00,31854.22
2022-03-04T10:00:00-05:00,32101.45
2022-03-04T11:00:00-05:00,30843.28
2022-03-04T17:00:00-05:00,29048.65
2022-03-04T18:00:00-05:00,30893.08
2022-03-04T23:00:00-05:00,28980.15
2022-03-05T03:00:00-05:00,28501.79
2022-03-05T04:00:00-05:00,28776.18
2022-03-05T05:00:00-05:00,29430.42
2022-03-05T06:00:00-05:00,30381.49
2022-03-05T08:00:00-05:00,30826.4
2022-03-05T13:00:00-05:00,25843.09
2022-03-05T17:00:00-05:00,26616.74
2022-03-05T18:00:00-05:00,28052.1
2022-03-05T22:00:00-05:00,26899.78
2022-03-06T00:00:00-05:00,25687.69
2022-03-06T01:00:00-05:00,25227.3
2022-03-06T04:00:00-05:00,25135.2
2022-03-06T08:00:00-05:00,26916.28
2022-03-06T09:00:00-05:00,27323.32
2022-03-06T14:00:00-05:00,25589.02
2022-03-06T15:00:00-05:00,25199.79
2022-03-06T20:00:00-05:00,26331.47
2022-03-06T23:00:00-05:00,23892.51
2022-03-07T06:00:00-05:00,24096.92
2022-03-07T08:00:00-05:00,27076.14
2022-03-07T10:00:00-05:00,26793.66
2022-03-07T13:00:00-05:00,26425.49
2022-03-07T18:00:00-05:00,29002.14
2022-03-08T00:00:00-05:00,24914.51
2022-03-08T04:00:00-05:00,24637.43
2022-03-08T05:00:00-05:00,25020.66
2022-03-08T06:00:00-05:00,26277.05
2022-03-08T07:00:00-05:00,28328.75
2022-03-08T14:00:00-05:00,24800.92
2022-03-08T15:00:00-05:00,24440.4
2022-03-08T18:00:00-05:00,27868.01
2022-03-08T21:00:00-05:00,28572.22
2022-03-08T22:00:00-05:00,27821.46
2022-03-09T03:00:00-05:00,25763.72
2022-03-09T04:00:00-05:00,26017.56
2022-03-09T09:00:00-05:00,28861.36
2022-03-09T11:00:00-05:00,25679.11
2022-03-09T13:00:00-05:00,24513.85
2022-03-09T18:00:00-05:00,27217.65
2022-03-09T22:00:00-05:00,25993.03
2022-03-09T23:00:00-05:00,25068.54
2022-03-10T05:00:00-05:00,24118.2
2022-03-10T09:00:00-05:00,26131.71
2022-03-10T10:00:00-05:00,25150.41
2022-03-10T13:00:00-05:00,23635.64
2022-03-10T15:00:00-05:00,22873.33
2022-03-10T17:00:00-05:00,23968.78
2022-03-10T20:00:00-05:00,27086.13
2022-03-10T23:00:00-05:00,25395.31
2022-03-11T00:00:00-05:00,24598.43
2022-03-11T06:00:00-05:00,26116.07
2022-03-11T10:00:00-05:00,27136.91
2022-03-11T12:00:00-05:00,25485.1
2022-03-11T13:00:00-05:00,25149.64
2022-03-11T19:00:00-05:00,28230.84
2022-03-11T21:00:00-05:00,27068.03
2022-03-11T23:00:00-05:00,25430.56
2022-03-12T00:00:00-05:00,24424.84
2022-03-12T02:00:00-05:00,24059.59
2022-03-12T04:00:00-05:00,24211.79
2022-03-12T10:00:00-05:00,26924.63
2022-03-12T13:00:00-05:00,27080.31
2022-03-12T16:00:00-05:00,27069.82
2022-03-12T17:00:00-05:00,27690.94
2022-03-12T18:00:00-05:00,28483.78
2022-03-13T00:00:00-05:00,26268.16
2022-03-13T06:00:00-04:00,27294.04
2022-03-13T12:00:00-04:00,27536.23
2022-03-13T16:00:00-04:00,26109.01
2022-03-14T01:00:00-04:00,25981.49
2022-03-14T06:00:00-04:00,27563.03
2022-03-14T07:00:00-04:00,29377.81
2022-03-14T08:00:00-04:00,30726.53
2022-03-14T17:00:00-04:00,24884.78
2022-03-14T18:00:00-04:00,26125.79
2022-03-14T20:00:00-04:00,27265.91
2022-03-14T22:00:00-04:00,25744.87
2022-03-15T00:00:00-04:00,23650.1
2022-03-15T03:00:00-04:00,22825.6
2022-03-15T07:00:00-04:00,26961.05
2022-03-15T11:00:00-04:00,24778.08
2022-03-15T15:00:00-04:00,22664.46
2022-03-15T20:00:00-04:00,26542.07
2022-03-15T21:00:00-04:00,26355.5
2022-03-15T22:00:00-04:00,25797.76
2022-03-15T23:00:00-04:00,24998.15
2022-03-16T01:00:00-04:00,23823.36
2022-03-16T02:00:00-04:00,23849.8
2022-03-16T03:00:00-04:00,23800.28
2022-03-16T05:00:00-04:00,24636.7
2022-03-16T08:00:00-04:00,29026.76
2022-03-16T16:00:00-04:00,22153.82
2022-03-16T18:00:00-04:00,24100.1
2022-03-16T20:00:00-04:00,25291.5
2022-03-16T21:00:00-04:00,24897.15
2022-03-17T03:00:00-04:00,21470.9
2022-03-17T05:00:00-04:00,22022.32
2022-03-17T07:00:00-04:00,24887.33
2022-03-17T08:00:00-04:00,26196.32
2022-03-17T12:00:00-04:00,22957.19
2022-03-17T15:00:00-04:00,21292.92
2022-03-17T16:00:00-04:00,21080.11
2022-03-17T18:00:00-04:00,22061.01
2022-03-17T23:00:00-04:00,21022.08
2022-03-18T00:00:00-04:00,19959.02
2022-03-18T02:00:00-04:00,19232.17
2022-03-18T04:00:00-04:00,19480.06
2022-03-18T06:00:00-04:00,20819.8
2022-03-18T09:00:00-04:00,24234.19
2022-03-18T15:00:00-04:00,21618.3
2022-03-18T16:00:00-04:00,21505.78
2022-03-18T18:00:00-04:00,22428.45
2022-03-18T19:00:00-04:00,22715.38
2022-03-18T20:00:00-04:00,23160.84
2022-03-18T22:00:00-04:00,22265.2
2022-03-18T23:00:00-04:00,21605.99
2022-03-19T05:00:00-04:00,20637.05
2022-03-19T06:00:00-04:00,21342.42
2022-03-19T07:00:00-04:00,22295.84
2022-03-19T08:00:00-04:00,23467.72
2022-03-19T10:00:00-04:00,25224.9
2022-03-19T13:00:00-04:00,25520.59
2022-03-19T14:00:00-04:00,25021.19
2022-03-19T16:00:00-04:00,24580.66
2022-03-19T18:00:00-04:00,25360.37
2022-03-19T22:00:00-04:00,24204.7
2022-03-20T00:00:00-04:00,22718.24
2022-03-20T01:00:00-04:00,22165.52
2022-03-20T08:00:00-04:00,24352.44
2022-03-20T14:00:00-04:00,24273.05
2022-03-20T15:00:00-04:00,23954.45
2022-03-20T22:00:00-04:00,24258.71
2022-03-21T00:00:00-04:00,22458.85
2022-03-21T02:00:00-04:00,21859.78
2022-03-21T18:00:00-04:00,25053.95
2022-03-21T19:00:00-04:00,25777.45
2022-03-21T20:00:00-04:00,26429.52
2022-03-21T21:00:00-04:00,26109.26
2022-03-22T01:00:00-04:00,23140.7
2022-03-22T02:00:00-04:00,23083.75
2022-03-22T06:00:00-04:00,25616.94
2022-03-22T08:00:00-04:00,28979.25
2022-03-22T10:00:00-04:00,26718.79
2022-03-22T12:00:00-04:00,25072.49
2022-03-22T13:00:00-04:00,24446.37
2022-03-22T19:00:00-04:00,24915.81
2022-03-22T21:00:00-04:00,25785.44
2022-03-22T22:00:00-04:00,25209.34
2022-03-23T01:00:00-04:00,23202.19
2022-03-23T02:00:00-04:00,23034.26
2022-03-23T06:00:00-04:00,25232.6
2022-03-23T08:00:00-04:00,28469.33
2022-03-23T12:00:00-04:00,24285.38
2022-03-23T16:00:00-04:00,23077.56
2022-03-23T21:00:00-04:00,25357.77
2022-03-24T00:00:00-04:00,22734.98
2022-03-24T07:00:00-04:00,25822.31
2022-03-24T12:00:00-04:00,26592.21
2022-03-24T13:00:00-04:00,26346.59
2022-03-24T19:00:00-04:00,26488.46
2022-03-24T21:00:00-04:00,26024.68
2022-03-25T01:00:00-04:00,22407.53
2022-03-25T02:00:00-04:00,22028.92
2022-03-25T06:00:00-04:00,22971.01
2022-03-25T09:00:00-04:00,27122.14
2022-03-25T10:00:00-04:00,27085.01
2022-03-25T16:00:00-04:00,23631.99
2022-03-25T17:00:00-04:00,23945.51
2022-03-25T23:00:00-04:00,23514.97
2022-03-26T00:00:00-04:00,22794.03
2022-03-26T01:00:00-04:00,22190.79
2022-03-26T06:00:00-04:00,22668.75
2022-03-26T07:00:00-04:00,23894.86
2022-03-26T11:00:00-04:00,24298.89
2022-03-26T12:00:00-04:00,24222.01
2022-03-26T15:00:00-04:00,22483.0
2022-03-26T17:00:00-04:00,23018.6
2022-03-26T19:00:00-04:00,24129.43
2022-03-26T20:00:00-04:00,24433.28
2022-03-26T21:00:00-04:00,24261.95
2022-03-27T03:00:00-04:00,21805.71
2022-03-27T05:00:00-04:00,22331.94
2022-03-27T09:00:00-04:00,24788.77
2022-03-27T11:00:00-04:00,25004.83
2022-03-27T14:00:00-04:00,24104.32
2022-03-27T15:00:00-04:00,23689.63
2022-03-27T16:00:00-04:00,23846.83
2022-03-27T17:00:00-04:00,24933.79
2022-03-27T19:00:00-04:00,27143.17
2022-03-28T00:00:00-04:00,25867.73
2022-03-28T05:00:00-04:00,27273.29
2022-03-28T06:00:00-04:00,28684.65
2022-03-28T14:00:00-04:00,28259.92
2022-03-28T17:00:00-04:00,29004.97
2022-03-28T23:00:00-04:00,28909.3
2022-03-29T00:00:00-04:00,27866.27
2022-03-29T04:00:00-04:00,27467.04
2022-03-29T08:00:00-04:00,32004.63
2022-03-29T14:00:00-04:00,27380.09
2022-03-29T22:00:00-04:00,28067.66
2022-03-30T01:00:00-04:00,25581.19
2022-03-30T02:00:00-04:00,25609.23
2022-03-30T05:00:00-04:00,26640.49
2022-03-30T06:00:00-04:00,27817.71
2022-03-30T09:00:00-04:00,28689.98
2022-03-30T12:00:00-04:00,25546.39
2022-03-30T16:00:00-04:00,23409.39
2022-03-30T17:00:00-04:00,24251.67
2022-03-30T23:00:00-04:00,24457.25
2022-03-31T02:00:00-04:00,22974.61
2022-03-31T04:00:00-04:00,22998.49
2022-03-31T05:00:00-04:00,23296.99
2022-03-31T06:00:00-04:00,24227.43
2022-03-31T08:00:00-04:00,27491.44
2022-03-31T13:00:00-04:00,24965.49
2022-03-31T15:00:00-04:00,24585.09
2022-03-31T20:00:00-04:00,24714.6
2022-03-31T23:00:00-04:00,22907.61
2022-04-01T00:00:00-04:00,21841.4
2022-04-01T01:00:00-04:00,21170.84
2022-04-01T02:00:00-04:00,21032.21
2022-04-01T03:00:00-04:00,21135.23
2022-04-01T11:00:00-04:00,24610.95
2022-04-01T16:00:00-04:00,23555.9
2022-04-01T19:00:00-04:00,25111.05
2022-04-01T23:00:00-04:00,24030.27
2022-04-02T00:00:00-04:00,23231.99
2022-04-02T02:00:00-04:00,22796.31
2022-04-02T03:00:00-04:00,22746.25
2022-04-02T08:00:00-04:00,25565.72
2022-04-02T09:00:00-04:00,25381.98
2022-04-02T16:00:00-04:00,21328.83
2022-04-02T17:00:00-04:00,21359.21
2022-04-02T18:00:00-04:00,21623.84
2022-04-02T19:00:00-04:00,22171.8
2022-04-02T21:00:00-04:00,23016.73
2022-04-02T23:00:00-04:00,22127.24
2022-04-03T04:00:00-04:00,21190.59
2022-04-03T06:00:00-04:00,22168.06
2022-04-03T08:00:00-04:00,23698.9
2022-04-03T10:00:00-04:00,23999.99
2022-04-03T12:00:00-04:00,23592.46
2022-04-03T14:00:00-04:00,22721.92
2022-04-03T15:00:00-04:00,22597.45
2022-04-03T17:00:00-04:00,23169.04
2022-04-03T18:00:00-04:00,24006.85
2022-04-03T19:00:00-04:00,24337.09
2022-04-04T00:00:00-04:00,21536.59
2022-04-04T01:00:00-04:00,21170.14
2022-04-04T02:00:00-04:00,21138.11
2022-04-04T05:00:00-04:00,22186.9
2022-04-04T13:00:00-04:00,22317.53
2022-04-04T15:00:00-04:00,21286.3
2022-04-04T19:00:00-04:00,22622.95
2022-04-04T20:00:00-04:00,23157.52
2022-04-05T01:00:00-04:00,20656.89
2022-04-05T07:00:00-04:00,24888.3
2022-04-05T11:00:00-04:00,22398.55
2022-04-05T12:00:00-04:00,21990.57
2022-04-05T13:00:00-04:00,21642.31
2022-04-05T23:00:00-04:00,20784.71
2022-04-06T00:00:00-04:00,20095.44
2022-04-06T01:00:00-04:00,19556.45
2022-04-06T04:00:00-04:00,20212.57
2022-04-06T05:00:00-04:00,20867.34
2022-04-06T09:00:00-04:00,23895.14
2022-04-06T11:00:00-04:00,22213.78
2022-04-06T15:00:00-04:00,20292.81
2022-04-06T22:00:00-04:00,21361.19
2022-04-07T00:00:00-04:00,19538.63
2022-04-07T03:00:00-04:00,18869.33
2022-04-07T04:00:00-04:00,19113.02
2022-04-07T05:00:00-04:00,19532.35
2022-04-07T06:00:00-04:00,20590.43
2022-04-07T07:00:00-04:00,22644.81
2022-04-07T08:00:00-04:00,24032.29
2022-04-07T14:00:00-04:00,23115.8
2022-04-07T16:00:00-04:00,23048.51
2022-04-07T18:00:00-04:00,24362.43
2022-04-07T21:00:00-04:00,24283.4
2022-04-07T23:00:00-04:00,22666.46
2022-04-08T06:00:00-04:00,23160.54
2022-04-08T11:00:00-04:00,25573.65
2022-04-08T18:00:00-04:00,24061.98
2022-04-08T21:00:00-04:00,23789.28
2022-04-08T22:00:00-04:00,23285.32
2022-04-09T01:00:00-04:00,21149.99
2022-04-09T05:00:00-04:00,20965.12
2022-04-09T06:00:00-04:00,21552.53
2022-04-09T08:00:00-04:00,23078.65
2022-04-09T11:00:00-04:00,23532.45
2022-04-09T14:00:00-04:00,22435.59
2022-04-09T16:00:00-04:00,21752.8
2022-04-09T18:00:00-04:00,22703.7
2022-04-09T19:00:00-04:00,22725.97
2022-04-09T22:00:00-04:00,22027.63
2022-04-09T23:00:00-04:00,21531.57
2022-04-10T02:00:00-04:00,20378.45
2022-04-10T06:00:00-04:00,20944.8
2022-04-10T07:00:00-04:00,21671.03
2022-04-10T10:00:00-04:00,23333.57
2022-04-10T13:00:00-04:00,22316.77
2022-04-10T17:00:00-04:00,21658.6
2022-04-10T21:00:00-04:00,22946.7
2022-04-10T23:00:00-04:00,21489.99
2022-04-11T12:00:00-04:00,22337.16
2022-04-11T14:00:00-04:00,21286.94
2022-04-11T17:00:00-04:00,20806.05
2022-04-11T20:00:00-04:00,22090.66
2022-04-11T21:00:00-04:00,22042.21
2022-04-12T01:00:00-04:00,18493.03
2022-04-12T03:00:00-04:00,18246.38
2022-04-12T09:00:00-04:00,22828.21
2022-04-12T10:00:00-04:00,21959.36
2022-04-12T11:00:00-04:00,21317.01
2022-04-12T12:00:00-04:00,20925.65
2022-04-12T13:00:00-04:00,20631.0
2022-04-12T14:00:00-04:00,20126.33
2022-04-12T15:00:00-04:00,19753.82
2022-04-12T17:00:00-04:00,19964.63
2022-04-12T18:00:00-04:00,20618.5
2022-04-12T19:00:00-04:00,20700.41
2022-04-12T23:00:00-04:00,19687.53
2022-04-13T05:00:00-04:00,18846.26
2022-04-13T10:00:00-04:00,21685.95
2022-04-14T05:00:00-04:00,19235.24
2022-04-14T07:00:00-04:00,21882.91
2022-04-14T08:00:00-04:00,23078.2
2022-04-14T09:00:00-04:00,23326.5
2022-04-14T11:00:00-04:00,22902.43
2022-04-14T14:00:00-04:00,22395.86
2022-04-14T16:00:00-04:00,21805.93
2022-04-14T19:00:00-04:00,22907.85
2022-04-14T22:00:00-04:00,21642.26
2022-04-15T03:00:00-04:00,19254.82
2022-04-15T08:00:00-04:00,22066.13
2022-04-15T14:00:00-04:00,20459.42
2022-04-15T21:00:00-04:00,20731.58
2022-04-15T22:00:00-04:00,20182.75
2022-04-16T04:00:00-04:00,18713.27
2022-04-16T05:00:00-04:00,19131.92
2022-04-16T06:00:00-04:00,19793.37
2022-04-16T13:00:00-04:00,21281.42
2022-04-16T17:00:00-04:00,20324.31
2022-04-16T20:00:00-04:00,21317.94
2022-04-16T22:00:00-04:00,21195.21
2022-04-17T00:00:00-04:00,20112.93
2022-04-17T02:00:00-04:00,19754.07
2022-04-17T03:00:00-04:00,19958.9
2022-04-17T04:00:00-04:00,20007.19
2022-04-17T05:00:00-04:00,20498.3
2022-04-17T07:00:00-04:00,21729.28
2022-04-17T10:00:00-04:00,22488.37
2022-04-17T13:00:00-04:00,21802.95
2022-04-17T14:00:00-04:00,21463.03
2022-04-17T16:00:00-04:00,21071.31
2022-04-17T17:00:00-04:00,21140.87
2022-04-17T18:00:00-04:00,21551.3
2022-04-18T00:00:00-04:00,20418.26
2022-04-18T01:00:00-04:00,20226.06
2022-04-18T03:00:00-04:00,20446.0
2022-04-18T05:00:00-04:00,21272.05
2022-04-18T06:00:00-04:00,22185.51
2022-04-18T13:00:00-04:00,21774.43
2022-04-18T17:00:00-04:00,20397.37
2022-04-18T18:00:00-04:00,21335.48
2022-04-18T19:00:00-04:00,21837.86
2022-04-19T01:00:00-04:00,18965.74
2022-04-19T04:00:00-04:00,19212.87
2022-04-19T05:00:00-04:00,20102.63
2022-04-19T10:00:00-04:00,25645.35
2022-04-19T15:00:00-04:00,23920.35
2022-04-19T17:00:00-04:00,24512.68
2022-04-19T19:00:00-04:00,25765.39
2022-04-19T21:00:00-04:00,25143.88
2022-04-19T23:00:00-04:00,23506.63
2022-04-20T16:00:00-04:00,22142.85
2022-04-20T17:00:00-04:00,22496.58
2022-04-20T18:00:00-04:00,22898.84
2022-04-20T21:00:00-04:00,23639.97
2022-04-20T22:00:00-04:00,23294.01
2022-04-21T01:00:00-04:00,21193.13
2022-04-21T05:00:00-04:00,21940.04
2022-04-21T06:00:00-04:00,22979.09
2022-04-21T09:00:00-04:00,24630.64
2022-04-21T17:00:00-04:00,23403.6
2022-04-21T18:00:00-04:00,23912.86
2022-04-21T19:00:00-04:00,24129.96
2022-04-21T21:00:00-04:00,23382.55
2022-04-21T23:00:00-04:00,21304.48
2022-04-22T01:00:00-04:00,19662.9
2022-04-22T02:00:00-04:00,19410.44
2022-04-22T03:00:00-04:00,19299.35
2022-04-22T06:00:00-04:00,20422.07
2022-04-22T10:00:00-04:00,22213.82
2022-04-22T18:00:00-04:00,20675.42
2022-04-22T19:00:00-04:00,20731.06
2022-04-22T20:00:00-04:00,21070.64
2022-04-22T21:00:00-04:00,21360.45
2022-04-23T01:00:00-04:00,19659.48
2022-04-23T06:00:00-04:00,21051.85
2022-04-23T08:00:00-04:00,21771.05
2022-04-23T10:00:00-04:00,21881.97
2022-04-23T15:00:00-04:00,19570.73
2022-04-23T21:00:00-04:00,20577.7
2022-04-23T23:00:00-04:00,19772.1
2022-04-24T03:00:00-04:00,19065.06
2022-04-24T05:00:00-04:00,19416.72
2022-04-24T06:00:00-04:00,19936.76
2022-04-24T08:00:00-04:00,21361.66
2022-04-24T10:00:00-04:00,22161.4
2022-04-24T14:00:00-04:00,20331.73
2022-04-24T16:00:00-04:00,19731.3
2022-04-24T17:00:00-04:00,20048.55
2022-04-24T20:00:00-04:00,21051.23
2022-04-24T23:00:00-04:00,19547.81
2022-04-25T00:00:00-04:00,18803.93
2022-04-25T01:00:00-04:00,18344.75
2022-04-25T02:00:00-04:00,18255.7
2022-04-25T05:00:00-04:00,19165.52
2022-04-25T07:00:00-04:00,21691.2
2022-04-25T11:00:00-04:00,21129.29
2022-04-25T12:00:00-04:00,20961.66
2022-04-25T13:00:00-04:00,20738.71
2022-04-25T14:00:00-04:00,20343.95
2022-04-25T19:00:00-04:00,21249.45
2022-04-25T21:00:00-04:00,20913.22
2022-04-25T23:00:00-04:00,18881.13
2022-04-26T00:00:00-04:00,17743.4
2022-04-26T02:00:00-04:00,17014.94
2022-04-26T04:00:00-04:00,17011.82
2022-04-26T13:00:00-04:00,20034.76
2022-04-26T14:00:00-04:00,19703.79
2022-04-26T15:00:00-04:00,19376.13
2022-04-26T16:00:00-04:00,19519.24
2022-04-26T17:00:00-04:00,20052.55
2022-04-26T20:00:00-04:00,21020.1
2022-04-26T21:00:00-04:00,20686.32
2022-04-26T22:00:00-04:00,19934.49
2022-04-27T01:00:00-04:00,17539.48
2022-04-27T08:00:00-04:00,21790.75
2022-04-27T14:00:00-04:00,21827.06
2022-04-27T15:00:00-04:00,21559.24
2022-04-27T17:00:00-04:00,22611.77
2022-04-27T18:00:00-04:00,23182.4
2022-04-27T22:00:00-04:00,22650.18
2022-04-28T00:00:00-04:00,20736.74
2022-04-28T02:00:00-04:00,20108.29
2022-04-28T04:00:00-04:00,20018.97
2022-04-28T05:00:00-04:00,20510.55
2022-04-28T06:00:00-04:00,21568.9
2022-04-28T10:00:00-04:00,22753.25
2022-04-28T11:00:00-04:00,22295.74
2022-04-28T12:00:00-04:00,22012.12
2022-04-28T13:00:00-04:00,21588.61
2022-04-28T14:00:00-04:00,21151.0
2022-04-28T16:00:00-04:00,20406.52
2022-04-29T00:00:00-04:00,20277.56
2022-04-29T03:00:00-04:00,19955.08
2022-04-29T08:00:00-04:00,23919.31
2022-04-29T13:00:00-04:00,21365.75
2022-04-29T18:00:00-04:00,20688.32
2022-04-30T00:00:00-04:00,19153.38
2022-04-30T02:00:00-04:00,18565.29
2022-04-30T04:00:00-04:00,18740.37
2022-04-30T05:00:00-04:00,18980.53
2022-04-30T09:00:00-04:00,20633.61
2022-04-30T11:00:00-04:00,20586.68
2022-04-30T12:00:00-04:00,20195.35
2022-04-30T13:00:00-04:00,19884.26
2022-04-30T15:00:00-04:00,18733.87
2022-04-30T16:00:00-04:00,18374.62
2022-04-30T20:00:00-04:00,18667.55
2022-05-01T04:00:00-04:00,17571.88
2022-05-01T12:00:00-04:00,19288.24
2022-05-01T19:00:00-04:00,18879.5
2022-05-01T22:00:00-04:00,18621.02
2022-05-02T01:00:00-04:00,16172.95
2022-05-02T03:00:00-04:00,16102.21
2022-05-02T06:00:00-04:00,17665.47
2022-05-02T08:00:00-04:00,20174.53
2022-05-02T09:00:00-04:00,20177.29
2022-05-02T12:00:00-04:00,19583.31
2022-05-02T16:00:00-04:00,18845.11
2022-05-02T20:00:00-04:00,20080.8
2022-05-03T05:00:00-04:00,16365.51
2022-05-03T09:00:00-04:00,20334.54
2022-05-03T12:00:00-04:00,19568.44
2022-05-03T13:00:00-04:00,19326.04
2022-05-03T14:00:00-04:00,19103.68
2022-05-03T15:00:00-04:00,18753.96
2022-05-03T18:00:00-04:00,19697.02
2022-05-03T19:00:00-04:00,19938.75
2022-05-03T22:00:00-04:00,18964.12
2022-05-04T00:00:00-04:00,16992.8
2022-05-04T04:00:00-04:00,15999.34
2022-05-04T05:00:00-04:00,16220.87
2022-05-04T10:00:00-04:00,19889.71
2022-05-04T11:00:00-04:00,19811.27
2022-05-04T12:00:00-04:00,19730.81
2022-05-04T13:00:00-04:00,19444.83
2022-05-04T14:00:00-04:00,19122.94
2022-05-04T16:00:00-04:00,18834.11
2022-05-04T22:00:00-04:00,19276.88
2022-05-05T01:00:00-04:00,16774.31
2022-05-05T03:00:00-04:00,16833.91
2022-05-05T18:00:00-04:00,19297.22
2022-05-05T19:00:00-04:00,19324.4
2022-05-05T21:00:00-04:00,19812.4
2022-05-06T01:00:00-04:00,17021.08
2022-05-06T04:00:00-04:00,17016.41
2022-05-06T06:00:00-04:00,18394.46
2022-05-06T13:00:00-04:00,19702.7
2022-05-06T18:00:00-04:00,19367.6
2022-05-06T19:00:00-04:00,19317.52
2022-05-06T20:00:00-04:00,19377.12
2022-05-06T22:00:00-04:00,19316.38
2022-05-07T00:00:00-04:00,17751.52
2022-05-07T03:00:00-04:00,17445.81
2022-05-07T05:00:00-04:00,17838.92
2022-05-07T12:00:00-04:00,19627.21
2022-05-07T17:00:00-04:00,18151.25
2022-05-07T23:00:00-04:00,18134.1
2022-05-08T00:00:00-04:00,17487.12
2022-05-08T01:00:00-04:00,17113.56
2022-05-08T04:00:00-04:00,17376.54
2022-05-08T10:00:00-04:00,19313.83
2022-05-08T14:00:00-04:00,17997.27
2022-05-08T15:00:00-04:00,18031.32
2022-05-08T18:00:00-04:00,18602.77
2022-05-08T19:00:00-04:00,18829.78
2022-05-08T20:00:00-04:00,19041.74
2022-05-09T03:00:00-04:00,16226.75
2022-05-09T04:00:00-04:00,16394.73
2022-05-09T05:00:00-04:00,16955.84
2022-05-09T06:00:00-04:00,17878.16
2022-05-09T09:00:00-04:00,20064.72
2022-05-09T14:00:00-04:00,18668.09
2022-05-09T15:00:00-04:00,18391.26
2022-05-09T16:00:00-04:00,18336.77
2022-05-09T19:00:00-04:00,19432.35
2022-05-09T20:00:00-04:00,19298.95
2022-05-09T21:00:00-04:00,19300.75
2022-05-09T23:00:00-04:00,17572.07
2022-05-10T00:00:00-04:00,16335.41
2022-05-10T05:00:00-04:00,15712.74
2022-05-10T07:00:00-04:00,17902.48
2022-05-10T11:00:00-04:00,18962.93
2022-05-10T14:00:00-04:00,18769.53
2022-05-10T15:00:00-04:00,18420.77
2022-05-10T16:00:00-04:00,18429.28
2022-05-10T18:00:00-04:00,19178.43
2022-05-10T19:00:00-04:00,18967.45
2022-05-10T22:00:00-04:00,18671.55
2022-05-11T02:00:00-04:00,15273.29
2022-05-11T03:00:00-04:00,15036.16
2022-05-11T06:00:00-04:00,15804.75
2022-05-11T07:00:00-04:00,17375.62
2022-05-11T09:00:00-04:00,18828.79
2022-05-11T11:00:00-04:00,18782.23
2022-05-11T14:00:00-04:00,18771.58
2022-05-11T17:00:00-04:00,19140.45
2022-05-11T18:00:00-04:00,19709.78
2022-05-11T20:00:00-04:00,19564.8
2022-05-11T21:00:00-04:00,19547.2
2022-05-12T02:00:00-04:00,15239.07
2022-05-12T11:00:00-04:00,18719.0
2022-05-12T13:00:00-04:00,19114.9
2022-05-12T14:00:00-04:00,19356.78
2022-05-12T17:00:00-04:00,19678.3
2022-05-12T19:00:00-04:00,20083.07
2022-05-12T23:00:00-04:00,18016.67
2022-05-13T03:00:00-04:00,15139.08
2022-05-13T05:00:00-04:00,15150.75
2022-05-13T06:00:00-04:00,15598.11
2022-05-13T15:00:00-04:00,19580.77
2022-05-14T01:00:00-04:00,17762.73
2022-05-14T04:00:00-04:00,16853.92
2022-05-14T11:00:00-04:00,18677.25
2022-05-14T16:00:00-04:00,19107.2
2022-05-14T18:00:00-04:00,19707.18
2022-05-14T19:00:00-04:00,19445.42
2022-05-14T21:00:00-04:00,18844.53
2022-05-14T22:00:00-04:00,18485.39
2022-05-14T23:00:00-04:00,17591.71
2022-05-15T03:00:00-04:00,14865.2
2022-05-15T07:00:00-04:00,15206.3
2022-05-15T09:00:00-04:00,16959.61
2022-05-15T12:00:00-04:00,18477.72
2022-05-15T17:00:00-04:00,18585.87
2022-05-15T18:00:00-04:00,19175.69
2022-05-15T22:00:00-04:00,18336.06
2022-05-16T08:00:00-04:00,18443.02
2022-05-16T12:00:00-04:00,19391.6
2022-05-16T23:00:00-04:00,17331.2
2022-05-17T03:00:00-04:00,15226.1
2022-05-17T07:00:00-04:00,17224.54
2022-05-17T08:00:00-04:00,18703.68
2022-05-17T11:00:00-04:00,19014.74
2022-05-17T12:00:00-04:00,19214.26
2022-05-17T13:00:00-04:00,19061.09
2022-05-17T22:00:00-04:00,18890.27
2022-05-17T23:00:00-04:00,18038.76
2022-05-18T00:00:00-04:00,17135.8
2022-05-18T01:00:00-04:00,16492.69
2022-05-18T03:00:00-04:00,16036.19
2022-05-18T05:00:00-04:00,16238.04
2022-05-18T08:00:00-04:00,19711.32
2022-05-18T16:00:00-04:00,18161.83
2022-05-18T18:00:00-04:00,18925.35
2022-05-18T20:00:00-04:00,18906.99
2022-05-18T22:00:00-04:00,18611.71
2022-05-18T23:00:00-04:00,17641.0
2022-05-19T01:00:00-04:00,16088.27
2022-05-19T02:00:00-04:00,15765.51
2022-05-19T03:00:00-04:00,15611.89
2022-05-19T04:00:00-04:00,15743.91
2022-05-19T06:00:00-04:00,16589.91
2022-05-19T15:00:00-04:00,18757.5
2022-05-20T00:00:00-04:00,16908.66
2022-05-20T01:00:00-04:00,16192.6
2022-05-20T04:00:00-04:00,15643.28
2022-05-20T08:00:00-04:00,18885.39
2022-05-20T09:00:00-04:00,19345.9
2022-05-20T10:00:00-04:00,18941.5
2022-05-20T12:00:00-04:00,18915.76
2022-05-20T21:00:00-04:00,18567.81
2022-05-21T03:00:00-04:00,14930.52
2022-05-21T06:00:00-04:00,15005.68
2022-05-21T10:00:00-04:00,18098.43
2022-05-21T11:00:00-04:00,18647.07
2022-05-21T12:00:00-04:00,18964.73
2022-05-21T15:00:00-04:00,19049.69
2022-05-21T17:00:00-04:00,18692.89
2022-05-21T19:00:00-04:00,17653.0
2022-05-21T20:00:00-04:00,17111.11
2022-05-22T00:00:00-04:00,15354.91
2022-05-22T01:00:00-04:00,14898.4
2022-05-22T02:00:00-04:00,14472.43
2022-05-22T03:00:00-04:00,14050.55
2022-05-22T09:00:00-04:00,16156.03
2022-05-22T10:00:00-04:00,17028.01
2022-05-22T12:00:00-04:00,17832.39
2022-05-22T23:00:00-04:00,16144.81
2022-05-23T00:00:00-04:00,15348.09
2022-05-23T04:00:00-04:00,14538.37
2022-05-23T10:00:00-04:00,17651.16
2022-05-23T11:00:00-04:00,17780.15
2022-05-23T12:00:00-04:00,17893.72
2022-05-23T15:00:00-04:00,17257.7
2022-05-23T19:00:00-04:00,18478.12
2022-05-23T22:00:00-04:00,17944.4
2022-05-23T23:00:00-04:00,17040.07
2022-05-24T00:00:00-04:00,16051.66
2022-05-24T03:00:00-04:00,15408.83
2022-05-24T08:00:00-04:00,18988.7
2022-05-24T11:00:00-04:00,18863.77
2022-05-24T16:00:00-04:00,18249.29
2022-05-24T17:00:00-04:00,18702.98
2022-05-24T20:00:00-04:00,19076.67
2022-05-25T01:00:00-04:00,15922.12
2022-05-25T08:00:00-04:00,18694.12
2022-05-25T09:00:00-04:00,18980.39
2022-05-25T12:00:00-04:00,18804.72
2022-05-25T17:00:00-04:00,18685.88
2022-05-26T04:00:00-04:00,14923.32
2022-05-26T06:00:00-04:00,15642.63
2022-05-26T08:00:00-04:00,18393.56
2022-05-26T15:00:00-04:00,19051.06
2022-05-26T16:00:00-04:00,19025.9
2022-05-26T22:00:00-04:00,18784.47
2022-05-26T23:00:00-04:00,17860.86
2022-05-27T07:00:00-04:00,17399.71
2022-05-27T11:00:00-04:00,19768.49
2022-05-27T14:00:00-04:00,19597.62
2022-05-27T15:00:00-04:00,19385.91
2022-05-27T16:00:00-04:00,19215.68
2022-05-27T17:00:00-04:00,19464.18
2022-05-27T19:00:00-04:00,19701.2
2022-05-27T20:00:00-04:00,19330.02
2022-05-27T22:00:00-04:00,18592.06
2022-05-28T02:00:00-04:00,15854.4
2022-05-28T05:00:00-04:00,15447.44
2022-05-28T08:00:00-04:00,16661.93
2022-05-28T10:00:00-04:00,18115.71
2022-05-28T11:00:00-04:00,18421.11
2022-05-28T14:00:00-04:00,18204.7
2022-05-28T17:00:00-04:00,17736.5
2022-05-28T18:00:00-04:00,17999.41
2022-05-28T19:00:00-04:00,17996.99
2022-05-28T22:00:00-04:00,17455.69
2022-05-29T04:00:00-04:00,14855.5
2022-05-29T08:00:00-04:00,16206.52
2022-05-29T09:00:00-04:00,16932.56
2022-05-29T12:00:00-04:00,18041.27
2022-05-29T14:00:00-04:00,17781.93
2022-05-29T15:00:00-04:00,17622.7
2022-05-29T16:00:00-04:00,17626.68
2022-05-29T19:00:00-04:00,18855.3
2022-05-29T21:00:00-04:00,18469.83
2022-05-29T22:00:00-04:00,18120.46
2022-05-30T11:00:00-04:00,18783.37
2022-05-30T14:00:00-04:00,19204.12
2022-05-30T17:00:00-04:00,19612.91
2022-05-30T23:00:00-04:00,17985.69
2022-05-31T02:00:00-04:00,15524.34
2022-05-31T04:00:00-04:00,15031.69
2022-05-31T07:00:00-04:00,17002.69
2022-05-31T14:00:00-04:00,18511.02
2022-06-01T01:00:00-04:00,15636.3
2022-06-01T10:00:00-04:00,18405.84
2022-06-01T11:00:00-04:00,18530.08
2022-06-01T18:00:00-04:00,19375.85
2022-06-01T20:00:00-04:00,19195.59
2022-06-01T21:00:00-04:00,18845.12
2022-06-02T01:00:00-04:00,15734.53
2022-06-02T03:00:00-04:00,15085.46
2022-06-02T09:00:00-04:00,18578.34
2022-06-02T18:00:00-04:00,19029.1
2022-06-02T22:00:00-04:00,18573.74
2022-06-02T23:00:00-04:00,17620.09
2022-06-03T00:00:00-04:00,16423.41
2022-06-03T03:00:00-04:00,15080.15
2022-06-03T04:00:00-04:00,15027.58
2022-06-03T07:00:00-04:00,16940.34
2022-06-03T11:00:00-04:00,19378.21
2022-06-03T12:00:00-04:00,19420.08
2022-06-03T16:00:00-04:00,18706.74
2022-06-03T20:00:00-04:00,18667.68
2022-06-03T22:00:00-04:00,18221.61
2022-06-04T03:00:00-04:00,15102.64
2022-06-04T04:00:00-04:00,15031.0
2022-06-04T05:00:00-04:00,14994.43
2022-06-04T17:00:00-04:00,17954.4
2022-06-04T18:00:00-04:00,18214.4
2022-06-04T21:00:00-04:00,17507.09
2022-06-05T03:00:00-04:00,14813.72
2022-06-05T05:00:00-04:00,14877.65
2022-06-05T07:00:00-04:00,15493.89
2022-06-05T11:00:00-04:00,18037.12
2022-06-05T14:00:00-04:00,17713.27
2022-06-05T17:00:00-04:00,17772.74
2022-06-05T20:00:00-04:00,18618.29
2022-06-05T21:00:00-04:00,18431.98
2022-06-06T05:00:00-04:00,15399.84
2022-06-06T09:00:00-04:00,19065.18
2022-06-06T11:00:00-04:00,18942.91
2022-06-06T13:00:00-04:00,19053.01
2022-06-06T14:00:00-04:00,18972.9
2022-06-06T18:00:00-04:00,19376.14
2022-06-06T19:00:00-04:00,19360.24
2022-06-06T21:00:00-04:00,19174.97
2022-06-06T22:00:00-04:00,18854.75
2022-06-07T00:00:00-04:00,16409.84
2022-06-07T01:00:00-04:00,15634.29
2022-06-07T11:00:00-04:00,18879.49
2022-06-07T15:00:00-04:00,18964.85
2022-06-07T18:00:00-04:00,20016.19
2022-06-08T03:00:00-04:00,15241.69
2022-06-08T07:00:00-04:00,17312.72
2022-06-08T10:00:00-04:00,18990.67
2022-06-08T16:00:00-04:00,18643.33
2022-06-08T20:00:00-04:00,19293.15
2022-06-08T23:00:00-04:00,17614.11
2022-06-09T04:00:00-04:00,14891.18
2022-06-09T09:00:00-04:00,18803.4
2022-06-09T10:00:00-04:00,18751.59
2022-06-09T11:00:00-04:00,18999.56
2022-06-09T14:00:00-04:00,19033.78
2022-06-09T19:00:00-04:00,19380.31
2022-06-10T01:00:00-04:00,15801.55
2022-06-10T05:00:00-04:00,15455.67
2022-06-10T07:00:00-04:00,17020.95
2022-06-10T09:00:00-04:00,18808.16
2022-06-10T10:00:00-04:00,18803.97
2022-06-10T14:00:00-04:00,18507.04
2022-06-10T21:00:00-04:00,17883.04
2022-06-10T22:00:00-04:00,17741.54
2022-06-11T00:00:00-04:00,15887.28
2022-06-11T06:00:00-04:00,14591.35
2022-06-11T07:00:00-04:00,15079.86
2022-06-11T08:00:00-04:00,16101.0
2022-06-11T10:00:00-04:00,17598.98
2022-06-11T11:00:00-04:00,17824.51
2022-06-11T16:00:00-04:00,17514.62
2022-06-11T18:00:00-04:00,17868.07
2022-06-11T20:00:00-04:00,17349.0
2022-06-12T01:00:00-04:00,15113.09
2022-06-12T02:00:00-04:00,14759.84
2022-06-12T04:00:00-04:00,14527.36
2022-06-12T12:00:00-04:00,18106.62
2022-06-12T13:00:00-04:00,18292.81
2022-06-13T00:00:00-04:00,15947.03
2022-06-13T02:00:00-04:00,14940.17
2022-06-13T03:00:00-04:00,14789.61
2022-06-13T06:00:00-04:00,15322.03
2022-06-13T10:00:00-04:00,19026.56
2022-06-13T16:00:00-04:00,18826.01
2022-06-13T19:00:00-04:00,19594.74
2022-06-13T21:00:00-04:00,19053.34
2022-06-13T22:00:00-04:00,18576.55
2022-06-14T00:00:00-04:00,16335.43
2022-06-14T04:00:00-04:00,14966.36
2022-06-14T05:00:00-04:00,15008.55
2022-06-14T10:00:00-04:00,18625.84
2022-06-14T13:00:00-04:00,18871.34
2022-06-14T16:00:00-04:00,18870.01
2022-06-14T20:00:00-04:00,19553.76
2022-06-15T03:00:00-04:00,15000.43
2022-06-15T10:00:00-04:00,18695.79
2022-06-15T17:00:00-04:00,19328.07
2022-06-15T18:00:00-04:00,19786.64
2022-06-15T21:00:00-04:00,19132.48
2022-06-15T22:00:00-04:00,18994.43
2022-06-16T01:00:00-04:00,15825.97
2022-06-16T02:00:00-04:00,15254.59
2022-06-16T04:00:00-04:00,14873.35
2022-06-16T08:00:00-04:00,18408.74
2022-06-16T13:00:00-04:00,19510.34
2022-06-16T15:00:00-04:00,19608.49
2022-06-16T18:00:00-04:00,20007.56
2022-06-16T21:00:00-04:00,19308.47
2022-06-16T23:00:00-04:00,17939.73
2022-06-17T01:00:00-04:00,15981.39
2022-06-17T05:00:00-04:00,15138.65
2022-06-17T09:00:00-04:00,19217.3
2022-06-17T10:00:00-04:00,19343.62
2022-06-17T15:00:00-04:00,18700.4
2022-06-17T16:00:00-04:00,18937.99
2022-06-17T18:00:00-04:00,19469.51
2022-06-18T02:00:00-04:00,15142.85
2022-06-18T06:00:00-04:00,15018.67
2022-06-18T07:00:00-04:00,15528.53
2022-06-18T14:00:00-04:00,17954.55
2022-06-18T15:00:00-04:00,17864.26
2022-06-18T16:00:00-04:00,17713.22
2022-06-18T20:00:00-04:00,17577.37
2022-06-18T23:00:00-04:00,16576.98
2022-06-19T01:00:00-04:00,15445.5
2022-06-19T05:00:00-04:00,15152.27
2022-06-19T06:00:00-04:00,15224.13
2022-06-19T08:00:00-04:00,16406.12
2022-06-19T09:00:00-04:00,17124.55
2022-06-19T10:00:00-04:00,17753.78
2022-06-19T15:00:00-04:00,17096.87
2022-06-19T16:00:00-04:00,17016.05
2022-06-19T17:00:00-04:00,17400.76
2022-06-19T19:00:00-04:00,18109.9
2022-06-19T21:00:00-04:00,17919.46
2022-06-19T22:00:00-04:00,17859.26
2022-06-20T05:00:00-04:00,15319.53
2022-06-20T06:00:00-04:00,15902.56
2022-06-20T07:00:00-04:00,17361.27
2022-06-20T08:00:00-04:00,18582.74
2022-06-20T11:00:00-04:00,19066.24
2022-06-20T14:00:00-04:00,19115.21
2022-06-20T15:00:00-04:00,18961.84
2022-06-20T20:00:00-04:00,19517.88
2022-06-20T22:00:00-04:00,18885.3
2022-06-21T02:00:00-04:00,15457.74
2022-06-21T03:00:00-04:00,15230.83
2022-06-21T09:00:00-04:00,18862.45
2022-06-21T11:00:00-04:00,19097.66
2022-06-21T14:00:00-04:00,19009.41
2022-06-21T18:00:00-04:00,19663.82
2022-06-21T20:00:00-04:00,19377.47
2022-06-22T02:00:00-04:00,15462.86
2022-06-22T03:00:00-04:00,15163.98
2022-06-22T12:00:00-04:00,19275.8
2022-06-22T13:00:00-04:00,19192.95
2022-06-22T14:00:00-04:00,19112.01
2022-06-22T22:00:00-04:00,18652.99
2022-06-23T09:00:00-04:00,18984.39
2022-06-23T11:00:00-04:00,19267.83
2022-06-23T13:00:00-04:00,19201.69
2022-06-23T16:00:00-04:00,18711.05
2022-06-23T19:00:00-04:00,19070.83
2022-06-24T02:00:00-04:00,15068.73
2022-06-24T03:00:00-04:00,14766.2
2022-06-24T07:00:00-04:00,15193.35
2022-06-24T11:00:00-04:00,17993.91
2022-06-24T13:00:00-04:00,18497.76
2022-06-24T23:00:00-04:00,16921.8
2022-06-25T00:00:00-04:00,16216.86
2022-06-25T05:00:00-04:00,14668.44
2022-06-25T07:00:00-04:00,15372.67
2022-06-25T09:00:00-04:00,17094.71
2022-06-25T10:00:00-04:00,18057.17
2022-06-25T12:00:00-04:00,18833.19
2022-06-25T13:00:00-04:00,19043.84
2022-06-25T15:00:00-04:00,18818.66
2022-06-25T16:00:00-04:00,19056.88
2022-06-25T20:00:00-04:00,19041.35
2022-06-25T23:00:00-04:00,17663.96
2022-06-26T00:00:00-04:00,16882.45
2022-06-26T01:00:00-04:00,16102.19
2022-06-26T08:00:00-04:00,16412.8
2022-06-26T12:00:00-04:00,19507.34
2022-06-26T19:00:00-04:00,20132.9
2022-06-26T21:00:00-04:00,19415.85
2022-06-27T02:00:00-04:00,15774.26
2022-06-27T03:00:00-04:00,15559.04
2022-06-27T08:00:00-04:00,18543.07
2022-06-27T10:00:00-04:00,19823.7
2022-06-27T11:00:00-04:00,20041.09
2022-06-27T12:00:00-04:00,20166.18
2022-06-27T16:00:00-04:00,19592.38
2022-06-27T17:00:00-04:00,19683.21
2022-06-27T20:00:00-04:00,19350.67
2022-06-27T22:00:00-04:00,18738.77
2022-06-28T00:00:00-04:00,16576.94
2022-06-28T02:00:00-04:00,15376.39
2022-06-28T03:00:00-04:00,15087.55
2022-06-28T04:00:00-04:00,15010.52
2022-06-28T06:00:00-04:00,15513.63
2022-06-28T08:00:00-04:00,17974.93
2022-06-28T09:00:00-04:00,18517.26
2022-06-28T13:00:00-04:00,19178.94
2022-06-28T14:00:00-04:00,19076.74
2022-06-28T22:00:00-04:00,18735.75
2022-06-29T02:00:00-04:00,15471.41
2022-06-29T03:00:00-04:00,15287.54
2022-06-29T04:00:00-04:00,15194.23
2022-06-29T06:00:00-04:00,15626.66
2022-06-29T08:00:00-04:00,18162.35
2022-06-29T09:00:00-04:00,19007.28
2022-06-29T11:00:00-04:00,19374.83
2022-06-29T12:00:00-04:00,19591.72
2022-06-29T15:00:00-04:00,19530.18
2022-06-29T21:00:00-04:00,19011.39
2022-06-30T01:00:00-04:00,16143.25
2022-06-30T03:00:00-04:00,15453.6
2022-06-30T06:00:00-04:00,15528.2
2022-06-30T07:00:00-04:00,16919.04
2022-06-30T08:00:00-04:00,18174.32
2022-06-30T13:00:00-04:00,19110.53
2022-06-30T18:00:00-04:00,19120.73
2022-07-01T00:00:00-04:00,16794.87
2022-07-01T01:00:00-04:00,16030.39
2022-07-01T02:00:00-04:00,15658.9
2022-07-01T03:00:00-04:00,15405.0
2022-07-01T07:00:00-04:00,15562.95
2022-07-01T09:00:00-04:00,16909.03
2022-07-01T14:00:00-04:00,18698.13
2022-07-01T20:00:00-04:00,18607.09
2022-07-01T22:00:00-04:00,18112.82
2022-07-02T05:00:00-04:00,15017.27
2022-07-02T09:00:00-04:00,17443.39
2022-07-02T12:00:00-04:00,18490.69
2022-07-02T13:00:00-04:00,18472.22
2022-07-02T14:00:00-04:00,18278.53
2022-07-02T21:00:00-04:00,17510.33
2022-07-02T22:00:00-04:00,17418.92
2022-07-03T00:00:00-04:00,16211.54
2022-07-03T01:00:00-04:00,15525.68
2022-07-03T02:00:00-04:00,15008.57
2022-07-03T05:00:00-04:00,14637.59
2022-07-03T07:00:00-04:00,15031.96
2022-07-03T12:00:00-04:00,17886.02
2022-07-03T16:00:00-04:00,17791.99
2022-07-03T17:00:00-04:00,18104.62
2022-07-03T19:00:00-04:00,18573.94
2022-07-03T20:00:00-04:00,18370.73
2022-07-04T01:00:00-04:00,15589.74
2022-07-04T03:00:00-04:00,15058.87
2022-07-04T07:00:00-04:00,16898.89
2022-07-04T08:00:00-04:00,18194.86
2022-07-04T10:00:00-04:00,19000.1
2022-07-04T17:00:00-04:00,19404.6
2022-07-04T21:00:00-04:00,19244.84
2022-07-05T00:00:00-04:00,16697.11
2022-07-05T03:00:00-04:00,15343.22
2022-07-05T04:00:00-04:00,15309.21
2022-07-05T06:00:00-04:00,15719.35
2022-07-05T11:00:00-04:00,18951.8
2022-07-05T13:00:00-04:00,18976.15
2022-07-05T18:00:00-04:00,19717.85
2022-07-05T23:00:00-04:00,17872.22
2022-07-06T00:00:00-04:00,16925.88
2022-07-06T03:00:00-04:00,15513.87
2022-07-06T05:00:00-04:00,15365.89
2022-07-06T08:00:00-04:00,17939.2
2022-07-06T10:00:00-04:00,18737.24
2022-07-06T16:00:00-04:00,18810.96
2022-07-06T18:00:00-04:00,19462.51
2022-07-06T21:00:00-04:00,18891.88
2022-07-07T02:00:00-04:00,15739.16
2022-07-07T03:00:00-04:00,15381.19
2022-07-07T17:00:00-04:00,19516.07
2022-07-07T18:00:00-04:00,19884.19
2022-07-07T19:00:00-04:00,19766.25
2022-07-07T23:00:00-04:00,18074.83
2022-07-08T01:00:00-04:00,16194.52
2022-07-08T02:00:00-04:00,15733.42
2022-07-08T04:00:00-04:00,15385.7
2022-07-08T06:00:00-04:00,15708.66
2022-07-08T09:00:00-04:00,19038.66
2022-07-08T16:00:00-04:00,19180.39
2022-07-08T23:00:00-04:00,17399.24
2022-07-09T00:00:00-04:00,16589.9
2022-07-09T02:00:00-04:00,15334.14
2022-07-09T05:00:00-04:00,14948.25
2022-07-09T06:00:00-04:00,14984.63
2022-07-09T07:00:00-04:00,15637.54
2022-07-09T08:00:00-04:00,16349.77
2022-07-09T14:00:00-04:00,17677.98
2022-07-09T15:00:00-04:00,17458.42
2022-07-09T22:00:00-04:00,17122.83
2022-07-10T03:00:00-04:00,14911.04
2022-07-10T06:00:00-04:00,14713.88
2022-07-10T08:00:00-04:00,15851.97
2022-07-10T10:00:00-04:00,17572.48
2022-07-10T11:00:00-04:00,17937.23
2022-07-10T13:00:00-04:00,18101.13
2022-07-10T14:00:00-04:00,17956.53
2022-07-10T16:00:00-04:00,18073.98
2022-07-10T17:00:00-04:00,18332.47
2022-07-10T22:00:00-04:00,18154.96
2022-07-11T00:00:00-04:00,16520.79
2022-07-11T09:00:00-04:00,18892.23
2022-07-11T12:00:00-04:00,20028.86
2022-07-11T14:00:00-04:00,20087.05
2022-07-11T22:00:00-04:00,19455.92
2022-07-12T00:00:00-04:00,17356.34
2022-07-12T05:00:00-04:00,15719.95
2022-07-12T08:00:00-04:00,18389.26
2022-07-12T10:00:00-04:00,19398.57
2022-07-12T11:00:00-04:00,19673.4
2022-07-12T17:00:00-04:00,19632.92
2022-07-12T18:00:00-04:00,20090.74
2022-07-12T19:00:00-04:00,19983.88
2022-07-12T20:00:00-04:00,19581.86
2022-07-12T21:00:00-04:00,19164.05
2022-07-13T00:00:00-04:00,16757.54
2022-07-13T03:00:00-04:00,15330.72
2022-07-13T05:00:00-04:00,15289.75
2022-07-13T07:00:00-04:00,16835.04
2022-07-13T10:00:00-04:00,19166.13
2022-07-13T13:00:00-04:00,19571.5
2022-07-13T16:00:00-04:00,19379.34
2022-07-13T17:00:00-04:00,19589.14
2022-07-14T00:00:00-04:00,16799.61
2022-07-14T02:00:00-04:00,15559.24
2022-07-14T08:00:00-04:00,18137.23
2022-07-14T10:00:00-04:00,18925.29
2022-07-14T11:00:00-04:00,19294.1
2022-07-14T14:00:00-04:00,19528.63
2022-07-14T15:00:00-04:00,18881.91
2022-07-14T16:00:00-04:00,19119.05
2022-07-14T18:00:00-04:00,19675.53
2022-07-14T20:00:00-04:00,19486.69
2022-07-14T22:00:00-04:00,18827.26
2022-07-15T00:00:00-04:00,16881.95
2022-07-15T01:00:00-04:00,16174.01
2022-07-15T02:00:00-04:00,15705.52
2022-07-15T04:00:00-04:00,15375.82
2022-07-15T05:00:00-04:00,15419.63
2022-07-15T06:00:00-04:00,15661.38
2022-07-15T08:00:00-04:00,18137.18
2022-07-15T11:00:00-04:00,19090.42
2022-07-15T12:00:00-04:00,19408.06
2022-07-15T13:00:00-04:00,19582.61
2022-07-15T14:00:00-04:00,19508.55
2022-07-15T17:00:00-04:00,19274.3
2022-07-15T21:00:00-04:00,18658.85
2022-07-15T22:00:00-04:00,18364.1
2022-07-15T23:00:00-04:00,17503.76
2022-07-16T00:00:00-04:00,16579.7
2022-07-16T01:00:00-04:00,15763.43
2022-07-16T03:00:00-04:00,15050.09
2022-07-16T05:00:00-04:00,14850.08
2022-07-16T08:00:00-04:00,16269.71
2022-07-16T09:00:00-04:00,17453.31
2022-07-16T10:00:00-04:00,18006.88
2022-07-16T11:00:00-04:00,18550.54
2022-07-16T14:00:00-04:00,18603.67
2022-07-16T18:00:00-04:00,19014.08
2022-07-16T19:00:00-04:00,18975.45
2022-07-16T20:00:00-04:00,18608.47
2022-07-17T02:00:00-04:00,15525.29
2022-07-17T03:00:00-04:00,15325.16
2022-07-17T07:00:00-04:00,15614.07
2022-07-17T17:00:00-04:00,19735.8
2022-07-17T18:00:00-04:00,20184.12
2022-07-18T00:00:00-04:00,17091.66
2022-07-18T01:00:00-04:00,16343.83
2022-07-18T02:00:00-04:00,15796.05
2022-07-18T05:00:00-04:00,15462.41
2022-07-18T08:00:00-04:00,18390.24
2022-07-18T09:00:00-04:00,19183.6
2022-07-18T11:00:00-04:00,20250.8
2022-07-18T12:00:00-04:00,20523.36
2022-07-18T13:00:00-04:00,20554.04
2022-07-18T16:00:00-04:00,20186.79
2022-07-18T21:00:00-04:00,20013.26
2022-07-19T00:00:00-04:00,17291.1
2022-07-19T01:00:00-04:00,16616.43
2022-07-19T03:00:00-04:00,15904.09
2022-07-19T04:00:00-04:00,15677.47
2022-07-19T05:00:00-04:00,15654.11
2022-07-19T12:00:00-04:00,20368.03
2022-07-19T13:00:00-04:00,20516.45
2022-07-19T15:00:00-04:00,20468.78
2022-07-19T19:00:00-04:00,20928.0
2022-07-19T20:00:00-04:00,20501.69
2022-07-20T00:00:00-04:00,17413.41
2022-07-20T05:00:00-04:00,15624.17
2022-07-20T08:00:00-04:00,18417.9
2022-07-20T09:00:00-04:00,19269.04
2022-07-20T10:00:00-04:00,19659.47
2022-07-20T11:00:00-04:00,19833.41
2022-07-20T14:00:00-04:00,20583.76
2022-07-20T18:00:00-04:00,21549.65
2022-07-20T19:00:00-04:00,21287.97
2022-07-20T20:00:00-04:00,20876.32
2022-07-21T00:00:00-04:00,18025.0
2022-07-21T01:00:00-04:00,17228.99
2022-07-21T06:00:00-04:00,16800.61
2022-07-21T08:00:00-04:00,19159.65
2022-07-21T09:00:00-04:00,20130.57
2022-07-21T11:00:00-04:00,20795.42
2022-07-21T13:00:00-04:00,21410.42
2022-07-21T15:00:00-04:00,21125.27
2022-07-21T16:00:00-04:00,21050.02
2022-07-21T17:00:00-04:00,21303.76
2022-07-21T18:00:00-04:00,21457.42
2022-07-21T19:00:00-04:00,21128.85
2022-07-21T21:00:00-04:00,20266.37
2022-07-22T01:00:00-04:00,17078.08
2022-07-22T02:00:00-04:00,16608.21
2022-07-22T03:00:00-04:00,16278.68
2022-07-22T07:00:00-04:00,17334.44
2022-07-22T13:00:00-04:00,20656.18
2022-07-23T01:00:00-04:00,16395.81
2022-07-23T02:00:00-04:00,15946.2
2022-07-23T03:00:00-04:00,15647.87
2022-07-23T06:00:00-04:00,15439.76
2022-07-23T07:00:00-04:00,15892.99
2022-07-23T08:00:00-04:00,16740.42
2022-07-23T11:00:00-04:00,19276.91
2022-07-23T14:00:00-04:00,19656.02
2022-07-23T15:00:00-04:00,19497.15
2022-07-23T16:00:00-04:00,19527.83
2022-07-23T17:00:00-04:00,19796.14
2022-07-23T20:00:00-04:00,18997.8
2022-07-24T00:00:00-04:00,17135.37
2022-07-24T01:00:00-04:00,16577.46
2022-07-24T03:00:00-04:00,15666.66
2022-07-24T12:00:00-04:00,19499.91
2022-07-24T15:00:00-04:00,19555.52
2022-07-24T17:00:00-04:00,19839.18
2022-07-24T18:00:00-04:00,20076.15
2022-07-24T23:00:00-04:00,17934.67
2022-07-25T01:00:00-04:00,16423.02
2022-07-25T04:00:00-04:00,15716.97
2022-07-25T13:00:00-04:00,20022.71
2022-07-25T19:00:00-04:00,19612.72
2022-07-25T20:00:00-04:00,19163.44
2022-07-25T22:00:00-04:00,18466.85
2022-07-25T23:00:00-04:00,17580.65
2022-07-26T01:00:00-04:00,15861.59
2022-07-26T03:00:00-04:00,15287.06
2022-07-26T04:00:00-04:00,15266.26
2022-07-26T08:00:00-04:00,17577.19
2022-07-26T13:00:00-04:00,19155.62
2022-07-26T15:00:00-04:00,18987.76
2022-07-26T17:00:00-04:00,18944.43
2022-07-26T20:00:00-04:00,18976.75
2022-07-26T21:00:00-04:00,18848.07
2022-07-27T00:00:00-04:00,16727.04
2022-07-27T01:00:00-04:00,16054.24
2022-07-27T05:00:00-04:00,15177.67
2022-07-27T07:00:00-04:00,16452.63
2022-07-27T09:00:00-04:00,18431.38
2022-07-27T14:00:00-04:00,19501.03
2022-07-27T15:00:00-04:00,19370.93
2022-07-27T20:00:00-04:00,19259.37
2022-07-27T21:00:00-04:00,19132.93
2022-07-27T23:00:00-04:00,17959.72
2022-07-28T01:00:00-04:00,16145.34
2022-07-28T07:00:00-04:00,16645.97
2022-07-28T09:00:00-04:00,18706.04
2022-07-28T14:00:00-04:00,20390.41
2022-07-28T21:00:00-04:00,19329.22
2022-07-28T23:00:00-04:00,18028.3
2022-07-29T02:00:00-04:00,15969.14
2022-07-29T07:00:00-04:00,16628.99
2022-07-29T11:00:00-04:00,19117.37
2022-07-29T12:00:00-04:00,19336.38
2022-07-29T22:00:00-04:00,18187.99
2022-07-30T03:00:00-04:00,15238.17
2022-07-30T04:00:00-04:00,14990.66
2022-07-30T05:00:00-04:00,14829.86
2022-07-30T14:00:00-04:00,17573.54
2022-07-30T16:00:00-04:00,17374.46
2022-07-30T19:00:00-04:00,17685.03
2022-07-30T20:00:00-04:00,17447.19
2022-07-30T22:00:00-04:00,17214.21
2022-07-31T02:00:00-04:00,15214.96
2022-07-31T05:00:00-04:00,14622.99
2022-07-31T08:00:00-04:00,15759.7
2022-07-31T09:00:00-04:00,16681.07
2022-07-31T11:00:00-04:00,18052.19
2022-07-31T15:00:00-04:00,18023.39
2022-08-01T00:00:00-04:00,16338.37
2022-08-01T01:00:00-04:00,15837.16
2022-08-01T05:00:00-04:00,15077.84
2022-08-01T12:00:00-04:00,20219.01
2022-08-01T13:00:00-04:00,20409.98
2022-08-01T14:00:00-04:00,20355.21
2022-08-02T02:00:00-04:00,15978.06
2022-08-02T05:00:00-04:00,15480.0
2022-08-02T11:00:00-04:00,19227.94
2022-08-02T13:00:00-04:00,19773.29
2022-08-02T16:00:00-04:00,19382.82
2022-08-02T18:00:00-04:00,20261.12
2022-08-02T19:00:00-04:00,19890.21
2022-08-02T20:00:00-04:00,19320.52
2022-08-02T22:00:00-04:00,18512.23
2022-08-02T23:00:00-04:00,17546.54
2022-08-03T03:00:00-04:00,15227.89
2022-08-03T04:00:00-04:00,15015.45
2022-08-03T08:00:00-04:00,17200.65
2022-08-03T09:00:00-04:00,18125.47
2022-08-03T10:00:00-04:00,18555.65
2022-08-03T11:00:00-04:00,18649.17
2022-08-03T12:00:00-04:00,18788.95
2022-08-03T13:00:00-04:00,19023.38
2022-08-03T15:00:00-04:00,18903.84
2022-08-03T17:00:00-04:00,19387.05
2022-08-03T22:00:00-04:00,18749.08
2022-08-04T03:00:00-04:00,15633.17
2022-08-04T04:00:00-04:00,15465.73
2022-08-04T13:00:00-04:00,19757.44
2022-08-04T14:00:00-04:00,19605.14
2022-08-04T16:00:00-04:00,19510.57
2022-08-04T17:00:00-04:00,19847.48
2022-08-04T19:00:00-04:00,20170.59
2022-08-04T21:00:00-04:00,19968.16
2022-08-05T00:00:00-04:00,17499.46
2022-08-05T01:00:00-04:00,16717.61
2022-08-05T06:00:00-04:00,16042.15
2022-08-05T07:00:00-04:00,16709.92
2022-08-05T11:00:00-04:00,19445.97
2022-08-05T14:00:00-04:00,19895.94
2022-08-05T21:00:00-04:00,19283.94
2022-08-05T22:00:00-04:00,18811.36
2022-08-06T01:00:00-04:00,16342.44
2022-08-06T03:00:00-04:00,15531.66
2022-08-06T04:00:00-04:00,15374.44
2022-08-06T06:00:00-04:00,15426.43
2022-08-06T08:00:00-04:00,16612.61
2022-08-06T10:00:00-04:00,18564.32
2022-08-06T12:00:00-04:00,19241.68
2022-08-06T14:00:00-04:00,19662.47
2022-08-06T15:00:00-04:00,19577.87
2022-08-06T16:00:00-04:00,19731.42
2022-08-06T17:00:00-04:00,19959.14
2022-08-07T06:00:00-04:00,15903.63
2022-08-07T09:00:00-04:00,18049.65
2022-08-07T12:00:00-04:00,20314.9
2022-08-07T16:00:00-04:00,19793.68
2022-08-07T17:00:00-04:00,20085.8
2022-08-07T18:00:00-04:00,20204.14
2022-08-07T19:00:00-04:00,20070.18
2022-08-07T23:00:00-04:00,17729.5
2022-08-08T00:00:00-04:00,16793.92
2022-08-08T04:00:00-04:00,15538.77
2022-08-08T06:00:00-04:00,16002.35
2022-08-08T08:00:00-04:00,17836.62
2022-08-08T09:00:00-04:00,18544.05
2022-08-08T11:00:00-04:00,19271.87
2022-08-08T14:00:00-04:00,19190.9
2022-08-08T15:00:00-04:00,18841.62
2022-08-08T16:00:00-04:00,18810.75
2022-08-08T19:00:00-04:00,19503.94
2022-08-09T01:00:00-04:00,16005.21
2022-08-09T04:00:00-04:00,15250.56
2022-08-09T05:00:00-04:00,15279.66
2022-08-09T11:00:00-04:00,18501.99
2022-08-09T12:00:00-04:00,18593.18
2022-08-09T15:00:00-04:00,18392.86
2022-08-09T16:00:00-04:00,18332.13
2022-08-09T23:00:00-04:00,17154.34
2022-08-10T05:00:00-04:00,14970.67
2022-08-10T07:00:00-04:00,16284.95
2022-08-10T14:00:00-04:00,18866.75
2022-08-10T15:00:00-04:00,18730.64
2022-08-10T17:00:00-04:00,19262.08
2022-08-10T18:00:00-04:00,19601.65
2022-08-10T23:00:00-04:00,17607.86
2022-08-11T00:00:00-04:00,16693.73
2022-08-11T01:00:00-04:00,15976.86
2022-08-11T03:00:00-04:00,15295.69
2022-08-11T04:00:00-04:00,15153.84
2022-08-11T08:00:00-04:00,17736.1
2022-08-11T11:00:00-04:00,19134.78
2022-08-11T13:00:00-04:00,19686.63
2022-08-11T14:00:00-04:00,19665.86
2022-08-12T00:00:00-04:00,16539.34
2022-08-12T09:00:00-04:00,18297.21
2022-08-12T19:00:00-04:00,18508.74
2022-08-13T00:00:00-04:00,16241.22
2022-08-13T02:00:00-04:00,15172.06
2022-08-13T07:00:00-04:00,15455.71
2022-08-13T08:00:00-04:00,16136.89
2022-08-13T10:00:00-04:00,17705.68
2022-08-13T13:00:00-04:00,18065.74
2022-08-13T16:00:00-04:00,17865.8
2022-08-13T21:00:00-04:00,17581.87
2022-08-14T01:00:00-04:00,15202.5
2022-08-14T02:00:00-04:00,14818.78
2022-08-14T06:00:00-04:00,14654.07
2022-08-14T08:00:00-04:00,15737.0
2022-08-14T13:00:00-04:00,18222.13
2022-08-14T17:00:00-04:00,18452.7
2022-08-14T18:00:00-04:00,18830.06
2022-08-14T20:00:00-04:00,18556.23
2022-08-14T23:00:00-04:00,16998.18
2022-08-15T05:00:00-04:00,14873.24
2022-08-15T07:00:00-04:00,16412.07
2022-08-15T08:00:00-04:00,17886.18
2022-08-15T12:00:00-04:00,19865.44
2022-08-15T14:00:00-04:00,19769.95
2022-08-15T21:00:00-04:00,19620.08
2022-08-15T23:00:00-04:00,17927.97
2022-08-16T01:00:00-04:00,16210.89
2022-08-16T05:00:00-04:00,15290.26
2022-08-16T07:00:00-04:00,16738.3
2022-08-16T13:00:00-04:00,20200.4
2022-08-16T18:00:00-04:00,20373.29
2022-08-17T01:00:00-04:00,15999.7
2022-08-17T09:00:00-04:00,18549.31
2022-08-17T13:00:00-04:00,19509.11
2022-08-17T14:00:00-04:00,19716.1
2022-08-17T19:00:00-04:00,19793.93
2022-08-17T20:00:00-04:00,19594.14
2022-08-17T22:00:00-04:00,18599.6
2022-08-18T00:00:00-04:00,16654.54
2022-08-18T02:00:00-04:00,15545.74
2022-08-18T03:00:00-04:00,15269.05
2022-08-18T08:00:00-04:00,17965.85
2022-08-18T11:00:00-04:00,19271.52
2022-08-18T13:00:00-04:00,19502.21
2022-08-18T16:00:00-04:00,19188.32
2022-08-18T17:00:00-04:00,19457.3
2022-08-18T18:00:00-04:00,19819.82
2022-08-18T22:00:00-04:00,18684.41
2022-08-18T23:00:00-04:00,17776.52
2022-08-19T00:00:00-04:00,16821.81
2022-08-19T10:00:00-04:00,19128.76
2022-08-19T15:00:00-04:00,19955.14
2022-08-19T19:00:00-04:00,19916.07
2022-08-19T22:00:00-04:00,18504.62
2022-08-20T04:00:00-04:00,15099.96
2022-08-20T09:00:00-04:00,17419.6
2022-08-20T11:00:00-04:00,18984.64
2022-08-20T17:00:00-04:00,19441.62
2022-08-21T11:00:00-04:00,18995.87
2022-08-21T13:00:00-04:00,19866.01
2022-08-21T18:00:00-04:00,19296.52
2022-08-21T19:00:00-04:00,19169.87
2022-08-21T21:00:00-04:00,18853.36
2022-08-21T22:00:00-04:00,18149.44
2022-08-22T00:00:00-04:00,16432.9
2022-08-22T02:00:00-04:00,15598.47
2022-08-22T03:00:00-04:00,15402.74
2022-08-22T05:00:00-04:00,15317.81
2022-08-22T09:00:00-04:00,19070.86
2022-08-22T16:00:00-04:00,20470.74
2022-08-22T18:00:00-04:00,20882.96
2022-08-22T22:00:00-04:00,19369.16
2022-08-23T03:00:00-04:00,15888.15
2022-08-23T05:00:00-04:00,15802.67
2022-08-23T10:00:00-04:00,19206.95
2022-08-23T15:00:00-04:00,19722.79
2022-08-23T16:00:00-04:00,19668.02
2022-08-23T21:00:00-04:00,19894.48
2022-08-24T02:00:00-04:00,16072.39
2022-08-24T07:00:00-04:00,16987.68
2022-08-24T11:00:00-04:00,20118.23
2022-08-24T13:00:00-04:00,20370.17
2022-08-24T20:00:00-04:00,20251.48
2022-08-24T22:00:00-04:00,19422.06
2022-08-25T04:00:00-04:00,15551.37
2022-08-25T06:00:00-04:00,16013.64
2022-08-25T12:00:00-04:00,19743.9
2022-08-25T13:00:00-04:00,19664.85
2022-08-25T18:00:00-04:00,19569.02
2022-08-25T19:00:00-04:00,19440.97
2022-08-25T21:00:00-04:00,19299.5
2022-08-26T00:00:00-04:00,16519.91
2022-08-26T02:00:00-04:00,15519.29
2022-08-26T03:00:00-04:00,15083.93
2022-08-26T20:00:00-04:00,18857.5
2022-08-26T22:00:00-04:00,17926.66
2022-08-26T23:00:00-04:00,17133.83
2022-08-27T01:00:00-04:00,15601.14
2022-08-27T02:00:00-04:00,15244.08
2022-08-27T06:00:00-04:00,15010.89
2022-08-27T07:00:00-04:00,15385.45
2022-08-27T16:00:00-04:00,17463.19
2022-08-27T20:00:00-04:00,17738.23
2022-08-28T03:00:00-04:00,15018.79
2022-08-28T10:00:00-04:00,17799.12
2022-08-28T11:00:00-04:00,18198.33
2022-08-28T12:00:00-04:00,18392.74
2022-08-28T13:00:00-04:00,18485.77
2022-08-28T14:00:00-04:00,18384.94
2022-08-28T18:00:00-04:00,19339.75
2022-08-29T01:00:00-04:00,15821.92
2022-08-29T02:00:00-04:00,15454.86
2022-08-29T04:00:00-04:00,15187.18
2022-08-29T06:00:00-04:00,15927.93
2022-08-29T08:00:00-04:00,18573.34
2022-08-29T15:00:00-04:00,21316.76
2022-08-29T16:00:00-04:00,21476.15
2022-08-29T17:00:00-04:00,21930.54
2022-08-29T21:00:00-04:00,21329.13
2022-08-29T22:00:00-04:00,20338.13
2022-08-30T00:00:00-04:00,17917.2
2022-08-30T02:00:00-04:00,16617.08
2022-08-30T07:00:00-04:00,17766.44
2022-08-30T10:00:00-04:00,20132.1
2022-08-30T14:00:00-04:00,21183.91
2022-08-30T18:00:00-04:00,21372.12
2022-08-31T01:00:00-04:00,16678.0
2022-08-31T02:00:00-04:00,16147.52
2022-08-31T06:00:00-04:00,16022.26
2022-08-31T09:00:00-04:00,18966.16
2022-08-31T11:00:00-04:00,19039.94
2022-08-31T14:00:00-04:00,19271.02
2022-08-31T22:00:00-04:00,18436.62
2022-09-01T02:00:00-04:00,15318.35
2022-09-01T06:00:00-04:00,15645.29
2022-09-01T07:00:00-04:00,17020.41
2022-09-01T08:00:00-04:00,18267.45
2022-09-01T09:00:00-04:00,18567.45
2022-09-01T12:00:00-04:00,18798.91
2022-09-01T14:00:00-04:00,18568.63
2022-09-01T16:00:00-04:00,18264.43
2022-09-01T23:00:00-04:00,17197.49
2022-09-02T00:00:00-04:00,16286.25
2022-09-02T01:00:00-04:00,15587.06
2022-09-02T03:00:00-04:00,15148.1
2022-09-02T04:00:00-04:00,15087.56
2022-09-02T05:00:00-04:00,15300.32
2022-09-02T06:00:00-04:00,15869.2
2022-09-02T07:00:00-04:00,17132.12
2022-09-02T11:00:00-04:00,18773.51
2022-09-02T14:00:00-04:00,18684.87
2022-09-02T15:00:00-04:00,18645.36
2022-09-02T19:00:00-04:00,19095.96
2022-09-02T23:00:00-04:00,17363.32
2022-09-03T03:00:00-04:00,15112.11
2022-09-03T05:00:00-04:00,14910.97
2022-09-03T06:00:00-04:00,15128.57
2022-09-03T11:00:00-04:00,18173.45
2022-09-03T20:00:00-04:00,18490.67
2022-09-03T21:00:00-04:00,18127.31
2022-09-03T22:00:00-04:00,17508.38
2022-09-03T23:00:00-04:00,16898.43
2022-09-04T06:00:00-04:00,14791.48
2022-09-04T12:00:00-04:00,17528.69
2022-09-04T15:00:00-04:00,17085.3
2022-09-04T16:00:00-04:00,17044.69
2022-09-04T17:00:00-04:00,17356.96
2022-09-04T18:00:00-04:00,17746.07
2022-09-04T23:00:00-04:00,16140.85
2022-09-05T01:00:00-04:00,14987.61
2022-09-05T02:00:00-04:00,14657.81
2022-09-05T03:00:00-04:00,14502.52
2022-09-05T10:00:00-04:00,17237.26
2022-09-05T11:00:00-04:00,17648.23
2022-09-05T13:00:00-04:00,17890.78
2022-09-05T16:00:00-04:00,17492.78
2022-09-05T18:00:00-04:00,18608.88
2022-09-05T19:00:00-04:00,18570.61
2022-09-05T21:00:00-04:00,18360.28
2022-09-05T22:00:00-04:00,17438.81
2022-09-05T23:00:00-04:00,16482.17
2022-09-06T01:00:00-04:00,15007.73
2022-09-06T03:00:00-04:00,14519.76
2022-09-06T05:00:00-04:00,14784.19
2022-09-06T07:00:00-04:00,17028.54
2022-09-06T08:00:00-04:00,18300.81
2022-09-06T10:00:00-04:00,18763.24
2022-09-06T11:00:00-04:00,18788.72
2022-09-06T12:00:00-04:00,18786.23
2022-09-06T16:00:00-04:00,18596.33
2022-09-06T17:00:00-04:00,18902.21
2022-09-06T18:00:00-04:00,19482.08
2022-09-06T20:00:00-04:00,19542.33
2022-09-07T00:00:00-04:00,16161.62
2022-09-07T09:00:00-04:00,18483.36
2022-09-07T10:00:00-04:00,18656.69
2022-09-07T12:00:00-04:00,19049.0
2022-09-07T16:00:00-04:00,18990.36
2022-09-07T17:00:00-04:00,19493.85
2022-09-07T20:00:00-04:00,19887.34
2022-09-07T21:00:00-04:00,19489.22
2022-09-08T00:00:00-04:00,16343.87
2022-09-08T02:00:00-04:00,15391.47
2022-09-08T06:00:00-04:00,15642.93
2022-09-08T08:00:00-04:00,18305.84
2022-09-08T11:00:00-04:00,19062.94
2022-09-08T16:00:00-04:00,19404.16
2022-09-08T18:00:00-04:00,20492.44
2022-09-08T22:00:00-04:00,19177.05
2022-09-09T02:00:00-04:00,15598.1
2022-09-09T05:00:00-04:00,15386.01
2022-09-09T06:00:00-04:00,15952.91
2022-09-09T07:00:00-04:00,17299.54
2022-09-09T11:00:00-04:00,19416.8
2022-09-09T13:00:00-04:00,19681.2
2022-09-09T15:00:00-04:00,19604.09
2022-09-09T17:00:00-04:00,19664.56
2022-09-09T19:00:00-04:00,19711.5
2022-09-09T20:00:00-04:00,19502.32
2022-09-10T00:00:00-04:00,16690.23
2022-09-10T06:00:00-04:00,15224.16
2022-09-10T09:00:00-04:00,17517.74
2022-09-10T12:00:00-04:00,19076.7
2022-09-10T13:00:00-04:00,19325.58
2022-09-10T19:00:00-04:00,19175.73
2022-09-10T20:00:00-04:00,18898.22
2022-09-10T21:00:00-04:00,18570.83
2022-09-11T02:00:00-04:00,15526.69
2022-09-11T04:00:00-04:00,15059.32
2022-09-11T05:00:00-04:00,14956.59
2022-09-11T06:00:00-04:00,15083.2
2022-09-11T13:00:00-04:00,19326.29
2022-09-11T16:00:00-04:00,19218.92
2022-09-11T17:00:00-04:00,19582.5
2022-09-11T19:00:00-04:00,19952.84
2022-09-11T20:00:00-04:00,19821.43
2022-09-12T01:00:00-04:00,15890.89
2022-09-12T03:00:00-04:00,15093.68
2022-09-12T04:00:00-04:00,15063.3
2022-09-12T05:00:00-04:00,15140.29
2022-09-12T08:00:00-04:00,18575.11
2022-09-12T18:00:00-04:00,21135.29
2022-09-12T19:00:00-04:00,20881.89
2022-09-13T02:00:00-04:00,15688.87
2022-09-13T05:00:00-04:00,15281.55
2022-09-13T07:00:00-04:00,17092.67
2022-09-13T11:00:00-04:00,18877.38
2022-09-13T16:00:00-04:00,19058.45
2022-09-13T18:00:00-04:00,20301.99
2022-09-13T19:00:00-04:00,20235.25
2022-09-14T00:00:00-04:00,16378.18
2022-09-14T04:00:00-04:00,15122.98
2022-09-14T05:00:00-04:00,15211.19
2022-09-14T08:00:00-04:00,18313.59
2022-09-14T14:00:00-04:00,18741.35
2022-09-14T16:00:00-04:00,18606.31
2022-09-14T22:00:00-04:00,17865.98
2022-09-15T07:00:00-04:00,16737.8
2022-09-15T14:00:00-04:00,18111.93
2022-09-15T15:00:00-04:00,17842.53
2022-09-15T17:00:00-04:00,18232.05
2022-09-15T19:00:00-04:00,18949.14
2022-09-15T20:00:00-04:00,19188.01
2022-09-16T03:00:00-04:00,14811.99
2022-09-16T05:00:00-04:00,14849.83
2022-09-16T09:00:00-04:00,18517.31
2022-09-16T10:00:00-04:00,18485.42
2022-09-16T11:00:00-04:00,18623.94
2022-09-16T17:00:00-04:00,17997.92
2022-09-16T18:00:00-04:00,18301.54
2022-09-16T23:00:00-04:00,16567.04
2022-09-17T04:00:00-04:00,14982.77
2022-09-17T05:00:00-04:00,15033.67
2022-09-17T06:00:00-04:00,15375.07
2022-09-17T07:00:00-04:00,15962.38
2022-09-17T08:00:00-04:00,16838.7
2022-09-17T10:00:00-04:00,17662.43
2022-09-17T15:00:00-04:00,17154.44
2022-09-18T00:00:00-04:00,15409.88
2022-09-18T02:00:00-04:00,14571.6
2022-09-18T06:00:00-04:00,14451.66
2022-09-18T07:00:00-04:00,14872.8
2022-09-18T10:00:00-04:00,17087.64
2022-09-18T14:00:00-04:00,17882.94
2022-09-18T16:00:00-04:00,17726.5
2022-09-18T18:00:00-04:00,19079.19
2022-09-19T00:00:00-04:00,15441.02
2022-09-19T10:00:00-04:00,19307.32
2022-09-19T14:00:00-04:00,19219.67
2022-09-19T16:00:00-04:00,19220.64
2022-09-19T19:00:00-04:00,20454.28
2022-09-20T00:00:00-04:00,16285.38
2022-09-20T04:00:00-04:00,15174.56
2022-09-20T07:00:00-04:00,17428.18
2022-09-20T08:00:00-04:00,18644.42
2022-09-20T09:00:00-04:00,18862.31
2022-09-20T14:00:00-04:00,18472.21
2022-09-20T15:00:00-04:00,18118.53
2022-09-20T20:00:00-04:00,19691.65
2022-09-21T03:00:00-04:00,14945.37
2022-09-21T06:00:00-04:00,15996.69
2022-09-21T13:00:00-04:00,18676.1
2022-09-21T14:00:00-04:00,18672.26
2022-09-21T16:00:00-04:00,18419.48
2022-09-21T18:00:00-04:00,19634.53
2022-09-21T20:00:00-04:00,19694.39
2022-09-21T23:00:00-04:00,17083.9
2022-09-22T02:00:00-04:00,15321.69
2022-09-22T05:00:00-04:00,14951.66
2022-09-22T07:00:00-04:00,16995.22
2022-09-22T08:00:00-04:00,18314.5
2022-09-22T14:00:00-04:00,18336.48
2022-09-22T15:00:00-04:00,18162.62
2022-09-22T17:00:00-04:00,18593.07
2022-09-23T01:00:00-04:00,15822.42
2022-09-23T06:00:00-04:00,16363.1
2022-09-23T10:00:00-04:00,19429.23
2022-09-23T17:00:00-04:00,18398.29
2022-09-23T19:00:00-04:00,18960.9
2022-09-23T21:00:00-04:00,18797.51
2022-09-23T22:00:00-04:00,18295.76
2022-09-24T06:00:00-04:00,16385.91
2022-09-24T12:00:00-04:00,18207.63
2022-09-24T15:00:00-04:00,17046.05
2022-09-24T17:00:00-04:00,17204.96
2022-09-24T23:00:00-04:00,16409.73
2022-09-25T00:00:00-04:00,15673.87
2022-09-25T03:00:00-04:00,14937.33
2022-09-25T05:00:00-04:00,14987.03
2022-09-25T09:00:00-04:00,17426.68
2022-09-25T11:00:00-04:00,17954.16
2022-09-25T15:00:00-04:00,17325.98
2022-09-25T18:00:00-04:00,18638.8
2022-09-25T21:00:00-04:00,17973.66
2022-09-25T23:00:00-04:00,16303.06
2022-09-26T00:00:00-04:00,15568.91
2022-09-26T04:00:00-04:00,14833.0
2022-09-26T09:00:00-04:00,18853.11
2022-09-26T11:00:00-04:00,19073.73
2022-09-26T13:00:00-04:00,19065.92
2022-09-26T18:00:00-04:00,19890.1
2022-09-26T22:00:00-04:00,18141.91
2022-09-27T05:00:00-04:00,15127.32
2022-09-27T12:00:00-04:00,18761.05
2022-09-27T15:00:00-04:00,18244.44
2022-09-27T19:00:00-04:00,19411.65
2022-09-28T08:00:00-04:00,18584.47
2022-09-28T10:00:00-04:00,18526.92
2022-09-28T11:00:00-04:00,18415.51
2022-09-28T15:00:00-04:00,17821.38
2022-09-28T16:00:00-04:00,17845.71
2022-09-28T20:00:00-04:00,19384.37
2022-09-28T22:00:00-04:00,18013.29
2022-09-29T02:00:00-04:00,15331.16
2022-09-29T03:00:00-04:00,15236.92
2022-09-29T05:00:00-04:00,15629.11
2022-09-29T11:00:00-04:00,18876.82
2022-09-29T15:00:00-04:00,17982.77
2022-09-29T16:00:00-04:00,17952.08
2022-09-29T19:00:00-04:00,19561.4
2022-09-30T01:00:00-04:00,16184.25
2022-09-30T02:00:00-04:00,16162.82
2022-09-30T06:00:00-04:00,17422.72
2022-09-30T08:00:00-04:00,20311.22
2022-09-30T09:00:00-04:00,20097.07
2022-09-30T10:00:00-04:00,19591.55
2022-09-30T16:00:00-04:00,17725.68
2022-09-30T17:00:00-04:00,18062.6
2022-09-30T18:00:00-04:00,18628.34
2022-09-30T21:00:00-04:00,18211.17
2022-09-30T22:00:00-04:00,17580.87
2022-09-30T23:00:00-04:00,16790.04
2022-10-01T03:00:00-04:00,15249.1
2022-10-01T07:00:00-04:00,16522.12
2022-10-01T09:00:00-04:00,18098.23
2022-10-01T10:00:00-04:00,18349.53
2022-10-01T12:00:00-04:00,18263.8
2022-10-01T16:00:00-04:00,16962.31
2022-10-01T17:00:00-04:00,17358.49
2022-10-01T19:00:00-04:00,18216.15
2022-10-01T21:00:00-04:00,17642.24
2022-10-01T22:00:00-04:00,17173.2
2022-10-02T00:00:00-04:00,16082.25
2022-10-02T01:00:00-04:00,15817.49
2022-10-02T02:00:00-04:00,15785.81
2022-10-02T03:00:00-04:00,15827.77
2022-10-02T08:00:00-04:00,18328.89
2022-10-02T11:00:00-04:00,18795.63
2022-10-02T12:00:00-04:00,18699.22
2022-10-02T18:00:00-04:00,18914.99
2022-10-02T20:00:00-04:00,19628.07
2022-10-02T21:00:00-04:00,19018.2
2022-10-02T22:00:00-04:00,18421.43
2022-10-03T00:00:00-04:00,17065.8
2022-10-03T03:00:00-04:00,16973.33
2022-10-03T04:00:00-04:00,17120.95
2022-10-03T06:00:00-04:00,18719.27
2022-10-03T10:00:00-04:00,20941.53
2022-10-03T11:00:00-04:00,20476.34
2022-10-03T15:00:00-04:00,18841.63
2022-10-03T18:00:00-04:00,19627.16
2022-10-03T20:00:00-04:00,20300.56
2022-10-04T00:00:00-04:00,17273.88
2022-10-04T01:00:00-04:00,16979.81
2022-10-04T02:00:00-04:00,16876.25
2022-10-04T03:00:00-04:00,16927.6
2022-10-04T04:00:00-04:00,17095.02
2022-10-04T05:00:00-04:00,17461.08
2022-10-04T11:00:00-04:00,19763.03
2022-10-04T15:00:00-04:00,18431.77
2022-10-04T16:00:00-04:00,18376.99
2022-10-04T17:00:00-04:00,18696.55
2022-10-04T18:00:00-04:00,19399.81
2022-10-04T20:00:00-04:00,19823.87
2022-10-04T22:00:00-04:00,18395.54
2022-10-04T23:00:00-04:00,17458.65
2022-10-05T01:00:00-04:00,16106.89
2022-10-05T03:00:00-04:00,16044.61
2022-10-05T04:00:00-04:00,16135.02
2022-10-05T09:00:00-04:00,20496.13
2022-10-05T13:00:00-04:00,18947.6
2022-10-05T16:00:00-04:00,18263.16
2022-10-05T18:00:00-04:00,19237.92
2022-10-05T19:00:00-04:00,19618.13
2022-10-05T23:00:00-04:00,17025.01
2022-10-06T02:00:00-04:00,15399.65
2022-10-06T05:00:00-04:00,15539.03
2022-10-06T11:00:00-04:00,18808.35
2022-10-06T12:00:00-04:00,18574.52
2022-10-06T13:00:00-04:00,18401.63
2022-10-06T14:00:00-04:00,18357.57
2022-10-06T18:00:00-04:00,19106.28
2022-10-06T19:00:00-04:00,19578.01
2022-10-06T21:00:00-04:00,18929.27
2022-10-07T03:00:00-04:00,15154.16
2022-10-07T05:00:00-04:00,15086.07
2022-10-07T10:00:00-04:00,19136.52
2022-10-07T14:00:00-04:00,19074.33
2022-10-07T18:00:00-04:00,19615.8
2022-10-07T22:00:00-04:00,18469.32
2022-10-08T06:00:00-04:00,17556.93
2022-10-08T13:00:00-04:00,20207.09
2022-10-08T14:00:00-04:00,19598.4
2022-10-08T17:00:00-04:00,19366.17
2022-10-08T20:00:00-04:00,20170.31
2022-10-08T22:00:00-04:00,19087.32
2022-10-09T02:00:00-04:00,17352.66
2022-10-09T03:00:00-04:00,17264.5
2022-10-09T04:00:00-04:00,17185.9
2022-10-09T08:00:00-04:00,18811.55
2022-10-09T17:00:00-04:00,18632.66
2022-10-09T18:00:00-04:00,18891.18
2022-10-10T01:00:00-04:00,17913.05
2022-10-10T02:00:00-04:00,17953.59
2022-10-10T04:00:00-04:00,18033.44
2022-10-10T08:00:00-04:00,20440.04
2022-10-10T15:00:00-04:00,18717.33
2022-10-10T18:00:00-04:00,20199.55
2022-10-10T21:00:00-04:00,20314.44
2022-10-11T01:00:00-04:00,17864.62
2022-10-11T02:00:00-04:00,17898.6
2022-10-11T06:00:00-04:00,19839.06
2022-10-11T11:00:00-04:00,20825.23
2022-10-11T12:00:00-04:00,20366.93
2022-10-11T16:00:00-04:00,18759.91
2022-10-12T01:00:00-04:00,17046.1
2022-10-12T09:00:00-04:00,21028.23
2022-10-12T13:00:00-04:00,19151.93
2022-10-12T17:00:00-04:00,19199.02
2022-10-12T19:00:00-04:00,20350.8
2022-10-12T22:00:00-04:00,18503.16
2022-10-13T00:00:00-04:00,16285.62
2022-10-13T02:00:00-04:00,15673.5
2022-10-13T04:00:00-04:00,15604.71
2022-10-13T06:00:00-04:00,16405.16
2022-10-13T09:00:00-04:00,19392.65
2022-10-13T16:00:00-04:00,19104.26
2022-10-13T17:00:00-04:00,19576.07
2022-10-13T19:00:00-04:00,20245.85
2022-10-13T22:00:00-04:00,18222.45
2022-10-13T23:00:00-04:00,17392.49
2022-10-14T03:00:00-04:00,15608.94
2022-10-14T09:00:00-04:00,19841.65
2022-10-14T13:00:00-04:00,19272.52
2022-10-14T14:00:00-04:00,18999.48
2022-10-14T15:00:00-04:00,18678.15
2022-10-14T18:00:00-04:00,19154.74
2022-10-14T22:00:00-04:00,18054.13
2022-10-15T00:00:00-04:00,16719.89
2022-10-15T05:00:00-04:00,16239.18
2022-10-15T07:00:00-04:00,17548.57
2022-10-15T08:00:00-04:00,18438.94
2022-10-15T09:00:00-04:00,19051.42
2022-10-16T00:00:00-04:00,16122.93
2022-10-16T01:00:00-04:00,15825.24
2022-10-16T02:00:00-04:00,15552.34
2022-10-16T03:00:00-04:00,15508.23
2022-10-16T04:00:00-04:00,15688.5
2022-10-16T05:00:00-04:00,15873.74
2022-10-16T06:00:00-04:00,16407.96
2022-10-16T11:00:00-04:00,18467.98
2022-10-16T16:00:00-04:00,17633.79
2022-10-16T20:00:00-04:00,19489.24
2022-10-16T21:00:00-04:00,18741.66
2022-10-16T22:00:00-04:00,17710.26
2022-10-16T23:00:00-04:00,17201.06
2022-10-17T01:00:00-04:00,15949.74
2022-10-17T06:00:00-04:00,17287.42
2022-10-17T11:00:00-04:00,19738.74
2022-10-17T14:00:00-04:00,19092.32
2022-10-17T17:00:00-04:00,19825.34
2022-10-17T20:00:00-04:00,20337.75
2022-10-17T21:00:00-04:00,19535.38
2022-10-18T03:00:00-04:00,15971.89
2022-10-18T10:00:00-04:00,20120.94
2022-10-18T12:00:00-04:00,19829.15
2022-10-18T14:00:00-04:00,19404.23
2022-10-18T18:00:00-04:00,20645.51
2022-10-18T20:00:00-04:00,20526.4
2022-10-18T22:00:00-04:00,19268.84
2022-10-19T00:00:00-04:00,17764.78
2022-10-19T01:00:00-04:00,17354.21
2022-10-19T04:00:00-04:00,17333.84
2022-10-19T05:00:00-04:00,17527.99
2022-10-19T06:00:00-04:00,18358.97
2022-10-19T08:00:00-04:00,21484.55
2022-10-19T15:00:00-04:00,19286.07
2022-10-19T20:00:00-04:00,21288.26
2022-10-19T21:00:00-04:00,20726.94
2022-10-19T23:00:00-04:00,19054.44
2022-10-20T02:00:00-04:00,17559.91
2022-10-20T08:00:00-04:00,21850.47
2022-10-20T11:00:00-04:00,21367.55
2022-10-20T12:00:00-04:00,21333.42
2022-10-20T16:00:00-04:00,20868.69
2022-10-20T19:00:00-04:00,22796.88
2022-10-20T21:00:00-04:00,21555.72
2022-10-21T00:00:00-04:00,18896.01
2022-10-21T01:00:00-04:00,18435.87
2022-10-21T03:00:00-04:00,18105.64
2022-10-21T07:00:00-04:00,21081.28
2022-10-21T10:00:00-04:00,21197.06
2022-10-21T11:00:00-04:00,20695.92
2022-10-21T14:00:00-04:00,19325.86
2022-10-21T22:00:00-04:00,18996.3
2022-10-21T23:00:00-04:00,18209.11
2022-10-22T00:00:00-04:00,17480.39
2022-10-22T04:00:00-04:00,16880.14
2022-10-22T06:00:00-04:00,17411.68
2022-10-22T11:00:00-04:00,19097.15
2022-10-22T19:00:00-04:00,18652.75
2022-10-22T22:00:00-04:00,17188.78
2022-10-22T23:00:00-04:00,16614.98
2022-10-23T09:00:00-04:00,18558.57
2022-10-23T12:00:00-04:00,18396.6
2022-10-23T14:00:00-04:00,17635.73
2022-10-23T16:00:00-04:00,17169.04
2022-10-23T18:00:00-04:00,18708.57
2022-10-23T19:00:00-04:00,19469.6
2022-10-23T20:00:00-04:00,18963.8
2022-10-23T22:00:00-04:00,17283.54
2022-10-24T02:00:00-04:00,15203.51
2022-10-24T04:00:00-04:00,15287.72
2022-10-24T06:00:00-04:00,16591.59
2022-10-24T09:00:00-04:00,19958.12
2022-10-24T14:00:00-04:00,18597.17
2022-10-24T16:00:00-04:00,18297.92
2022-10-24T17:00:00-04:00,18778.98
2022-10-24T18:00:00-04:00,19724.55
2022-10-24T20:00:00-04:00,19682.27
2022-10-24T22:00:00-04:00,17897.14
2022-10-25T01:00:00-04:00,15484.93
2022-10-25T04:00:00-04:00,15018.1
2022-10-25T08:00:00-04:00,18784.6
2022-10-25T13:00:00-04:00,18740.33
2022-10-25T14:00:00-04:00,18371.32
2022-10-25T15:00:00-04:00,18008.61
2022-10-25T16:00:00-04:00,18148.6
2022-10-25T17:00:00-04:00,18642.64
2022-10-25T18:00:00-04:00,19417.26
2022-10-25T19:00:00-04:00,19864.42
2022-10-25T21:00:00-04:00,18760.95
2022-10-25T23:00:00-04:00,16870.02
2022-10-26T09:00:00-04:00,18534.02
2022-10-26T12:00:00-04:00,18546.06
2022-10-26T13:00:00-04:00,18487.84
2022-10-26T19:00:00-04:00,19705.06
2022-10-26T20:00:00-04:00,19320.43
2022-10-27T07:00:00-04:00,17365.07
2022-10-27T09:00:00-04:00,18949.45
2022-10-27T10:00:00-04:00,18829.26
2022-10-27T11:00:00-04:00,18761.76
2022-10-27T12:00:00-04:00,18671.84
2022-10-27T15:00:00-04:00,18251.0
2022-10-27T16:00:00-04:00,18447.27
2022-10-27T18:00:00-04:00,19834.98
2022-10-27T22:00:00-04:00,19735.65
2022-10-28T00:00:00-04:00,18021.67
2022-10-28T01:00:00-04:00,17684.68
2022-10-28T04:00:00-04:00,18103.84
2022-10-28T08:00:00-04:00,23093.32
2022-10-28T15:00:00-04:00,19387.82
2022-10-28T16:00:00-04:00,19376.1
2022-10-28T17:00:00-04:00,19849.56
2022-10-29T04:00:00-04:00,18725.94
2022-10-29T05:00:00-04:00,18944.96
2022-10-29T07:00:00-04:00,20554.97
2022-10-29T08:00:00-04:00,21509.71
2022-10-29T11:00:00-04:00,20701.21
2022-10-29T12:00:00-04:00,20132.44
2022-10-30T00:00:00-04:00,17516.89
2022-10-30T05:00:00-04:00,17563.22
2022-10-30T10:00:00-04:00,19918.98
2022-10-30T15:00:00-04:00,17730.53
2022-10-30T16:00:00-04:00,17677.53
2022-10-30T17:00:00-04:00,18249.96
2022-10-30T19:00:00-04:00,20216.97
2022-10-30T20:00:00-04:00,19753.08
2022-10-30T21:00:00-04:00,19124.29
2022-10-30T22:00:00-04:00,18491.45
2022-10-31T01:00:00-04:00,16838.31
2022-10-31T02:00:00-04:00,16631.13
2022-10-31T05:00:00-04:00,17401.48
2022-10-31T06:00:00-04:00,18541.46
2022-10-31T08:00:00-04:00,21790.54
2022-10-31T10:00:00-04:00,21179.47
2022-10-31T11:00:00-04:00,20576.49
2022-10-31T14:00:00-04:00,19364.96
2022-10-31T15:00:00-04:00,19109.14
2022-10-31T17:00:00-04:00,20007.32
2022-10-31T18:00:00-04:00,20497.37
2022-10-31T19:00:00-04:00,20426.02
2022-10-31T22:00:00-04:00,19141.86
2022-10-31T23:00:00-04:00,18286.45
2022-11-01T02:00:00-04:00,16576.09
2022-11-01T04:00:00-04:00,16269.25
2022-11-01T06:00:00-04:00,17446.42
2022-11-01T07:00:00-04:00,19062.47
2022-11-01T10:00:00-04:00,20198.08
2022-11-01T12:00:00-04:00,20016.98
2022-11-01T15:00:00-04:00,18936.94
2022-11-01T20:00:00-04:00,20283.85
2022-11-01T22:00:00-04:00,18761.32
2022-11-02T02:00:00-04:00,16334.36
2022-11-02T03:00:00-04:00,16280.45
2022-11-02T04:00:00-04:00,16434.08
2022-11-02T06:00:00-04:00,17842.79
2022-11-02T10:00:00-04:00,20203.98
2022-11-02T13:00:00-04:00,18700.2
2022-11-02T19:00:00-04:00,20782.31
2022-11-02T22:00:00-04:00,19497.15
2022-11-03T05:00:00-04:00,18449.5
2022-11-03T06:00:00-04:00,19386.54
2022-11-03T07:00:00-04:00,21359.38
2022-11-03T11:00:00-04:00,20724.8
2022-11-03T15:00:00-04:00,18607.85
2022-11-04T00:00:00-04:00,17132.14
2022-11-04T01:00:00-04:00,16679.58
2022-11-04T03:00:00-04:00,16410.53
2022-11-04T06:00:00-04:00,17732.25
2022-11-04T11:00:00-04:00,19430.5
2022-11-04T17:00:00-04:00,18205.68
2022-11-04T22:00:00-04:00,17507.37
2022-11-05T00:00:00-04:00,16192.8
2022-11-05T02:00:00-04:00,15342.29
2022-11-05T03:00:00-04:00,15255.24
2022-11-05T05:00:00-04:00,15312.53
2022-11-05T07:00:00-04:00,16317.68
2022-11-05T08:00:00-04:00,17022.82
2022-11-05T12:00:00-04:00,18068.91
2022-11-05T14:00:00-04:00,17449.61
2022-11-05T17:00:00-04:00,17388.91
2022-11-05T21:00:00-04:00,16985.11
2022-11-06T03:00:00-05:00,14186.97
2022-11-06T08:00:00-05:00,15896.62
2022-11-06T09:00:00-05:00,16856.38
2022-11-06T18:00:00-05:00,19192.93
2022-11-06T22:00:00-05:00,16352.0
2022-11-07T04:00:00-05:00,14513.39
2022-11-07T07:00:00-05:00,17413.59
2022-11-07T11:00:00-05:00,18519.32
2022-11-07T14:00:00-05:00,18437.44
2022-11-07T18:00:00-05:00,21016.79
2022-11-07T19:00:00-05:00,20899.21
2022-11-07T20:00:00-05:00,20218.64
2022-11-07T21:00:00-05:00,19622.99
2022-11-08T02:00:00-05:00,17041.23
2022-11-08T03:00:00-05:00,17138.54
2022-11-08T08:00:00-05:00,22218.66
2022-11-08T15:00:00-05:00,19691.45
2022-11-08T16:00:00-05:00,20146.79
2022-11-08T17:00:00-05:00,21733.81
2022-11-08T20:00:00-05:00,22773.56
2022-11-08T21:00:00-05:00,22278.95
2022-11-09T04:00:00-05:00,20089.55
2022-11-09T06:00:00-05:00,22052.97
2022-11-09T08:00:00-05:00,24691.12
2022-11-09T13:00:00-05:00,20909.71
2022-11-09T14:00:00-05:00,20839.36
2022-11-09T15:00:00-05:00,20980.33
2022-11-09T16:00:00-05:00,21649.15
2022-11-09T19:00:00-05:00,22953.89
2022-11-09T20:00:00-05:00,22385.89
2022-11-09T21:00:00-05:00,21688.99
2022-11-10T00:00:00-05:00,18865.74
2022-11-10T05:00:00-05:00,18278.6
2022-11-10T12:00:00-05:00,20820.87
2022-11-10T16:00:00-05:00,20360.17
2022-11-10T17:00:00-05:00,21218.92
2022-11-10T21:00:00-05:00,20088.68
2022-11-10T22:00:00-05:00,19254.33
2022-11-11T04:00:00-05:00,16883.72
2022-11-11T11:00:00-05:00,20478.23
2022-11-11T13:00:00-05:00,20029.66
2022-11-11T16:00:00-05:00,19945.27
2022-11-11T22:00:00-05:00,19212.38
2022-11-11T23:00:00-05:00,18366.24
2022-11-12T00:00:00-05:00,17459.24
2022-11-12T02:00:00-05:00,16864.59
2022-11-12T04:00:00-05:00,16745.03
2022-11-12T06:00:00-05:00,17183.99
2022-11-12T09:00:00-05:00,19482.01
2022-11-12T14:00:00-05:00,19973.83
2022-11-12T15:00:00-05:00,19816.48
2022-11-12T18:00:00-05:00,21550.52
2022-11-12T19:00:00-05:00,21204.79
2022-11-12T21:00:00-05:00,20244.36
2022-11-12T23:00:00-05:00,19291.19
2022-11-13T00:00:00-05:00,18769.76
2022-11-13T01:00:00-05:00,18494.17
2022-11-13T05:00:00-05:00,18603.22
2022-11-13T07:00:00-05:00,19751.91
2022-11-13T10:00:00-05:00,21901.64
2022-11-13T17:00:00-05:00,24207.91
2022-11-13T18:00:00-05:00,24986.59
2022-11-13T19:00:00-05:00,24798.24
2022-11-13T23:00:00-05:00,22295.41
2022-11-14T00:00:00-05:00,21589.88
2022-11-14T04:00:00-05:00,21717.52
2022-11-14T13:00:00-05:00,24282.01
2022-11-14T16:00:00-05:00,25030.37
2022-11-15T00:00:00-05:00,22437.94
2022-11-15T03:00:00-05:00,22072.76
2022-11-15T04:00:00-05:00,22196.55
2022-11-15T05:00:00-05:00,22778.67
2022-11-15T11:00:00-05:00,23951.56
2022-11-15T14:00:00-05:00,23974.34
2022-11-15T15:00:00-05:00,24164.29
2022-11-15T18:00:00-05:00,27174.53
2022-11-15T19:00:00-05:00,26896.06
2022-11-15T20:00:00-05:00,26380.63
2022-11-16T02:00:00-05:00,22235.34
2022-11-16T04:00:00-05:00,22456.91
2022-11-16T06:00:00-05:00,23969.67
2022-11-16T07:00:00-05:00,26039.13
2022-11-16T09:00:00-05:00,27115.44
2022-11-16T10:00:00-05:00,27002.89
2022-11-16T13:00:00-05:00,26405.5
2022-11-16T21:00:00-05:00,26616.76
2022-11-16T22:00:00-05:00,25552.09
2022-11-17T01:00:00-05:00,23294.75
2022-11-17T02:00:00-05:00,23150.84
2022-11-17T07:00:00-05:00,26028.87
2022-11-17T14:00:00-05:00,25271.34
2022-11-17T23:00:00-05:00,25639.81
2022-11-18T00:00:00-05:00,24801.75
2022-11-18T11:00:00-05:00,27858.79
2022-11-18T14:00:00-05:00,26747.42
2022-11-18T16:00:00-05:00,27322.18
2022-11-18T18:00:00-05:00,29120.86
2022-11-18T19:00:00-05:00,28554.27
2022-11-18T22:00:00-05:00,26739.71
2022-11-19T00:00:00-05:00,24954.8
2022-11-19T01:00:00-05:00,24526.19
2022-11-19T02:00:00-05:00,24275.9
2022-11-19T03:00:00-05:00,24383.89
2022-11-19T07:00:00-05:00,26114.37
2022-11-19T12:00:00-05:00,25766.08
2022-11-19T14:00:00-05:00,25070.39
2022-11-19T15:00:00-05:00,25017.4
2022-11-19T16:00:00-05:00,25696.19
2022-11-19T21:00:00-05:00,25495.74
2022-11-19T23:00:00-05:00,24365.11
2022-11-20T02:00:00-05:00,23176.66
2022-11-20T04:00:00-05:00,23177.04
2022-11-20T09:00:00-05:00,26125.17
2022-11-20T13:00:00-05:00,25163.01
2022-11-20T18:00:00-05:00,29380.82
2022-11-20T21:00:00-05:00,28437.58
2022-11-20T23:00:00-05:00,26787.85
2022-11-21T05:00:00-05:00,27490.35
2022-11-21T06:00:00-05:00,28655.91
2022-11-21T08:00:00-05:00,31639.88
2022-11-21T14:00:00-05:00,28579.6
2022-11-21T17:00:00-05:00,30261.12
2022-11-22T01:00:00-05:00,24014.0
2022-11-22T06:00:00-05:00,26222.5
2022-11-22T10:00:00-05:00,26453.98
2022-11-22T16:00:00-05:00,26141.23
2022-11-22T17:00:00-05:00,27619.26
2022-11-22T20:00:00-05:00,27719.02
2022-11-23T02:00:00-05:00,23393.6
2022-11-23T05:00:00-05:00,24069.37
2022-11-23T06:00:00-05:00,25077.99
2022-11-23T14:00:00-05:00,24153.06
2022-11-23T16:00:00-05:00,24966.95
2022-11-23T17:00:00-05:00,26872.97
2022-11-23T18:00:00-05:00,27861.05
2022-11-23T19:00:00-05:00,27628.75
2022-11-23T21:00:00-05:00,26763.67
2022-11-24T00:00:00-05:00,24217.24
2022-11-24T04:00:00-05:00,24406.67
2022-11-24T09:00:00-05:00,28498.94
2022-11-24T11:00:00-05:00,26668.46
2022-11-24T12:00:00-05:00,26381.11
2022-11-24T17:00:00-05:00,27598.08
2022-11-24T20:00:00-05:00,27561.75
2022-11-24T22:00:00-05:00,26023.81
2022-11-25T04:00:00-05:00,23549.65
2022-11-25T05:00:00-05:00,23875.35
2022-11-25T12:00:00-05:00,26981.31
2022-11-25T18:00:00-05:00,27207.57
2022-11-25T22:00:00-05:00,24470.79
2022-11-26T01:00:00-05:00,22145.25
2022-11-26T02:00:00-05:00,21759.37
2022-11-26T05:00:00-05:00,22030.98
2022-11-26T06:00:00-05:00,22618.95
2022-11-26T07:00:00-05:00,23326.65
2022-11-26T10:00:00-05:00,24211.85
2022-11-26T13:00:00-05:00,22538.13
2022-11-26T14:00:00-05:00,21990.07
2022-11-26T22:00:00-05:00,22308.89
2022-11-26T23:00:00-05:00,21759.69
2022-11-27T00:00:00-05:00,21203.59
2022-11-27T17:00:00-05:00,23823.05
2022-11-27T19:00:00-05:00,24195.38
2022-11-27T21:00:00-05:00,22981.44
2022-11-27T22:00:00-05:00,22350.42
2022-11-27T23:00:00-05:00,21487.71
2022-11-28T00:00:00-05:00,20779.88
2022-11-28T01:00:00-05:00,20527.34
2022-11-28T02:00:00-05:00,20309.36
2022-11-28T04:00:00-05:00,20626.02
2022-11-28T11:00:00-05:00,24123.41
2022-11-28T13:00:00-05:00,23637.33
2022-11-28T16:00:00-05:00,24760.91
2022-11-28T19:00:00-05:00,26983.1
2022-11-29T04:00:00-05:00,23112.13
2022-11-29T10:00:00-05:00,27291.15
2022-11-29T11:00:00-05:00,26921.43
2022-11-29T13:00:00-05:00,26357.28
2022-11-29T14:00:00-05:00,26289.68
2022-11-29T16:00:00-05:00,26710.43
2022-11-29T22:00:00-05:00,25936.68
2022-11-29T23:00:00-05:00,24643.39
2022-11-30T01:00:00-05:00,23383.67
2022-11-30T03:00:00-05:00,23083.3
2022-11-30T05:00:00-05:00,23643.85
2022-11-30T06:00:00-05:00,24584.73
2022-11-30T09:00:00-05:00,27247.02
2022-11-30T12:00:00-05:00,26786.36
2022-11-30T15:00:00-05:00,26306.61
2022-11-30T16:00:00-05:00,26463.34
2022-12-01T01:00:00-05:00,22279.81
2022-12-01T03:00:00-05:00,22248.65
2022-12-01T06:00:00-05:00,24330.92
2022-12-01T08:00:00-05:00,27459.94
2022-12-01T12:00:00-05:00,25505.43
2022-12-01T15:00:00-05:00,25685.21
2022-12-01T16:00:00-05:00,26585.73
2022-12-01T18:00:00-05:00,28413.43
2022-12-01T19:00:00-05:00,28109.03
2022-12-01T21:00:00-05:00,27094.89
2022-12-02T00:00:00-05:00,24470.78
2022-12-02T02:00:00-05:00,23991.27
2022-12-02T05:00:00-05:00,24911.45
2022-12-02T07:00:00-05:00,27843.41
2022-12-02T09:00:00-05:00,28430.0
2022-12-02T11:00:00-05:00,26254.21
2022-12-02T13:00:00-05:00,25549.66
2022-12-02T14:00:00-05:00,25259.08
2022-12-02T15:00:00-05:00,25355.47
2022-12-02T16:00:00-05:00,25625.85
2022-12-02T17:00:00-05:00,26667.93
2022-12-02T22:00:00-05:00,24434.26
2022-12-03T00:00:00-05:00,22617.37
2022-12-03T03:00:00-05:00,21721.99
2022-12-03T07:00:00-05:00,22983.2
2022-12-03T10:00:00-05:00,25150.2
2022-12-03T14:00:00-05:00,25230.49
2022-12-03T18:00:00-05:00,25122.34
2022-12-04T06:00:00-05:00,23756.04
2022-12-04T07:00:00-05:00,24854.32
2022-12-04T08:00:00-05:00,25712.3
2022-12-04T09:00:00-05:00,25917.0
2022-12-04T13:00:00-05:00,25097.72
2022-12-04T14:00:00-05:00,25322.4
2022-12-04T19:00:00-05:00,28134.61
2022-12-04T21:00:00-05:00,26790.12
2022-12-04T23:00:00-05:00,24676.87
2022-12-05T00:00:00-05:00,23823.82
2022-12-05T01:00:00-05:00,23498.71
2022-12-05T10:00:00-05:00,26454.21
2022-12-05T17:00:00-05:00,26247.63
2022-12-05T22:00:00-05:00,24404.82
2022-12-06T00:00:00-05:00,22365.83
2022-12-06T02:00:00-05:00,21605.51
2022-12-06T05:00:00-05:00,22145.08
2022-12-06T06:00:00-05:00,23104.98
2022-12-06T07:00:00-05:00,24738.61
2022-12-06T16:00:00-05:00,25011.06
2022-12-06T20:00:00-05:00,25426.44
2022-12-06T21:00:00-05:00,24663.13
2022-12-07T03:00:00-05:00,20295.97
2022-12-07T06:00:00-05:00,21430.86
2022-12-07T08:00:00-05:00,24220.66
2022-12-07T09:00:00-05:00,24260.23
2022-12-07T10:00:00-05:00,23966.36
2022-12-07T19:00:00-05:00,24640.4
2022-12-07T23:00:00-05:00,21878.28
2022-12-08T04:00:00-05:00,20382.08
2022-12-08T12:00:00-05:00,23268.0
2022-12-08T14:00:00-05:00,22588.08
2022-12-08T18:00:00-05:00,26257.11
2022-12-08T19:00:00-05:00,26352.9
2022-12-08T20:00:00-05:00,26247.5
2022-12-08T23:00:00-05:00,24613.88
2022-12-09T03:00:00-05:00,23684.09
2022-12-09T04:00:00-05:00,24234.24
2022-12-09T05:00:00-05:00,24868.54
2022-12-09T06:00:00-05:00,26197.5
2022-12-09T07:00:00-05:00,28226.25
2022-12-09T09:00:00-05:00,29035.94
2022-12-09T13:00:00-05:00,25704.95
2022-12-09T15:00:00-05:00,25420.26
2022-12-09T19:00:00-05:00,29115.89
2022-12-10T01:00:00-05:00,26948.28
2022-12-10T03:00:00-05:00,27285.38
2022-12-10T05:00:00-05:00,28283.73
2022-12-10T06:00:00-05:00,29172.04
2022-12-10T20:00:00-05:00,30439.43
2022-12-10T22:00:00-05:00,29412.41
2022-12-11T01:00:00-05:00,28016.8
2022-12-11T03:00:00-05:00,27925.27
2022-12-11T06:00:00-05:00,28827.94
2022-12-11T08:00:00-05:00,30349.6
2022-12-11T14:00:00-05:00,30019.51
2022-12-11T21:00:00-05:00,30008.04
2022-12-11T22:00:00-05:00,29311.87
2022-12-12T07:00:00-05:00,32214.89
2022-12-12T13:00:00-05:00,28443.12
2022-12-12T16:00:00-05:00,28854.62
2022-12-12T17:00:00-05:00,31071.5
2022-12-12T18:00:00-05:00,31965.75
2022-12-12T23:00:00-05:00,28824.87
2022-12-13T00:00:00-05:00,28067.9
2022-12-13T06:00:00-05:00,30007.04
2022-12-13T07:00:00-05:00,31914.24
2022-12-13T09:00:00-05:00,32215.98
2022-12-13T12:00:00-05:00,28699.71
2022-12-13T13:00:00-05:00,27894.79
2022-12-13T14:00:00-05:00,27272.29
2022-12-13T16:00:00-05:00,28305.67
2022-12-13T17:00:00-05:00,29995.32
2022-12-13T18:00:00-05:00,30861.8
2022-12-13T20:00:00-05:00,30319.22
2022-12-14T04:00:00-05:00,27500.79
2022-12-14T05:00:00-05:00,28053.89
2022-12-14T06:00:00-05:00,29105.08
2022-12-14T09:00:00-05:00,31507.2
2022-12-14T13:00:00-05:00,27468.71
2022-12-14T16:00:00-05:00,27564.18
2022-12-14T17:00:00-05:00,28876.64
2022-12-14T19:00:00-05:00,28879.81
2022-12-14T20:00:00-05:00,28375.97
2022-12-14T23:00:00-05:00,25256.94
2022-12-15T02:00:00-05:00,23139.94
2022-12-15T05:00:00-05:00,23688.69
2022-12-15T09:00:00-05:00,27215.73
2022-12-15T18:00:00-05:00,27566.56
2022-12-15T23:00:00-05:00,24474.92
2022-12-16T05:00:00-05:00,23407.78
2022-12-16T06:00:00-05:00,24495.31
2022-12-16T11:00:00-05:00,27793.38
2022-12-16T17:00:00-05:00,28174.57
2022-12-16T21:00:00-05:00,26674.54
2022-12-16T22:00:00-05:00,25904.51
2022-12-17T00:00:00-05:00,24165.36
2022-12-17T01:00:00-05:00,23850.57
2022-12-17T12:00:00-05:00,26894.13
2022-12-17T18:00:00-05:00,27981.63
2022-12-17T23:00:00-05:00,24902.48
2022-12-18T01:00:00-05:00,23665.49
2022-12-18T03:00:00-05:00,23237.4
2022-12-18T04:00:00-05:00,23329.3
2022-12-18T05:00:00-05:00,23681.74
2022-12-18T07:00:00-05:00,25180.62
2022-12-18T08:00:00-05:00,25914.4
2022-12-18T11:00:00-05:00,26368.77
2022-12-18T13:00:00-05:00,25299.66
2022-12-18T14:00:00-05:00,25092.53
2022-12-18T15:00:00-05:00,25363.19
2022-12-18T22:00:00-05:00,26426.25
2022-12-19T07:00:00-05:00,27584.32
2022-12-19T12:00:00-05:00,27084.75
2022-12-19T16:00:00-05:00,26967.7
2022-12-19T17:00:00-05:00,28472.12
2022-12-19T22:00:00-05:00,26956.46
2022-12-19T23:00:00-05:00,26072.59
2022-12-20T00:00:00-05:00,25140.41
2022-12-20T05:00:00-05:00,24963.39
2022-12-20T08:00:00-05:00,29139.89
2022-12-20T13:00:00-05:00,26663.73
2022-12-20T18:00:00-05:00,29743.46
2022-12-20T20:00:00-05:00,29226.94
2022-12-20T22:00:00-05:00,27799.39
2022-12-21T00:00:00-05:00,25944.63
2022-12-21T01:00:00-05:00,25522.53
2022-12-21T05:00:00-05:00,25832.35
2022-12-21T12:00:00-05:00,27744.7
2022-12-21T13:00:00-05:00,27674.06
2022-12-21T15:00:00-05:00,27672.02
2022-12-21T17:00:00-05:00,29345.61
2022-12-21T18:00:00-05:00,29795.44
2022-12-22T03:00:00-05:00,26329.17
2022-12-22T06:00:00-05:00,28542.8
2022-12-22T10:00:00-05:00,30708.41
2022-12-22T17:00:00-05:00,30853.98
2022-12-22T22:00:00-05:00,28740.12
2022-12-23T01:00:00-05:00,25954.54
2022-12-23T06:00:00-05:00,25960.26
2022-12-23T13:00:00-05:00,26857.46
2022-12-23T15:00:00-05:00,25610.77
2022-12-23T20:00:00-05:00,27114.88
2022-12-24T04:00:00-05:00,24955.39
2022-12-24T08:00:00-05:00,27673.02
2022-12-24T11:00:00-05:00,29238.93
2022-12-24T12:00:00-05:00,29724.47
2022-12-24T13:00:00-05:00,29768.77
2022-12-24T17:00:00-05:00,31352.78
2022-12-24T18:00:00-05:00,31193.44
2022-12-24T20:00:00-05:00,30087.37
2022-12-24T21:00:00-05:00,29425.07
2022-12-24T23:00:00-05:00,28465.94
2022-12-25T04:00:00-05:00,27432.49
2022-12-25T05:00:00-05:00,27555.47
2022-12-25T07:00:00-05:00,28445.79
2022-12-25T09:00:00-05:00,29370.07
2022-12-25T11:00:00-05:00,29517.37
2022-12-25T13:00:00-05:00,29049.7
2022-12-25T17:00:00-05:00,29457.41
2022-12-25T18:00:00-05:00,29414.92
2022-12-26T02:00:00-05:00,26154.11
2022-12-26T03:00:00-05:00,26287.28
2022-12-26T05:00:00-05:00,26923.09
2022-12-26T07:00:00-05:00,28250.73
2022-12-26T08:00:00-05:00,28802.85
2022-12-26T13:00:00-05:00,28689.61
2022-12-26T14:00:00-05:00,28483.74
2022-12-26T22:00:00-05:00,27910.5
2022-12-27T00:00:00-05:00,26526.99
2022-12-27T01:00:00-05:00,26127.44
2022-12-27T08:00:00-05:00,28578.17
2022-12-27T10:00:00-05:00,29774.76
2022-12-27T11:00:00-05:00,29189.06
2022-12-27T12:00:00-05:00,28764.22
2022-12-27T13:00:00-05:00,28024.39
2022-12-27T17:00:00-05:00,30490.69
2022-12-27T22:00:00-05:00,28932.77
2022-12-27T23:00:00-05:00,27987.84
2022-12-28T01:00:00-05:00,26784.03
2022-12-28T03:00:00-05:00,26513.43
2022-12-28T04:00:00-05:00,26457.59
2022-12-28T09:00:00-05:00,29186.18
2022-12-28T12:00:00-05:00,29098.54
2022-12-28T15:00:00-05:00,28157.68
2022-12-28T16:00:00-05:00,28420.87
2022-12-28T18:00:00-05:00,29379.2
2022-12-28T20:00:00-05:00,28230.58
2022-12-28T21:00:00-05:00,27469.66
2022-12-29T00:00:00-05:00,24826.52
2022-12-29T01:00:00-05:00,24308.67
2022-12-29T02:00:00-05:00,24098.08
2022-12-29T03:00:00-05:00,24066.23
2022-12-29T04:00:00-05:00,24163.65
2022-12-29T05:00:00-05:00,24430.15
2022-12-29T08:00:00-05:00,26821.78
2022-12-29T11:00:00-05:00,27002.46
2022-12-29T12:00:00-05:00,26543.98
2022-12-29T15:00:00-05:00,24667.32
2022-12-29T18:00:00-05:00,27073.76
2022-12-29T19:00:00-05:00,26553.09
2022-12-29T21:00:00-05:00,25016.49
2022-12-29T22:00:00-05:00,24113.85
2022-12-30T00:00:00-05:00,22226.19
2022-12-30T02:00:00-05:00,21523.9
2022-12-30T04:00:00-05:00,21446.63
2022-12-30T08:00:00-05:00,23456.06
2022-12-30T10:00:00-05:00,24397.36
2022-12-30T14:00:00-05:00,24266.79
2022-12-30T18:00:00-05:00,24900.88
2022-12-30T21:00:00-05:00,22921.33
2022-12-30T23:00:00-05:00,21418.83
2022-12-31T01:00:00-05:00,20016.88
2022-12-31T03:00:00-05:00,19523.56
2022-12-31T04:00:00-05:00,19421.0
2022-12-31T08:00:00-05:00,20919.31
2022-12-31T12:00:00-05:00,23181.27
2022-12-31T13:00:00-05:00,23161.91
2022-12-31T21:00:00-05:00,22004.14
2022-12-31T22:00:00-05:00,21469.17
2022-12-31T23:00:00-05:00,21021.14
